CREATE DATABASE  IF NOT EXISTS `steam_games_data` /*!40100 DEFAULT CHARACTER SET utf8mb4 COLLATE utf8mb4_0900_ai_ci */ /*!80016 DEFAULT ENCRYPTION='N' */;
USE `steam_games_data`;

/*!40101 SET @OLD_CHARACTER_SET_CLIENT=@@CHARACTER_SET_CLIENT */;
/*!40101 SET @OLD_CHARACTER_SET_RESULTS=@@CHARACTER_SET_RESULTS */;
/*!40101 SET @OLD_COLLATION_CONNECTION=@@COLLATION_CONNECTION */;
/*!50503 SET NAMES utf8 */;
/*!40103 SET @OLD_TIME_ZONE=@@TIME_ZONE */;
/*!40103 SET TIME_ZONE='+00:00' */;
/*!40014 SET @OLD_UNIQUE_CHECKS=@@UNIQUE_CHECKS, UNIQUE_CHECKS=0 */;
/*!40014 SET @OLD_FOREIGN_KEY_CHECKS=@@FOREIGN_KEY_CHECKS, FOREIGN_KEY_CHECKS=0 */;
/*!40101 SET @OLD_SQL_MODE=@@SQL_MODE, SQL_MODE='NO_AUTO_VALUE_ON_ZERO' */;
/*!40111 SET @OLD_SQL_NOTES=@@SQL_NOTES, SQL_NOTES=0 */;

--
-- Table structure for table `developer_and_games`
--

DROP TABLE IF EXISTS `developer_and_games`;
/*!40101 SET @saved_cs_client     = @@character_set_client */;
/*!50503 SET character_set_client = utf8mb4 */;
CREATE TABLE `developer_and_games` (
  `GameID` int NOT NULL,
  `Developer_ID` int NOT NULL,
  PRIMARY KEY (`GameID`,`Developer_ID`)
) ENGINE=InnoDB DEFAULT CHARSET=utf8mb4 COLLATE=utf8mb4_0900_ai_ci;
/*!40101 SET character_set_client = @saved_cs_client */;

--
-- Dumping data for table `developer_and_games`
--

LOCK TABLES `developer_and_games` WRITE;
/*!40000 ALTER TABLE `developer_and_games` DISABLE KEYS */;
INSERT INTO `developer_and_games` VALUES (10,727),(220,727),(240,727),(440,727),(500,727),(550,727),(570,727),(620,727),(730,726),(1840,727),(3590,517),(3900,12),(3910,12),(4000,223),(4700,580),(4760,573),(8500,123),(8800,12),(8930,16),(9420,616),(9450,570),(9900,287),(10500,580),(12210,550),(16900,405),(17390,587),(20900,124),(20920,124),(21690,119),(22330,99),(22370,99),(22380,97),(24010,185),(32470,256),(34030,578),(34330,580),(39210,613),(40970,230),(42700,32),(42960,474),(47810,208),(47890,195),(48700,644),(49520,15),(72850,99),(105450,766),(105600,544),(107410,111),(108600,666),(109600,287),(200210,164),(200510,17),(203160,619),(203770,474),(208650,739),(211820,128),(212500,622),(212680,640),(214950,573),(216150,443),(218230,162),(218620,624),(219740,367),(219990,141),(220200,524),(221040,119),(221100,111),(221380,755),(221680,714),(223750,781),(225540,618),(227300,564),(227940,689),(228200,570),(228280,86),(228380,680),(230410,179),(231430,579),(232090,697),(233450,477),(233860,383),(234140,618),(235460,368),(236390,268),(236850,473),(238960,300),(239140,662),(242760,213),(242920,583),(244210,24),(244450,261),(244850,359),(250900,445),(251060,217),(251570,665),(252490,223),(252530,40),(252950,527),(253710,222),(254700,119),(255710,478),(257350,86),(261550,644),(262060,541),(264710,722),(266840,756),(268500,18),(268850,219),(268910,635),(269210,468),(269950,374),(270880,564),(271590,551),(273110,444),(275850,305),(281990,474),(284160,87),(284950,487),(285900,114),(286160,93),(287450,757),(287700,369),(289070,16),(289650,715),(291480,424),(291550,717),(291650,97),(292030,124),(294100,384),(297000,720),(304050,282),(304390,711),(304930,593),(305620,307),(306130,95),(310950,119),(311210,37),(311260,673),(311690,173),(312660,537),(314160,763),(315210,739),(322170,548),(322330,367),(323190,4),(325610,573),(326460,357),(330020,3),(331470,602),(333420,302),(335240,64),(335300,83),(342200,232),(346110,637),(346900,323),(349040,75),(356190,748),(359320,254),(359550,713),(359870,613),(360430,14),(361420,642),(362890,147),(363150,201),(363890,168),(363970,491),(364360,577),(365360,464),(365670,108),(367520,646),(368260,12),(373420,377),(374320,253),(376210,41),(377160,99),(379430,737),(379720,98),(380600,235),(381210,92),(382310,630),(383120,209),(386180,267),(387990,68),(389430,454),(389730,76),(391220,621),(391540,690),(392110,575),(392160,193),(393380,458),(394360,474),(397540,11),(397900,29),(400040,582),(400750,181),(412220,163),(413150,140),(415200,571),(418370,120),(418460,698),(427410,496),(427520,751),(431240,657),(431730,327),(431960,734),(433340,418),(435150,377),(436150,69),(438040,489),(438100,732),(440900,264),(444200,736),(445220,115),(447020,290),(447040,715),(453480,157),(454650,72),(457140,367),(459820,558),(460930,709),(464920,476),(466170,585),(466240,750),(466560,584),(469600,65),(470220,718),(471710,539),(475150,678),(476600,33),(476620,33),(477160,154),(482400,523),(489520,94),(489830,99),(492720,354),(493340,255),(493520,1),(495420,752),(502500,76),(503940,355),(504230,396),(505460,586),(508440,375),(513710,274),(516750,49),(518790,221),(524220,609),(526870,137),(527230,155),(529340,474),(534380,662),(535930,565),(537180,422),(538030,315),(544550,549),(544730,723),(544810,5),(546560,727),(547710,555),(548430,136),(550650,724),(551170,439),(552100,385),(552500,227),(552520,712),(552990,736),(553540,116),(553850,506),(555160,728),(560130,97),(570940,252),(571740,483),(573090,288),(578080,373),(578650,97),(581320,242),(582010,120),(582160,713),(582660,482),(588430,99),(588650,420),(590380,640),(594570,580),(594650,148),(599140,546),(601150,120),(601510,369),(602960,160),(610080,370),(613100,260),(615530,602),(620980,89),(621060,668),(627690,133),(629520,380),(629730,746),(629760,701),(632360,285),(632470,777),(633230,71),(635260,121),(636480,628),(637090,475),(637650,613),(638970,568),(640820,404),(641990,650),(644930,456),(646570,400),(646910,716),(648800,67),(655500,485),(663090,331),(665300,696),(666140,481),(668580,247),(669330,471),(671860,581),(673950,409),(677620,2),(678950,59),(680420,614),(686810,659),(690790,132),(690830,514),(698670,361),(699130,556),(700330,452),(702320,273),(703080,254),(704450,86),(707010,45),(714010,626),(715400,529),(719040,339),(719890,562),(728880,654),(729040,10),(736590,187),(736820,681),(739630,363),(740130,76),(744900,142),(745920,320),(750920,620),(756800,511),(761890,561),(766570,236),(767560,488),(768200,402),(774171,304),(774801,449),(779340,580),(780290,60),(780310,220),(782330,98),(784080,232),(784150,19),(784950,182),(786520,634),(787860,290),(788100,661),(794260,522),(799600,735),(805550,24),(812140,708),(813230,101),(813780,764),(814000,79),(814370,653),(814380,36),(815370,144),(820520,700),(824270,669),(824550,78),(834910,299),(835960,175),(843380,416),(848450,722),(850190,138),(851850,75),(863550,340),(867210,134),(868270,773),(870780,22),(871980,80),(872410,201),(872790,566),(880940,538),(881020,157),(881100,451),(883710,120),(885970,572),(892970,135),(895400,70),(899770,210),(905370,425),(919640,217),(920210,744),(924970,743),(933110,754),(934700,167),(945360,337),(949230,478),(954850,526),(955900,278),(960090,447),(960170,438),(961200,459),(962130,97),(972660,685),(973230,349),(975370,364),(976310,745),(976730,767),(977400,139),(977950,28),(983870,479),(986130,233),(990080,742),(992070,705),(1007040,158),(1009560,258),(1009850,466),(1013140,684),(1013320,310),(1016120,8),(1016950,432),(1017900,765),(1022450,294),(1029690,537),(1029780,667),(1030840,9),(1040200,521),(1041320,328),(1044720,141),(1046930,727),(1049590,352),(1056640,568),(1057090,525),(1060230,389),(1061910,263),(1062090,398),(1062520,347),(1062810,296),(1063730,48),(1065310,243),(1066780,295),(1068820,153),(1069160,530),(1069660,272),(1080110,132),(1084160,257),(1084600,481),(1085660,117),(1086940,377),(1089090,73),(1091500,124),(1092790,174),(1096530,643),(1097150,780),(1100600,566),(1101120,510),(1102190,296),(1109680,406),(1113000,574),(1113120,356),(1118200,636),(1121640,631),(1124300,575),(1127400,56),(1127700,769),(1128810,594),(1128860,262),(1129580,692),(1134570,132),(1142710,572),(1144200,731),(1145350,641),(1145360,641),(1147560,437),(1147690,20),(1149460,549),(1150440,240),(1150690,461),(1151340,99),(1151640,504),(1158160,319),(1158310,474),(1159420,509),(1159690,324),(1161580,244),(1161590,546),(1162520,596),(1164940,648),(1167630,702),(1170950,623),(1171690,180),(1172380,196),(1172470,196),(1172620,759),(1173510,770),(1174180,552),(1176470,312),(1177980,184),(1179580,105),(1180380,414),(1182900,246),(1184140,442),(1184370,404),(1190000,508),(1190970,259),(1194810,92),(1196590,120),(1197260,229),(1201240,366),(1202130,590),(1203220,440),(1203620,358),(1205520,97),(1206560,397),(1206610,238),(1211020,553),(1211600,334),(1213210,198),(1214470,239),(1214650,672),(1216060,436),(1217060,192),(1222140,528),(1222670,200),(1222680,203),(1222690,208),(1225330,7),(1229240,165),(1230170,510),(1235140,569),(1237320,567),(1237950,206),(1237970,196),(1238810,206),(1238840,206),(1238860,206),(1240440,768),(1244090,557),(1244460,254),(1245560,151),(1245620,251),(1248130,290),(1250410,246),(1253920,125),(1254120,725),(1254320,469),(1255630,7),(1258080,350),(1259420,505),(1259970,369),(1260320,601),(1263850,566),(1266540,412),(1266700,682),(1267910,346),(1268590,480),(1268750,458),(1272080,166),(1273400,63),(1274570,629),(1276760,74),(1279610,6),(1282100,286),(1282150,674),(1282410,298),(1283230,660),(1283400,428),(1283970,186),(1284190,407),(1284210,435),(1284410,124),(1286320,120),(1286580,655),(1286680,11),(1286830,208),(1288320,677),(1290000,617),(1293830,760),(1294660,308),(1294810,100),(1295510,613),(1295920,189),(1296610,542),(1300920,403),(1304930,540),(1307550,513),(1310410,675),(1313140,171),(1313860,205),(1316680,434),(1321440,532),(1324130,257),(1324340,603),(1325200,201),(1325860,169),(1326470,213),(1328670,208),(1329500,687),(1329880,693),(1331550,318),(1332010,54),(1335200,335),(1336490,316),(1337520,285),(1337760,518),(1338770,129),(1343240,652),(1343370,345),(1343400,345),(1350650,462),(1351080,183),(1351240,429),(1353230,647),(1353300,467),(1361210,227),(1363080,311),(1364020,588),(1364210,39),(1364390,309),(1364780,120),(1366540,275),(1366800,126),(1371980,525),(1372110,75),(1372880,427),(1377580,382),(1380910,470),(1384160,59),(1397920,494),(1399080,610),(1401590,273),(1404210,552),(1407200,736),(1408610,221),(1411910,441),(1418630,178),(1422130,507),(1426050,283),(1426210,202),(1433140,303),(1435790,486),(1436700,679),(1446780,120),(1448440,201),(1451090,613),(1451190,627),(1451810,7),(1453850,432),(1454400,492),(1455840,694),(1457080,547),(1457320,228),(1458140,360),(1462040,613),(1465360,241),(1465460,281),(1465470,149),(1466060,66),(1466860,758),(1468260,321),(1469610,683),(1473480,438),(1476970,378),(1477070,277),(1483870,38),(1488200,249),(1494420,112),(1496790,738),(1501610,326),(1501750,130),(1506830,204),(1509510,293),(1515210,554),(1517290,206),(1519090,431),(1519350,194),(1526490,776),(1527950,584),(1533420,55),(1536090,248),(1544020,372),(1545560,410),(1546320,560),(1546970,552),(1547000,552),(1548850,730),(1551360,760),(1553000,433),(1556100,329),(1556790,107),(1562430,658),(1566200,455),(1566690,381),(1567020,13),(1569040,566),(1575940,625),(1577120,13),(1580520,457),(1581770,676),(1583230,606),(1583320,589),(1584940,343),(1589120,150),(1592190,632),(1592280,46),(1593030,172),(1593500,498),(1594320,387),(1599340,47),(1599600,775),(1601740,401),(1604030,639),(1608070,608),(1612770,656),(1614550,663),(1621690,231),(1623730,513),(1627720,438),(1634860,600),(1637320,534),(1641960,226),(1643310,353),(1644320,355),(1644960,7),(1649010,21),(1649080,565),(1649240,502),(1657630,418),(1658280,23),(1659040,340),(1659420,499),(1665190,90),(1669000,472),(1672500,81),(1676840,155),(1677110,50),(1677280,570),(1677740,365),(1680880,615),(1682060,276),(1683150,292),(1687950,574),(1692250,132),(1693980,199),(1696440,103),(1700870,313),(1701520,417),(1702010,691),(1702330,394),(1708520,254),(1708850,423),(1716740,99),(1718570,749),(1721470,413),(1726130,53),(1731070,688),(1735700,605),(1737100,448),(1739010,463),(1741400,85),(1746030,460),(1747760,490),(1754870,332),(1759380,546),(1766740,704),(1767560,432),(1774580,197),(1775490,645),(1776380,607),(1777390,145),(1777620,574),(1778820,76),(1782120,415),(1782570,143),(1785150,533),(1787090,426),(1789480,651),(1793250,390),(1794680,515),(1798010,120),(1798020,120),(1805480,569),(1809540,543),(1809700,574),(1810580,670),(1810820,574),(1811260,204),(1811990,127),(1812300,465),(1816300,613),(1817070,501),(1817190,501),(1817230,96),(1818750,740),(1823950,265),(1824220,699),(1830970,317),(1832640,446),(1839950,591),(1840080,244),(1843760,176),(1846380,207),(1847150,484),(1849250,132),(1850160,190),(1850510,611),(1850570,25),(1850740,545),(1857090,314),(1863670,224),(1866180,91),(1868140,411),(1868180,574),(1874490,772),(1875060,234),(1875830,574),(1876890,604),(1877020,82),(1879330,201),(1881420,118),(1888160,251),(1888930,500),(1893810,379),(1894430,266),(1895880,501),(1904540,566),(1919590,7),(1924490,57),(1928870,762),(1928980,336),(1929870,664),(1937500,481),(1938010,201),(1938090,34),(1940340,541),(1942280,110),(1942660,7),(1943950,225),(1944430,250),(1944790,185),(1948280,598),(1949190,43),(1954200,212),(1956040,531),(1964360,391),(1966720,778),(1966900,237),(1967430,120),(1967630,703),(1970580,348),(1971650,612),(1971870,741),(1985810,31),(1988550,599),(1995520,388),(1996430,297),(1999770,201),(2000950,35),(2005010,245),(2015270,367),(2020710,177),(2050650,120),(2052410,52),(2054970,120),(2056210,671),(2058180,569),(2060130,170),(2066020,271),(2067920,341),(2071280,430),(2072450,569),(2074800,597),(2076010,58),(2080690,729),(2085000,613),(2101080,84),(2103140,102),(2106670,325),(2108330,132),(2109370,256),(2111170,394),(2111190,215),(2113850,419),(2113920,131),(2114740,649),(2116120,280),(2126680,88),(2130460,201),(2134770,686),(2138710,592),(2140020,230),(2140330,194),(2142790,453),(2155180,214),(2157560,156),(2157680,191),(2161440,104),(2166060,188),(2186680,404),(2187220,120),(2190220,44),(2194530,113),(2195120,152),(2195250,204),(2198510,161),(2201710,216),(2201940,279),(2208920,713),(2212330,344),(2215430,497),(2221490,715),(2224640,721),(2230980,106),(2231380,710),(2231450,695),(2239150,301),(2239550,707),(2244130,122),(2252570,566),(2262080,520),(2262770,218),(2273430,30),(2277320,42),(2285150,559),(2287520,563),(2290180,719),(2291060,158),(2291680,393),(2311190,218),(2315690,7),(2319030,27),(2321210,771),(2321470,289),(2322440,595),(2322560,338),(2328310,159),(2331330,519),(2334730,536),(2336220,333),(2338770,7),(2344520,109),(2356560,120),(2358720,270),(2369390,706),(2375550,569),(2379390,713),(2379780,495),(2384620,463),(2399420,633),(2399830,638),(2400510,774),(2418520,409),(2420110,503),(2427700,512),(2429860,351),(2440510,753),(2445690,322),(2446550,62),(2455140,306),(2458860,392),(2461850,761),(2477340,241),(2478970,61),(2479810,386),(2487060,284),(2488620,132),(2490990,613),(2494350,432),(2497920,516),(2511500,330),(2552430,613),(2552450,613),(2567870,51),(2581700,408),(2582560,194),(2638370,399),(2653790,371),(2659900,493),(2670630,450),(2671970,747),(2695490,269),(2695940,779),(2739590,211),(2816950,535),(2835570,146),(2849080,342),(2857880,733),(2862610,421),(2864890,395),(2881650,376),(2923390,362),(2933080,26);
/*!40000 ALTER TABLE `developer_and_games` ENABLE KEYS */;
UNLOCK TABLES;

--
-- Table structure for table `developers`
--

DROP TABLE IF EXISTS `developers`;
/*!40101 SET @saved_cs_client     = @@character_set_client */;
/*!50503 SET character_set_client = utf8mb4 */;
CREATE TABLE `developers` (
  `Developer_ID` int NOT NULL,
  `Developer` varchar(255) NOT NULL,
  PRIMARY KEY (`Developer_ID`)
) ENGINE=InnoDB DEFAULT CHARSET=utf8mb4 COLLATE=utf8mb4_0900_ai_ci;
/*!40101 SET character_set_client = @saved_cs_client */;

--
-- Dumping data for table `developers`
--

LOCK TABLES `developers` WRITE;
/*!40000 ALTER TABLE `developers` DISABLE KEYS */;
INSERT INTO `developers` VALUES (1,'10 Chambers'),(2,'1047 Games'),(3,'Dead Mage'),(4,'11 bit studios'),(5,'1939 Games'),(6,'1-reality'),(7,'Visual Concepts'),(8,'HB Studios Multimedia Ltd.'),(9,'Hangar 13'),(10,'Gearbox Software,Blind Squirrel Games'),(11,'Gearbox Software'),(12,'Firaxis Games'),(13,'Supermassive Games'),(14,'Hangar 13,Aspyr (Mac)'),(15,'Gearbox Software,Aspyr (Mac),Aspyr (Linux)'),(16,'Firaxis Games,Aspyr (Mac),Aspyr (Linux)'),(17,'Firaxis Games,Feral Interactive (Linux)'),(18,'Firaxis Games,Feral Interactive (Mac),Feral Interactive (Linux)'),(19,'3Division'),(20,'4G'),(21,'The Bearded Ladies'),(22,'Remedy Entertainment'),(23,'Rabbit & Bear Studios'),(24,'Kunos Simulazioni'),(25,'KOJIMA PRODUCTIONS'),(26,'INGAME STUDIOS'),(27,'Unstable Games'),(28,'7th Beat Games'),(29,'Creobit'),(30,'91Act'),(31,'Treyarch,Raven Software,High Moon Studios,Beenox,Activision Shanghai,Sledgehammer Games'),(32,'Treyarch'),(33,'Sledgehammer Games,Raven Software'),(34,'Infinity Ward,Raven Software,Beenox,Treyarch,High Moon Studios,Sledgehammer Games,Activision Shanghai,Demonware,Toys for Bob'),(35,'Infinity Ward,Beenox,High Moon Studios,Raven Software'),(36,'FromSoftware'),(37,'Treyarch,Aspyr (Mac)'),(38,'Acureus'),(39,'PeDePe GbR'),(40,'MR-Software GbR'),(41,'Afterthought LLC'),(42,'Alawar'),(43,'Alawar Premium'),(44,'UnknownX'),(45,'AlphaSoft LLC'),(46,'Altered Orbit Studios'),(47,'Smilegate RPG'),(48,'Amazon Games'),(49,'Amistech Games'),(50,'FRAME BREAK,Amplifier Studios'),(51,'Anegar Games'),(52,'TYPE-MOON,Lasengle Inc.,Hunex'),(53,'AniYa Games Studio'),(54,'BlueTwelve Studio'),(55,'Angel Matrix'),(56,'AnukenDev'),(57,'Abstraction Games'),(58,'FRENCH-BREAD,Arc System Works'),(59,'Arc System Works'),(60,'Flaming Fowl Studios'),(61,'Aspyr,Crystal Dynamics'),(62,'Aspyr'),(63,'weltenbauer. Software Entwicklung GmbH'),(64,'Atelier 801'),(65,'AutoAttack Games'),(66,'Questline'),(67,'Redbeet Interactive'),(68,'Axolot Games'),(69,'Azerion,YoudaGames'),(70,'Bad Pixel'),(71,'Soleil Ltd.'),(72,'QLOC,DIMPS'),(73,'Koei Tecmo'),(74,'Dimps Corporation'),(75,'CyberConnect2 Co. Ltd.'),(76,'Bandai Namco Studios Inc.'),(77,'BANDAI NAMCO Studios Inc.'),(78,'ARTDINK'),(79,'ILCA, Inc.'),(80,'HYDE, Inc.'),(81,'CRAFT & MEISTER Co., Ltd'),(82,'Byking Inc.'),(83,'FromSoftware, Inc'),(84,'PandaUpStudio'),(85,'Dimension Travler'),(86,'Beamdog'),(87,'BeamNG'),(88,'Bear in the Night'),(89,'Beat Games'),(90,'Beautiful Glitch'),(91,'Psyop'),(92,'Behaviour Interactive Inc.'),(93,'Berserk Games'),(94,'BetaDwarf'),(95,'ZeniMax Online Studios'),(96,'Tango Gameworks'),(97,'Obsidian Entertainment'),(98,'id Software'),(99,'Bethesda Game Studios'),(100,'Arkane Austin'),(101,'Billy Basso'),(102,'Wave Game'),(103,'HuanMos Game'),(104,'GY Games'),(105,'BINGOBELL'),(106,'BlackMark Studio'),(107,'M2H,BlackMill Games'),(108,'Blender Foundation'),(109,'Blizzard Entertainment, Inc.'),(110,'Blobfish'),(111,'Bohemia Interactive'),(112,'Bohemia Incubator'),(113,'Bone Nail'),(114,'Boneloaf,Coatsink'),(115,'Boxelware'),(116,'Brace Yourself Games'),(117,'Bungie'),(118,'FURYU Corporation,LANCARSE Ltd.'),(119,'Capcom'),(120,'CAPCOM Co., Ltd.'),(121,'CarX Technologies, LLC'),(122,'Cassel Games'),(123,'CCP'),(124,'CD PROJEKT RED'),(125,'Cellar Door Games'),(126,'CenterPoint Gaming'),(127,'Deadpan Games,Gaziter'),(128,'Chucklefish'),(129,'Underdog Studio'),(130,'HEXWORKS'),(131,'Nihon Falcom'),(132,'Codemasters'),(133,'Codename Entertainment Inc.'),(134,'Lavapotion'),(135,'Iron Gate AB'),(136,'Ghost Ship Games'),(137,'Coffee Stain Studios'),(138,'Coffee Stain North'),(139,'Computer Lunch'),(140,'ConcernedApe'),(141,'Crate Entertainment'),(142,'Creaky Corpse Ltd'),(143,'AKEL'),(144,'Creepy Jar'),(145,'Barance Studio'),(146,'Mike Klubnika'),(147,'Crowbar Collective'),(148,'Crytek'),(149,'VEOM Studio'),(150,'Square Glade Games'),(151,'Soda Den'),(152,'Prideful Sloth'),(153,'Curtis English'),(154,'No Brakes Games'),(155,'IronOak Games'),(156,'Cygames, Inc.,Arc System Works'),(157,'Cygames, Inc.'),(158,'SANDLOT'),(159,'D3PUBLISHER'),(160,'FakeFish,Undertow Games'),(161,'Core Engage'),(162,'Rogue Planet Games'),(163,'DDNet Team'),(164,'Wild Shadow Studios,Deca Games'),(165,'Matthias Linda'),(166,'Starbreeze Studios'),(167,'Dambuster Studios'),(168,'Gotcha Gotcha Games,KADOKAWA,Yoji Ojima'),(169,'DenchiSoft'),(170,'Terrible Toybox'),(171,'Massive Monster'),(172,'Free Lives'),(173,'Dodge Roll'),(174,'Daniel Mullins Games'),(175,'Croteam'),(176,'Die of Death Games'),(177,'YYZ'),(178,'Dread Hunger Team'),(179,'Digital Extremes'),(180,'Airship Syndicate'),(181,'Barbedwire Studios,Digitalmindsoft'),(182,'Dorado Games'),(183,'Triskell Interactive'),(184,'Double Dagger Studio'),(185,'Dovetail Games'),(186,'Dragonrise Games'),(187,'Drakeling Labs'),(188,'MANGLEDmaw Games'),(189,'DarkStone Digital'),(190,'Dry Cactus'),(191,'TUTGame'),(192,'Duoyi Games'),(193,'Egosoft'),(194,'Tiburon'),(195,'The Sims Studio'),(196,'Respawn Entertainment'),(197,'Respawn'),(198,'Petroglyph,Lemon Sky Studios'),(199,'Motive'),(200,'Maxis'),(201,'KOEI TECMO GAMES CO., LTD.'),(202,'Hazelight'),(203,'Ghost Games'),(204,'EA Canada & EA Romania'),(205,'EA Canada'),(206,'DICE'),(207,'Criterion Games'),(208,'BioWare'),(209,'Eleon Game Studios'),(210,'Eleventh Hour Games'),(211,'EmadePlus'),(212,'Ember Lab'),(213,'Endnight Games Ltd'),(214,'Envision Entertainment'),(215,'HAMMER95'),(216,'ZUIJIANGYUE Game'),(217,'Eugen Systems'),(218,'Euphoric Brothers'),(219,'EVGA'),(220,'EXOR Studios'),(221,'Expansive Worlds'),(222,'Expansive Worlds,Avalanche Studios'),(223,'Facepunch Studios'),(224,'Faerin Games'),(225,'Fancy Games'),(226,'Far From Home'),(227,'Fatshark'),(228,'Fire Hose Games'),(229,'Fire Sword Studios'),(230,'FireFly Studios'),(231,'Pugstorm'),(232,'Piranha Games Inc.'),(233,'ColePowered Games'),(234,'Abbey Games'),(235,'Fishing Planet LLC'),(236,'FishSoft, LLC'),(237,'flanne'),(238,'Flashbulb'),(239,'Two Horizons'),(240,'Tindalos Interactive'),(241,'Saber Interactive'),(242,'New World Interactive'),(243,'Flying Wild Hog'),(244,'Blackbird Interactive'),(245,'Auroch Digital'),(246,'Asobo Studio'),(247,'Mundfish'),(248,'Unwound Games'),(249,'Dancing Dragon Games'),(250,'Frictional Games'),(251,'FromSoftware Inc.'),(252,'QLOC'),(253,'FromSoftware, Inc.'),(254,'Frontier Developments'),(255,'Frontier Developments,Aspyr (Mac)'),(256,'Petroglyph'),(257,'Haemimont Games'),(258,'Ancient Forge Studio'),(259,'Frozen District,Empyrean'),(260,'Empyrean'),(261,'Digitalmindsoft'),(262,'Best Way'),(263,'The Outsiders'),(264,'Funcom'),(265,'Quite OK Games'),(266,'Gaddy Games'),(267,'Targem Games'),(268,'Gaijin Entertainment'),(269,'Three Whales Studio'),(270,'Game Science'),(271,'Game Smithing Limited'),(272,'Game-Labs'),(273,'Gameloft'),(274,'Gamepires'),(275,'Youthcat Studio'),(276,'Stove Studio'),(277,'MeowNature'),(278,'GSQ Games'),(279,'Games Incubator'),(280,'Games Of Tomorrow GmbH'),(281,'Jutsu Games'),(282,'gamigo US Inc.'),(283,'Dynamight Studios'),(284,'Sicarius'),(285,'Hopoo Games'),(286,'Gunfire Games'),(287,'Cryptic Studios'),(288,'Geometa'),(289,'Funday Games'),(290,'Giants Software'),(291,'GIANTS Software'),(292,'Giraffe Lab LLC'),(293,'Gleamer Studio'),(294,'Glyph Worlds'),(295,'Urban Games'),(296,'Shiny Shoe'),(297,'LEAP Game Studios,Tiny Ghoul'),(298,'Ice Code Games'),(299,'Grapeshot Games,Instinct Games'),(300,'Grinding Gear Games'),(301,'GrizzlyGames'),(302,'GSC Game World'),(303,'Sumo Digital'),(304,'peropero'),(305,'Hello Games'),(306,'Ramen Cat Studio'),(307,'Hinterland Studio Inc.'),(308,'Red Beard Games'),(309,'Holotech Studios Inc.'),(310,'Holyday Studios'),(311,'Slavic Magic'),(312,'Pavonis Interactive'),(313,'MinMax Games Ltd.'),(314,'Long Jaunt'),(315,'Goldhawk Interactive'),(316,'Eremite Games'),(317,'Hotloop'),(318,'Hovgaard Games'),(319,'Stairway Games'),(320,'Crema'),(321,'Humble North'),(322,'Hunter Studio'),(323,'Hyper Hippo Games'),(324,'HypeTrain Digital'),(325,'Gravity Lagoon'),(326,'BEHEMUTT'),(327,'David Capello'),(328,'IGG SINGAPORE PTE. LTD.'),(329,'IllFonic,Teravision Games'),(330,'Illwinter Game Design'),(331,'IMCGAMES Co.,Ltd.'),(332,'Inceton games'),(333,'Vambear Games'),(334,'Leven Liu'),(335,'LiLith'),(336,'Inflexion Games'),(337,'Innersloth'),(338,'intiny'),(339,'inXile Entertainment'),(340,'IO Interactive A/S'),(341,'Huard Ouadi'),(342,'Ironhide Game Studio'),(343,'Ishtar Games'),(344,'Ivy Sly'),(345,'Jagex Ltd'),(346,'Games by Malcs'),(347,'James Bendon'),(348,'Jaspel'),(349,'Jordy Lakiere'),(350,'Kabam Games, Inc.'),(351,'Inusuku'),(352,'Nimble Neuron'),(353,'Realmforge Studios'),(354,'Limbic Entertainment'),(355,'Gaming Minds Studios'),(356,'Bulwark Studios'),(357,'kChamp Games'),(358,'Keen Games GmbH'),(359,'Keen Software House'),(360,'Ironwood Studios'),(361,'Ebb Software'),(362,'Kiki Games'),(363,'Kinetic Games'),(364,'Bay 12 Games'),(365,'Kitka Games'),(366,'KLab Inc.'),(367,'Klei Entertainment'),(368,'PlatinumGames'),(369,'Konami Digital Entertainment'),(370,'Divine Games'),(371,'KOTAKE CREATE'),(372,'Striking Distance Studios'),(373,'KRAFTON, Inc.'),(374,'Laminar Research'),(375,'Landfall'),(376,'Skog,Zorro,Wilnyl,Philip,thePetHen'),(377,'Larian Studios'),(378,'Lavaflame2'),(379,'League of Geeks'),(380,'Leppsoft'),(381,'Team Ranger'),(382,'Lion Games Co., Ltd.'),(383,'Lo-Fi Games'),(384,'Ludeon Studios'),(385,'Lukas Rustemeyer'),(386,'MADFINGER Games, a.s.'),(387,'MaFi Games'),(388,'Mainframe Industries'),(389,'Majic Jungle'),(390,'Hanabi Fuusen'),(391,'Fantasize Games'),(392,'Connection'),(393,'ARTcelerator,PantyParrot'),(394,'Marvelous Inc.'),(395,'Maticolotto'),(396,'Extremely OK Games, Ltd.'),(397,'Maxim Karpenko'),(398,'Mechanistry'),(399,'Mega Cat Studios'),(400,'Mega Crit Games'),(401,'Melancholia Studio'),(402,'Merge Games'),(403,'Meta Interaction'),(404,'Owlcat Games'),(405,'BlackFoot Studios'),(406,'Bird\'s Eye Games'),(407,'Miju Games'),(408,'Milestone S.r.l.'),(409,'Milkstone Studios'),(410,'Mimimi Games'),(411,'MINTROCKET'),(412,'Misc Games'),(413,'MOB Games'),(414,'Mobile Technologies LLC'),(415,'CABO Studio'),(416,'Pixile'),(417,'Aurogon Shanghai'),(418,'Monomi Park'),(419,'Mooncube Games'),(420,'Motion Twin'),(421,'Mountain&Sea Studio'),(422,'Move Games Co., Ltd.'),(423,'Byterunners'),(424,'MY.GAMES'),(425,'Booming Tech'),(426,'MyDockFinder'),(427,'FNTASTIC'),(428,'Spiders'),(429,'Simteract'),(430,'Passtech Games'),(431,'Eko Software'),(432,'Cyanide Studio'),(433,'Brave Lamb Studio S.A.'),(434,'Narko Games'),(435,'ArenaNet  '),(436,'Arc System Works,EIGHTING Co., Ltd.,NEOPLE Inc.'),(437,'SouthPAW Games'),(438,'NEOWIZ'),(439,'NetEase Games'),(440,'24 Entertainment'),(441,'Trey Powell,Jason Bond'),(442,'Nexon Korea Corporation'),(443,'Nexon'),(444,'Valve Corporation, Nexon Korea Corporation'),(445,'Nicalis, Inc.,Edmund McMillen'),(446,'KAGAMI WORKs'),(447,'Ninja Kiwi'),(448,'NLT Media'),(449,'Noisestorm Limited'),(450,'Nokta Games'),(451,'Nolla Games'),(452,'Northwood Studios'),(453,'NPC Studio'),(454,'Noah System,Mgame'),(455,'Excellent Rectangle'),(456,'Numantian Games'),(457,'Ocean Drive Studio, Inc.'),(458,'Offworld Industries'),(459,'Omeda Studios'),(460,'OMEGAMES STUDIO'),(461,'OMOCAT, LLC'),(462,'Oppai-Man'),(463,'Out of the Park Developments'),(464,'Overhype Studios'),(465,'Digital Reef Games'),(466,'OVRAS Team'),(467,'Pablo Leban'),(468,'Elias Viglione,Jussi Kukkonen'),(469,'Rocket Flair Studios'),(470,'Kodo Linija'),(471,'Game River'),(472,'Triumph Studios'),(473,'Paradox Development Studio,Paradox Tinto'),(474,'Paradox Development Studio'),(475,'Harebrained Schemes'),(476,'Haemimont Games,Abstraction'),(477,'Double Eleven,Introversion Software'),(478,'Colossal Order Ltd.'),(479,'Channel 3 Entertainment'),(480,'C Prompt Games'),(481,'Pathea Games'),(482,'Pearl Abyss'),(483,'Perfuse Entertainment'),(484,'AQUASTYLE,ankaa studio'),(485,'PiBoSo'),(486,'Pine Studio'),(487,'Pixel Puzzles'),(488,'Pixonic'),(489,'Playa Games GmbH'),(490,'Bombservice'),(491,'Playsaurus'),(492,'Orteil,DashNet'),(493,'Oleg Danilov'),(494,'Austin Oblouk'),(495,'LocalThunk'),(496,'Deep Field Games'),(497,'Sucker Punch Productions,Nixxes Software'),(498,'Santa Monica Studio'),(499,'Naughty Dog LLC,Iron Galaxy Studios'),(500,'Naughty Dog LLC'),(501,'Insomniac Games,Nixxes Software'),(502,'Housemarque,Climax Studios'),(503,'Guerrilla,Nixxes Software'),(504,'Guerrilla'),(505,'Bend Studio'),(506,'Arrowhead Game Studios'),(507,'SimRail S.A.'),(508,'Red Dot Games'),(509,'MeanAstronauts'),(510,'GameHunters'),(511,'Crazy Rocks'),(512,'PlayWithFurcifer'),(513,'Pocketpair'),(514,'Polymorph Games'),(515,'poncle'),(516,'Pontypants'),(517,'PopCap Games, Inc.'),(518,'MassHive Media'),(519,'SOFTSTAR ENTERTAINMENT'),(520,'Preferred Networks'),(521,'President Studio'),(522,'Nine Dots Studio'),(523,'Nightdive Studios'),(524,'Squad'),(525,'Moon Studios GmbH'),(526,'Intercept Games'),(527,'Psyonix LLC'),(528,'Quantic Dream'),(529,'Dreamside Interactive'),(530,'High North Studios AS'),(531,'Fury Studios'),(532,'Bytten Studio'),(533,'Brainwash Gang'),(534,'Bippinbits'),(535,'RAYKA STUDIO'),(536,'Realm Archive'),(537,'Rebellion'),(538,'Rebuilt Games'),(539,'Rec Room'),(540,'Red Barrels'),(541,'Red Hook Studios'),(542,'Red Nexus Games Inc.'),(543,'RedCandleGames'),(544,'Re-Logic'),(545,'Renderise'),(546,'Lazy Bear Games'),(547,'Digital Sun'),(548,'RobTop Games'),(549,'RocketWerkz'),(550,'Rockstar North,Rockstar Toronto'),(551,'Rockstar North'),(552,'Rockstar Games'),(553,'RubberBandGames'),(554,'Rusty Lake'),(555,'Useless Machines'),(556,'Saber Interactive Inc'),(557,'Sabotage Studio'),(558,'Sad Panda Studios'),(559,'Samar Studio'),(560,'Samurai Games'),(561,'Sandbox Interactive GmbH'),(562,'Sastrei Studios, LLC'),(563,'Steel Wool Studios'),(564,'SCS Software'),(565,'Two Point Studios'),(566,'Sports Interactive'),(567,'Sonic Team'),(568,'SEGA'),(569,'Ryu Ga Gotoku Studio'),(570,'Relic Entertainment'),(571,'Playsport Games'),(572,'Creative Assembly,Feral Interactive'),(573,'CREATIVE ASSEMBLY'),(574,'ATLUS'),(575,'AMPLITUDE Studios'),(576,'CREATIVE ASSEMBLY,Feral Interactive'),(577,'CREATIVE ASSEMBLY,Feral Interactive (Linux),Feral Interactive (Mac)'),(578,'CREATIVE ASSEMBLY,Feral Interactive (Mac)'),(579,'Relic Entertainment,Feral Interactive (Mac),Feral Interactive (Linux)'),(580,'CREATIVE ASSEMBLY,Feral Interactive (Mac),Feral Interactive (Linux)'),(581,'SgtOkiDoki,Vilaskis,TheLiquidHorse'),(582,'ShareX Team'),(583,'Shining Rock Software LLC'),(584,'Shiro Games'),(585,'Shugasu GmbH'),(586,'Siege Camp'),(587,'Maxis ,Electronic Arts'),(588,'Studio Surgical Scalpels'),(589,'Skywall Studios LLC'),(590,'The Artistocrats'),(591,'Slitherine Ltd.'),(592,'Sloclap'),(593,'Smartly Dressed Games'),(594,'SMG Studio'),(595,'SNK CORPORATION'),(596,'Softstar Technology (Beijing) Co.,Ltd'),(597,'CMGE'),(598,'Sokpop Collective'),(599,'SomethingExtra'),(600,'SoulGame Studio'),(601,'Recreate Games'),(602,'Soviet Games'),(603,'Chime Corporation'),(604,'The Swordman Studio'),(605,'Metal Head Games'),(606,'Squanch Games, Inc.'),(607,'Square Enix,tri-Ace'),(608,'Square Enix,TOSE CO., LTD.'),(609,'Square Enix,PlatinumGames Inc.'),(610,'Square Enix,LANCARSE Ltd.'),(611,'Square Enix,ARTDINK'),(612,'Square Enix,ACQUIRE Corp.'),(613,'Square Enix'),(614,'People Can Fly'),(615,'Luminous Productions'),(616,'Gas Powered Games'),(617,'FuturLab'),(618,'Avalanche Studios'),(619,'Crystal Dynamics,Eidos-Montreal,Feral Interactive (Mac),Nixxes'),(620,'Eidos-Montreal,Crystal Dynamics,Nixxes,Feral Interactive (Mac),Feral interactive (Linux)'),(621,'Crystal Dynamics,Eidos-Montreaal,Feral Interactive (Mac),Feral Interactive (Linux),Nixxes'),(622,'Standing Stone Games, LLC'),(623,'Star Vault AB'),(624,'OVERKILL - a Starbreeze Studio.'),(625,'Ironclad Games Corporation,Stardock Entertainment'),(626,'Statespace'),(627,'Steel City Interactive'),(628,'SteelRaven7'),(629,'Straight Back Games'),(630,'Strange Loop Games'),(631,'Stray Fawn Studio'),(632,'Stress Level Zero'),(633,'Studio 397'),(634,'Joshua Chen'),(635,'Studio MDHR Entertainment Inc.'),(636,'mestiez'),(637,'Studio Wildcard,Instinct Games,Efecto Studios,Virtual Basement LLC'),(638,'Studio Wildcard,Grove Street Games,Instinct Games'),(639,'Stunlock Studios'),(640,'Subset Games'),(641,'Supergiant Games'),(642,'System Era Softworks'),(643,'Tactical Adventures'),(644,'TaleWorlds Entertainment'),(645,'Tann'),(646,'Team Cherry'),(647,'Team Reptile'),(648,'Trepang Studios'),(649,'The Game Kitchen'),(650,'Team17,Mouldy Toof Studios'),(651,'Small Impact Games'),(652,'OverBorder Studio'),(653,'moi rai games'),(654,'Ghost Town Games Ltd.,Team17'),(655,'Fika Productions'),(656,'Ernestas NorvaiA¡as'),(657,'Blacklight Interactive,Team17'),(658,'Black Salt Games'),(659,'Black Matter Pty Ltd'),(660,'Woodland Games'),(661,'Veewo Games'),(662,'Techland'),(663,'Terad Games'),(664,'The Fox Knocks'),(665,'The Fun Pimps'),(666,'The Indie Stone'),(667,'Foxy Voxel'),(668,'Claudiu Kiss,The Irregular Corporation'),(669,'The Meta'),(670,'U.Ground Game Studio'),(671,'Math Tide'),(672,'Question'),(673,'Purple Lamp,GolemLabs'),(674,'Purple Lamp'),(675,'Pieces Interactive'),(676,'Owned by Gravity'),(677,'Nine Rocks Games'),(678,'Iron Lore Entertainment,THQ Nordic'),(679,'Frozenbyte'),(680,'Bugbear'),(681,'Black Sea Games'),(682,'Black Forest Games'),(683,'Ashborne Games'),(684,'Appeal Studios'),(685,'Thunder Lotus Games'),(686,'The Station'),(687,'Neverjam'),(688,'Acme Gamestudio'),(689,'TLM Partners'),(690,'tobyfox'),(691,'Superkami'),(692,'Render Cube'),(693,'Moon Punch Studio'),(694,'Toukana Interactive'),(695,'Tour De Pizza'),(696,'Travis Miller'),(697,'Tripwire Interactive'),(698,'Antimatter Games,Tripwire Interactive'),(699,'Torn Banner Studios'),(700,'Sweet Bandits Studios'),(701,'Triternion'),(702,'Tuxedo Labs'),(703,'Odinsoft Inc.'),(704,'Two Star Games'),(705,'TwoWizards'),(706,'Ubisoft Toronto,Ubisoft Montreal,Ubisoft Kyiv,Ubisoft Shanghai,Ubisoft Berlin'),(707,'Ubisoft Toronto'),(708,'Ubisoft Quebec,Ubisoft Montreal,Ubisoft Bucharest,Ubisoft Singapore,Ubisoft Montpellier,Ubisoft Kiev,Ubisoft Shanghai'),(709,'Ubisoft Paris,Ubisoft Annecy,Ubisoft Bucharest,Ubisoft Montpellier,Ubisoft Milan,Reflections,Ubisoft Belgrade'),(710,'Ubisoft Paris'),(711,'Ubisoft Montreal,Ubisoft Quebec,Ubisoft Toronto,Blue Byte'),(712,'Ubisoft Montreal,Red Storm,Ubisoft Shanghai,Ubisoft Toronto,Ubisoft Kiev'),(713,'Ubisoft Montreal'),(714,'Ubisoft - San Francisco'),(715,'Ubisoft'),(716,'Ivory Tower'),(717,'Blue Mammoth Games'),(718,'Ubisoft Entertainment'),(719,'Ubisoft Annecy,Ubisoft Belgrade,Ubisoft Kyiv,Ubisoft Pune,Ubisoft Odesa'),(720,'Dotemu'),(721,'4rtisans'),(722,'Unknown Worlds Entertainment'),(723,'Endava'),(724,'VALOFE,NS STUDIO'),(725,'VALOFE'),(726,'Valve,Hidden Path Entertainment'),(727,'Valve'),(728,'Vankrupt Games'),(729,'Vector3 Studio'),(730,'Highwire Games'),(731,'VOID Interactive'),(732,'VRChat Inc.'),(733,'WAKUWAKU'),(734,'Wallpaper Engine Team'),(735,'Walternate Realities'),(736,'Wargaming Group Limited'),(737,'Warhorse Studios'),(738,'Warner Bros. Games Montreal,QLOC'),(739,'Rocksteady Studios'),(740,'Player First Games'),(741,'NetherRealm Studios,QLOC'),(742,'Avalanche Software'),(743,'Turtle Rock Studios'),(744,'TT Games'),(745,'NetherRealm Studios,QLOC,Shiver'),(746,'WarpFrog'),(747,'Watashi Games'),(748,'Monolith Productions'),(749,'KEIZO'),(750,'World Makers'),(751,'Wube Software LTD.'),(752,'Undead Labs'),(753,'Turn 10'),(754,'Tantalus Media,Forgotten Empires'),(755,'Skybox Labs,Hidden Path Entertainment,Ensemble Studios,Forgotten Empires'),(756,'SkyBox Labs,Ensemble Studios'),(757,'SkyBox Labs,Big Huge Games'),(758,'Relic Entertainment,World\'s Edge'),(759,'Rare Ltd'),(760,'Playground Games'),(761,'Ninja Theory'),(762,'Mojang Studios,Blackbird Interactive'),(763,'Microsoft Game Studios'),(764,'Forgotten Empires,Tantalus Media,Wicked Witch'),(765,'Forgotten Empires,Tantalus'),(766,'Ensemble Studios'),(767,'343 Industries,Splash Damage,Ruffian Games,Bungie,Saber Interactive'),(768,'343 Industries'),(769,'Shanghai Sunborn Network Technology Co., Ltd.'),(770,'Xiexe'),(771,'Xinyuan Studio'),(772,'Voracious Games'),(773,'YAGER'),(774,'Purple Moss Collectors'),(775,'It\'s happening'),(776,'SaltyEgg Studio'),(777,'ZA/UM'),(778,'Zeekerss'),(779,'ZTEK Studio'),(780,'Mediatonic'),(781,'Eagle Dynamics SA');
/*!40000 ALTER TABLE `developers` ENABLE KEYS */;
UNLOCK TABLES;

--
-- Table structure for table `games`
--

DROP TABLE IF EXISTS `games`;
/*!40101 SET @saved_cs_client     = @@character_set_client */;
/*!50503 SET character_set_client = utf8mb4 */;
CREATE TABLE `games` (
  `GameID` int NOT NULL,
  `Name` text NOT NULL,
  `Release date` date NOT NULL,
  `Estimated_owners` text NOT NULL,
  `Peak CCU` int NOT NULL,
  `Required age` int NOT NULL,
  `Price` double NOT NULL,
  `DLC count` int NOT NULL,
  `Supported languages` text NOT NULL,
  `Website` text,
  `Positive` int NOT NULL,
  `Negative` int NOT NULL,
  `Average_playtime_forever` int NOT NULL,
  PRIMARY KEY (`GameID`)
) ENGINE=InnoDB DEFAULT CHARSET=utf8mb4 COLLATE=utf8mb4_0900_ai_ci;
/*!40101 SET character_set_client = @saved_cs_client */;

--
-- Dumping data for table `games`
--

LOCK TABLES `games` WRITE;
/*!40000 ALTER TABLE `games` DISABLE KEYS */;
INSERT INTO `games` VALUES (10,'Counter-Strike','2000-11-01','10000000 - 20000000',13230,0,9.99,0,'[\'English\', \'French\', \'German\', \'Italian\', \'Spanish - Spain\', \'Simplified Chinese\', \'Traditional Chinese\', \'Korean\']','',198387,5135,10524),(220,'Half-Life 2','2004-11-16','10000000 - 20000000',1015,0,9.99,1,'[\'English\', \'French\', \'German\', \'Italian\', \'Korean\', \'Spanish - Spain\', \'Russian\', \'Simplified Chinese\', \'Traditional Chinese\', \'Dutch\', \'Danish\', \'Finnish\', \'Japanese\', \'Norwegian\', \'Polish\', \'Portuguese\', \'Swedish\', \'Thai\']','http://www.half-life2.com',142368,3687,606),(240,'Counter-Strike: Source','2004-11-01','10000000 - 20000000',7162,0,9.99,0,'[\'English\', \'French\', \'German\', \'Italian\', \'Japanese\', \'Korean\', \'Spanish - Spain\', \'Russian\', \'Simplified Chinese\', \'Traditional Chinese\', \'Thai\', \'Turkish\']','',135151,5348,9171),(440,'Team Fortress 2','2007-10-10','50000000 - 100000000',107702,0,0,1,'[\'English\', \'Danish\', \'Dutch\', \'Finnish\', \'French\', \'German\', \'Italian\', \'Japanese\', \'Norwegian\', \'Polish\', \'Portuguese\', \'Russian\', \'Simplified Chinese\', \'Spanish - Spain\', \'Swedish\', \'Traditional Chinese\', \'Korean\', \'Czech\', \'Hungarian\', \'Portuguese - Brazil\', \'Turkish\', \'Greek\', \'Bulgarian\', \'Romanian\', \'Thai\', \'Ukrainian\']','http://www.teamfortress.com/',823693,56683,9916),(500,'Left 4 Dead','2008-11-17','2000000 - 5000000',1323,0,9.99,0,'[\'English\', \'French\', \'German\', \'Spanish - Spain\', \'Russian\', \'Danish\', \'Dutch\', \'Finnish\', \'Italian\', \'Japanese\', \'Norwegian\', \'Polish\', \'Portuguese\', \'Simplified Chinese\', \'Swedish\', \'Traditional Chinese\', \'Korean\']','http://www.l4d.com/',40244,1610,1098),(550,'Left 4 Dead 2','2009-11-16','20000000 - 50000000',44449,0,9.99,0,'[\'Danish\', \'Dutch\', \'English\', \'Finnish\', \'French\', \'German\', \'Italian\', \'Japanese\', \'Korean\', \'Norwegian\', \'Polish\', \'Portuguese\', \'Russian\', \'Simplified Chinese\', \'Spanish - Spain\', \'Swedish\', \'Traditional Chinese\', \'Hungarian\', \'Turkish\', \'Bulgarian\', \'Czech\', \'Greek\', \'Portuguese - Brazil\', \'Romanian\', \'Spanish - Latin America\', \'Thai\', \'Ukrainian\', \'Vietnamese\']','http://www.l4d.com',619457,16204,2166),(570,'Dota 2','2013-07-09','100000000 - 200000000',558759,0,0,2,'[\'Bulgarian\', \'Czech\', \'Danish\', \'Dutch\', \'English\', \'Finnish\', \'French\', \'German\', \'Greek\', \'Hungarian\', \'Italian\', \'Japanese\', \'Korean\', \'Norwegian\', \'Polish\', \'Portuguese\', \'Portuguese - Brazil\', \'Romanian\', \'Russian\', \'Simplified Chinese\', \'Spanish - Spain\', \'Swedish\', \'Thai\', \'Traditional Chinese\', \'Turkish\', \'Ukrainian\', \'Spanish - Latin America\', \'Vietnamese\']','http://www.dota2.com/',1477153,300437,37162),(620,'Portal 2','2011-04-18','10000000 - 20000000',2693,0,9.99,1,'[\'English\', \'French\', \'German\', \'Spanish - Spain\', \'Czech\', \'Danish\', \'Dutch\', \'Finnish\', \'Hungarian\', \'Italian\', \'Japanese\', \'Korean\', \'Norwegian\', \'Polish\', \'Portuguese\', \'Romanian\', \'Russian\', \'Simplified Chinese\', \'Swedish\', \'Thai\', \'Traditional Chinese\', \'Turkish\']','http://www.thinkwithportals.com/',298300,3638,874),(730,'Counter-Strike: Global Offensive','2012-08-21','50000000 - 100000000',825215,0,0,1,'[\'Czech\', \'Danish\', \'Dutch\', \'English\', \'Finnish\', \'French\', \'German\', \'Hungarian\', \'Italian\', \'Japanese\', \'Korean\', \'Norwegian\', \'Polish\', \'Portuguese\', \'Portuguese - Brazil\', \'Romanian\', \'Russian\', \'Simplified Chinese\', \'Spanish - Spain\', \'Swedish\', \'Thai\', \'Traditional Chinese\', \'Turkish\', \'Bulgarian\', \'Ukrainian\', \'Greek\', \'Spanish - Latin America\', \'Vietnamese\']','http://blog.counter-strike.net/',5764420,766677,30484),(1840,'Source Filmmaker','2012-07-10','1000000 - 2000000',1189,0,0,0,'[\'English\']','http://www.sourcefilmmaker.com/',28054,2000,1846),(3590,'Plants vs. Zombies GOTY Edition','2009-05-05','2000000 - 5000000',4611,0,4.99,0,'[\'English\']','',81362,2372,1253),(3900,'Sid Meier\'s Civilization IV','2006-10-25','1000000 - 2000000',785,0,19.99,0,'[\'English\', \'French\', \'German\', \'Italian\', \'Spanish - Spain\']','http://www.2kgames.com/civ4/home.htm',2492,195,314),(3910,'Sid Meier\'s Civilization   III Complete','2006-10-25','1000000 - 2000000',1775,0,4.99,0,'[\'English\']','http://www.civ3.com/',5061,619,725),(4000,'Garry\'s Mod','2006-11-29','20000000 - 50000000',37574,0,9.99,0,'[\'English\', \'French\', \'Italian\', \'German\', \'Spanish - Spain\', \'Bulgarian\', \'Czech\', \'Danish\', \'Dutch\', \'Finnish\', \'Greek\', \'Hungarian\', \'Japanese\', \'Korean\', \'Norwegian\', \'Polish\', \'Portuguese\', \'Portuguese - Brazil\', \'Russian\', \'Simplified Chinese\', \'Swedish\', \'Thai\', \'Traditional Chinese\', \'Turkish\', \'Ukrainian\']','https://gmod.facepunch.com',822326,29004,10891),(4700,'Total War: MEDIEVAL II   Definitive Edition','2006-11-15','1000000 - 2000000',4327,0,24.99,0,'[\'English\', \'French\', \'Italian\', \'German\', \'Spanish - Spain\', \'Czech\', \'Hungarian\', \'Polish\', \'Russian\']','http://www.totalwar.com',24395,1057,2566),(4760,'Rome: Total War - Collection','2007-08-28','1000000 - 2000000',1094,0,0,0,'[\'English\']','http://www.totalwar.com/',13620,799,895),(8500,'EVE Online','2010-12-15','2000000 - 5000000',4318,0,0,27,'[\'English\', \'German\', \'Russian\', \'French\', \'Korean\', \'Japanese\']','http://www.eveonline.com',20720,7059,3328),(8800,'Civilization IV: Beyond the Sword','2007-07-24','500000 - 1000000',1644,0,9.99,0,'[\'English\', \'French\', \'German\', \'Italian\', \'Spanish - Spain\']','http://www.2kgames.com/civ4/beyondthesword/',3245,124,4926),(8930,'Sid Meier\'s Civilization   V','2010-09-21','5000000 - 10000000',21665,0,29.99,15,'[\'English\', \'French\', \'German\', \'Italian\', \'Spanish - Spain\', \'Polish\', \'Japanese\', \'Korean\', \'Russian\', \'Traditional Chinese\']','http://www.civilization.com',178687,7165,7009),(9420,'Supreme Commander: Forged Alliance','2011-09-28','1000000 - 2000000',1227,0,12.99,0,'[\'English\', \'French\', \'Italian\', \'German\', \'Spanish - Spain\', \'Czech\', \'Polish\', \'Russian\', \'Traditional Chinese\']','',10377,332,1331),(9450,'Warhammer   40,000: Dawn of War   - Soulstorm','2008-03-05','1000000 - 2000000',1161,17,12.99,0,'[\'English\', \'French\', \'German\']','http://www.dawnofwar.com',12358,588,1947),(9900,'Star Trek Online','2012-01-31','2000000 - 5000000',1461,0,0,0,'[\'English\', \'French\', \'German\']','http://www.startrekonline.com',13097,3523,5036),(10500,'Total War: EMPIRE   Definitive Edition','2009-03-04','2000000 - 5000000',3614,0,24.99,0,'[\'English\', \'French\', \'Italian\', \'German\', \'Spanish - Spain\', \'Russian\', \'Polish\', \'Czech\']','http://www.totalwar.com',25868,2598,3458),(12210,'Grand Theft Auto IV: The Complete Edition','2020-03-24','2000000 - 5000000',3439,17,5.99,0,'[\'English\', \'French\', \'Italian\', \'German\', \'Spanish - Spain\']','http://www.rockstargames.com/iv',84223,24474,1471),(16900,'GROUND BRANCH','2018-08-14','500000 - 1000000',780,0,29.99,0,'[\'English\']','https://www.groundbranch.com',7942,823,577),(17390,'SPORE','2008-12-09','2000000 - 5000000',1063,0,19.99,0,'[\'English\', \'Czech\', \'Danish\', \'German\', \'Spanish - Spain\', \'Finnish\', \'French\', \'Italian\', \'Hungarian\', \'Dutch\', \'Norwegian\', \'Polish\', \'Russian\', \'Swedish\', \'Portuguese\']','http://www.spore.com/',41718,3650,813),(20900,'The Witcher: Enhanced Edition Director\'s Cut','2008-09-19','2000000 - 5000000',980,0,9.99,1,'[\'English\', \'French\', \'German\', \'Spanish - Spain\', \'Italian\', \'Czech\', \'Russian\', \'Hungarian\', \'Polish\', \'Traditional Chinese (text only)\']','http://www.thewitcher.com',60877,7951,822),(20920,'The Witcher 2: Assassins of Kings Enhanced Edition','2012-04-16','2000000 - 5000000',846,17,19.99,1,'[\'English\', \'German\', \'French\', \'Spanish - Spain\', \'Russian\', \'Czech\', \'Hungarian\', \'Japanese\', \'Polish\', \'Turkish\', \'Traditional Chinese\', \'Italian\', \'Korean\', \'Portuguese - Brazil\']','http://www.thewitcher.com',67259,7930,845),(21690,'Resident Evil 5','2009-09-15','1000000 - 2000000',947,17,19.99,1,'[\'English\', \'French\', \'German\', \'Italian\', \'Japanese\', \'Spanish - Spain\', \'Czech\', \'Polish\', \'Russian\']','http://www.residentevil.com/5/',25603,3771,942),(22330,'The Elder Scrolls IV: Oblivion   Game of the Year Edition','2009-06-16','1000000 - 2000000',1488,17,14.99,1,'[\'English\', \'French\', \'Italian\', \'German\', \'Spanish - Spain\']','http://www.elderscrolls.com',35336,1642,1522),(22370,'Fallout 3: Game of the Year Edition','2009-12-17','2000000 - 5000000',858,17,19.99,0,'[\'English\', \'French\', \'German\', \'Italian\', \'Spanish - Spain\']','',29320,7771,1031),(22380,'Fallout: New Vegas','2010-10-19','2000000 - 5000000',5776,16,9.99,7,'[\'English\', \'French\', \'German\', \'Italian\', \'Spanish - Spain\']','http://fallout.bethsoft.com',154845,5667,3044),(24010,'Train Simulator Classic','2022-04-21','1000000 - 2000000',1286,0,24.99,678,'[\'English\', \'French\', \'Italian\', \'German\', \'Spanish - Spain\', \'Polish\', \'Russian\', \'Simplified Chinese\']','https://live.dovetailgames.com/live/train-simulator',16408,7387,2793),(32470,'STAR WARS Empire at War - Gold Pack','2010-05-25','1000000 - 2000000',2251,0,19.99,0,'[\'English\', \'French\', \'Italian\', \'German\', \'Spanish - Spain\']','http://www.swempireatwar.com',27845,732,2729),(34030,'Total War: NAPOLEON   Definitive Edition','2010-02-25','1000000 - 2000000',1637,0,24.99,0,'[\'Czech\', \'English\', \'French\', \'German\', \'Italian\', \'Polish\', \'Russian\', \'Spanish - Spain\']','http://store.steampowered.com/app/901162/',17569,1552,3389),(34330,'Total War: SHOGUN 2','2011-03-15','2000000 - 5000000',2522,0,29.99,8,'[\'English\', \'Czech\', \'French\', \'German\', \'Italian\', \'Polish\', \'Russian\', \'Spanish - Spain\']','http://www.totalwar.com/shogun2',22620,2332,2618),(39210,'FINAL FANTASY XIV Online','2014-02-18','2000000 - 5000000',31735,13,19.99,1,'[\'English\', \'French\', \'German\', \'Japanese\']','http://www.finalfantasyxiv.com/',51918,6493,27478),(40970,'Stronghold Crusader HD','2013-10-21','1000000 - 2000000',1068,0,9.99,0,'[\'English\', \'French\', \'Italian\', \'German\', \'Spanish - Spain\', \'Polish\', \'Japanese\', \'Russian\', \'Simplified Chinese\', \'Ukrainian\', \'Portuguese - Brazil\']','http://www.strongholdcrusaderhd.com',13225,350,1346),(42700,'Call of Duty: Black Ops','2010-11-09','1000000 - 2000000',917,17,39.99,4,'[\'English\', \'German\', \'Italian\', \'Spanish - Spain\', \'French\']','http://www.callofduty.com',27291,2839,1295),(42960,'Victoria II','2010-08-30','1000000 - 2000000',1568,0,19.99,10,'[\'English\', \'French\', \'German\']','http://www.victoria2.com/',14189,1178,2249),(47810,'Dragon Age: Origins - Ultimate Edition','2010-10-26','1000000 - 2000000',1183,17,29.99,0,'[\'English\', \'Italian\', \'Spanish - Spain\', \'German\']','http://dragonage.bioware.com/dao/',16469,1698,2369),(47890,'The Sims 3','2011-01-27','2000000 - 5000000',2594,0,19.99,19,'[\'Czech\', \'Danish\', \'Dutch\', \'English\', \'Finnish\', \'French\', \'German\', \'Hungarian\', \'Italian\', \'Korean\', \'Norwegian\', \'Polish\', \'Portuguese\', \'Russian\', \'Spanish - Spain\', \'Swedish\', \'Traditional Chinese\']','http://www.thesims3.com/',23547,3756,2683),(48700,'Mount & Blade: Warband','2010-03-31','2000000 - 5000000',5932,0,19.99,2,'[\'English\', \'Czech\', \'French\', \'German\', \'Hungarian\', \'Polish\', \'Simplified Chinese\', \'Traditional Chinese\', \'Spanish - Spain\', \'Turkish\']','http://www.taleworlds.com/en/Games/Warband',140048,3220,6334),(49520,'Borderlands 2','2012-09-17','10000000 - 20000000',4910,17,19.99,48,'[\'English\', \'French\', \'German\', \'Italian\', \'Japanese\', \'Spanish - Spain\', \'Korean\', \'Traditional Chinese\']','https://www.2k.com/en-US/game/borderlands-2/',247833,16593,3019),(72850,'The Elder Scrolls V: Skyrim','2011-11-10','5000000 - 10000000',4383,17,19.99,1,'[\'English\', \'French\', \'German\', \'Italian\', \'Spanish - Spain\', \'Japanese\', \'Czech\', \'Polish\', \'Russian\']','http://elderscrolls.com/',293938,16035,6458),(105450,'Age of Empires III (2007)','2012-01-05','2000000 - 5000000',899,0,39.99,0,'[\'English\', \'French\', \'German\', \'Italian\', \'Spanish - Spain\']','https://www.ageofempires.com/games/aoeiii/',27677,2821,2676),(105600,'Terraria','2011-05-16','20000000 - 50000000',39165,0,9.99,2,'[\'English\', \'French\', \'Italian\', \'German\', \'Spanish - Spain\', \'Polish\', \'Portuguese - Brazil\', \'Russian\', \'Simplified Chinese\']','http://www.terraria.org/',964983,21044,6729),(107410,'Arma 3','2013-09-12','5000000 - 10000000',19634,17,29.99,18,'[\'English\', \'French\', \'Italian\', \'German\', \'Spanish - Spain\', \'Czech\', \'Polish\', \'Portuguese - Brazil\', \'Russian\', \'Japanese\', \'Korean\', \'Simplified Chinese\', \'Traditional Chinese\', \'Turkish\']','http://www.arma3.com',204969,21853,12276),(108600,'Project Zomboid','2013-11-08','2000000 - 5000000',22793,0,19.99,0,'[\'English\', \'French\', \'Italian\', \'German\', \'Spanish - Spain\', \'Czech\', \'Danish\', \'Dutch\', \'Hungarian\', \'Norwegian\', \'Polish\', \'Portuguese\', \'Russian\', \'Turkish\', \'Japanese\', \'Simplified Chinese\', \'Portuguese - Brazil\']','http://www.projectzomboid.com',100998,8330,2382),(109600,'Neverwinter','2013-12-05','5000000 - 10000000',1340,0,0,0,'[\'English\', \'French\', \'Italian\', \'German\', \'Russian\']','http://www.arcgames.com/en/games/neverwinter/news',26913,7804,2794),(200210,'Realm of the Mad God Exalt','2012-02-20','2000000 - 5000000',1558,0,0,3,'[\'English\']','http://rot.mg',35114,6709,922),(200510,'XCOM: Enemy Unknown','2012-10-08','2000000 - 5000000',1130,17,7.49,3,'[\'English\', \'German\', \'French\', \'Italian\', \'Korean\', \'Spanish - Spain\', \'Russian\', \'Japanese\', \'Polish\', \'Traditional Chinese\']','http://www.xcom.com/enemyunknown/',47123,2774,2019),(203160,'Tomb Raider','2013-03-04','5000000 - 10000000',947,17,14.99,21,'[\'English\', \'German\', \'French\', \'Italian\', \'Korean\', \'Spanish - Spain\', \'Traditional Chinese\', \'Russian\', \'Polish\', \'Dutch\', \'Czech\', \'Portuguese - Brazil\', \'Arabic\']','http://www.tombraider.com',206420,8185,718),(203770,'Crusader Kings II','2012-02-14','2000000 - 5000000',3708,0,0,32,'[\'English\', \'French\', \'German\', \'Spanish - Spain\']','http://www.crusaderkings.com/',61153,6739,2309),(208650,'Batman  Arkham Knight','2015-06-23','2000000 - 5000000',1996,17,19.99,24,'[\'English\', \'French\', \'Italian\', \'German\', \'Spanish - Spain\', \'Korean\', \'Portuguese - Brazil\', \'Polish\', \'Russian\']','https://www.batmanarkhamknight.com/',73952,14371,1543),(211820,'Starbound','2016-07-22','2000000 - 5000000',2673,0,14.99,1,'[\'English\']','https://www.playstarbound.com',145902,11330,4476),(212500,'The Lord of the Rings Online','2012-06-06','2000000 - 5000000',1307,0,0,0,'[\'English\', \'French\', \'German\']','https://signup.lotro.com/lotro.php?ftui=LOTROSteam&amp;abrs=1',12919,2988,380),(212680,'FTL: Faster Than Light','2012-09-14','2000000 - 5000000',1768,0,2.49,1,'[\'English\', \'French\', \'Italian\', \'German\', \'Spanish - Spain\', \'Polish\', \'Portuguese - Brazil\', \'Russian\', \'Simplified Chinese\', \'Japanese\']','https://subsetgames.com/ftl.html',62214,2684,1787),(214950,'Total War  ROME II - Emperor Edition','2013-09-02','2000000 - 5000000',6462,0,59.99,14,'[\'English\', \'German\', \'French\', \'Italian\', \'Spanish - Spain\', \'Russian\', \'Polish\', \'Czech\', \'Turkish\']','http://www.totalwar.com/rome2',59622,13989,5556),(216150,'MapleStory','2012-08-09','1000000 - 2000000',4719,0,0,0,'[\'English\']','https://maplestory.nexon.net/',6597,2830,1741),(218230,'PlanetSide 2','2012-11-20','5000000 - 10000000',2883,0,0,0,'[\'English\', \'German\', \'French\', \'Italian\', \'Spanish - Spain\', \'Russian\', \'Simplified Chinese\']','http://www.planetside2.com/',54848,12144,1706),(218620,'PAYDAY 2','2013-08-13','20000000 - 50000000',45663,18,9.99,75,'[\'English\', \'German\', \'French\', \'Italian\', \'Spanish - Spain\', \'Dutch\', \'Russian\', \'Japanese\', \'Simplified Chinese\', \'Spanish - Latin America\', \'Korean\']','http://www.paydaythegame.com/',520826,62574,6177),(219740,'Don\'t Starve','2013-04-23','1000000 - 2000000',2939,0,9.99,4,'[\'English\', \'Simplified Chinese\']','http://www.dontstarvegame.com',96938,3225,1283),(219990,'Grim Dawn','2016-02-25','5000000 - 10000000',4429,0,24.99,6,'[\'English\', \'French\', \'German\', \'Spanish - Spain\', \'Czech\', \'Japanese\', \'Russian\', \'Simplified Chinese\', \'Portuguese - Brazil\', \'Italian\', \'Korean\', \'Traditional Chinese\', \'Vietnamese\']','http://www.grimdawn.com/',71838,4995,4066),(220200,'Kerbal Space Program','2015-04-27','2000000 - 5000000',4116,0,9.99,2,'[\'English\', \'Spanish - Spain\', \'Simplified Chinese\', \'Japanese\', \'Russian\', \'French\', \'Italian\', \'German\', \'Portuguese - Brazil\']','https://kerbalspaceprogram.com/',99479,5321,3508),(221040,'Resident Evil 6','2013-03-22','2000000 - 5000000',1230,16,7.49,5,'[\'English\', \'French\', \'German\', \'Italian\', \'Polish\', \'Portuguese - Brazil\', \'Spanish - Spain\', \'Russian\']','http://www.residentevil.com/6/',30586,7573,2228),(221100,'DayZ','2018-12-13','5000000 - 10000000',39862,17,44.99,1,'[\'English\', \'French\', \'Italian\', \'German\', \'Spanish - Spain\', \'Czech\', \'Russian\', \'Simplified Chinese\', \'Traditional Chinese\', \'Japanese\', \'Polish\', \'Portuguese - Brazil\']','https://www.dayz.com',221274,89537,9087),(221380,'Age of Empires II (2013)','2013-04-09','5000000 - 10000000',4638,0,19.99,3,'[\'English\', \'German\', \'French\', \'Italian\', \'Korean\', \'Spanish - Spain\', \'Simplified Chinese\', \'Russian\', \'Japanese\', \'Dutch\', \'Portuguese - Brazil\']','https://www.ageofempires.com/games/aoeii/',90487,4099,1908),(221680,'Rocksmith   2014 Edition - Remastered','2016-10-04','500000 - 1000000',1174,0,29.99,1555,'[\'English\', \'German\', \'French\', \'Italian\', \'Spanish - Spain\', \'Japanese\']','http://rocksmith.ubi.com/',17926,1582,4149),(223750,'DCS World Steam Edition','2013-08-02','2000000 - 5000000',1424,0,0,114,'[\'English\', \'German\', \'Spanish - Spain\', \'Russian\', \'Czech\', \'French\', \'Simplified Chinese\']','http://www.digitalcombatsimulator.com/en/',19580,3421,505),(225540,'Just Cause 3','2015-11-30','2000000 - 5000000',1166,17,19.99,12,'[\'English\', \'French\', \'Italian\', \'German\', \'Spanish - Spain\', \'Arabic\', \'Polish\', \'Portuguese - Brazil\', \'Russian\', \'Japanese\']','https://justcause.com/',84686,18296,1104),(227300,'Euro Truck Simulator 2','2012-10-12','10000000 - 20000000',29161,0,19.99,79,'[\'English\', \'German\', \'French\', \'Italian\', \'Korean\', \'Spanish - Spain\', \'Simplified Chinese\', \'Russian\', \'Japanese\', \'Portuguese\', \'Polish\', \'Danish\', \'Dutch\', \'Finnish\', \'Norwegian\', \'Swedish\', \'Hungarian\', \'Czech\', \'Romanian\', \'Turkish\', \'Portuguese - Brazil\', \'Bulgarian\', \'Greek\', \'Ukrainian\']','https://eurotrucksimulator2.com/',548047,15109,6446),(227940,'Heroes & Generals','2016-10-18','10000000 - 20000000',1661,0,0,24,'[\'English\', \'French\', \'German\', \'Spanish - Spain\', \'Czech\', \'Polish\', \'Russian\', \'Turkish\', \'Portuguese - Brazil\', \'Simplified Chinese\', \'Korean\', \'Japanese\']','https://www.heroesandgenerals.com/',93513,46263,1045),(228200,'Company of Heroes','2006-09-11','1000000 - 2000000',1871,0,19.99,0,'[\'English\', \'French\', \'Italian\', \'German\', \'Spanish - Spain\', \'Czech\', \'Japanese\', \'Korean\', \'Polish\', \'Russian\', \'Traditional Chinese\']','http://www.companyofheroes.com',11836,714,1457),(228280,'Baldur\'s Gate: Enhanced Edition','2013-01-16','1000000 - 2000000',828,0,19.99,4,'[\'English\', \'German\', \'French\', \'Spanish - Spain\', \'Polish\', \'Czech\', \'Italian\', \'Japanese\', \'Korean\', \'Portuguese - Brazil\', \'Simplified Chinese\', \'Turkish\', \'Russian\', \'Ukrainian\', \'Hungarian\']','https://www.beamdog.com/games/baldurs-gate-enhanced/',10755,1035,1477),(228380,'Wreckfest','2018-06-14','1000000 - 2000000',806,0,29.99,14,'[\'English\', \'French\', \'Italian\', \'German\', \'Spanish - Spain\', \'Portuguese - Brazil\', \'Simplified Chinese\', \'Finnish\', \'Japanese\', \'Korean\', \'Polish\', \'Russian\']','http://www.wreckfestgame.com',26775,3988,983),(230410,'Warframe','2013-03-25','20000000 - 50000000',60270,17,0,16,'[\'English\', \'German\', \'French\', \'Italian\', \'Korean\', \'Spanish - Spain\', \'Simplified Chinese\', \'Russian\', \'Japanese\', \'Polish\', \'Portuguese - Brazil\', \'Traditional Chinese\', \'Turkish\', \'Ukrainian\']','http://www.warframe.com',442724,48241,9533),(231430,'Company of Heroes 2','2013-06-25','5000000 - 10000000',7055,17,19.99,5,'[\'Czech\', \'English\', \'French\', \'German\', \'Italian\', \'Polish\', \'Russian\', \'Spanish - Spain\']','http://www.companyofheroes.com/',74276,20426,2634),(232090,'Killing Floor 2','2016-11-18','2000000 - 5000000',3137,17,29.99,3,'[\'English\', \'French\', \'Italian\', \'German\', \'Spanish - Spain\', \'Polish\', \'Russian\', \'Portuguese - Brazil\', \'Japanese\', \'Simplified Chinese\', \'Korean\', \'Traditional Chinese\']','http://www.killingfloor2.com',96342,13718,4562),(233450,'Prison Architect','2015-10-06','5000000 - 10000000',1731,0,29.99,8,'[\'English\', \'French\', \'Italian\', \'German\', \'Korean\', \'Polish\', \'Portuguese - Brazil\', \'Russian\', \'Simplified Chinese\', \'Spanish - Spain\', \'Dutch\', \'Japanese\', \'Swedish\', \'Traditional Chinese\', \'Turkish\']','https://www.prisonarchitect.com/',56684,5947,1481),(233860,'Kenshi','2018-12-06','1000000 - 2000000',3924,0,29.99,1,'[\'English\', \'Spanish - Spain\', \'Portuguese - Brazil\', \'Japanese\', \'German\', \'Russian\', \'French\', \'Simplified Chinese\', \'Korean\']','http://www.lofigames.com',54375,2824,4147),(234140,'Mad Max','2015-09-01','2000000 - 5000000',883,17,19.99,0,'[\'English\', \'French\', \'Italian\', \'German\', \'Spanish - Spain\', \'Japanese\', \'Polish\', \'Portuguese - Brazil\', \'Russian\']','http://madmaxgame.com',58282,5340,1145),(235460,'METAL GEAR RISING: REVENGEANCE','2014-01-09','2000000 - 5000000',1525,17,29.99,0,'[\'English\', \'French\', \'Italian\', \'German\', \'Spanish - Spain\', \'Portuguese - Brazil\', \'Japanese\']','http://www.metalgearsolid.com/landing/',46628,2181,584),(236390,'War Thunder','2013-08-15','20000000 - 50000000',48352,0,0,32,'[\'English\', \'German\', \'French\', \'Italian\', \'Spanish - Spain\', \'Simplified Chinese\', \'Russian\', \'Japanese\', \'Polish\', \'Czech\', \'Turkish\', \'Portuguese\', \'Korean\', \'Portuguese - Brazil\', \'Hungarian\', \'Ukrainian\', \'Traditional Chinese\', \'Romanian\']','http://warthunder.com/',246926,67506,4707),(236850,'Europa Universalis IV','2013-08-13','2000000 - 5000000',22285,0,39.99,37,'[\'English\', \'German\', \'French\', \'Spanish - Spain\']','http://www.europauniversalis4.com',93164,14604,12350),(238960,'Path of Exile','2013-10-23','20000000 - 50000000',12211,0,0,0,'[\'English\', \'Portuguese - Brazil\', \'Russian\', \'Thai\', \'French\', \'German\', \'Spanish - Spain\']','http://www.pathofexile.com',167454,16653,8194),(239140,'Dying Light','2015-01-26','5000000 - 10000000',5110,17,29.99,34,'[\'English\', \'French\', \'Italian\', \'German\', \'Spanish - Spain\', \'Dutch\', \'Polish\', \'Portuguese - Brazil\', \'Russian\', \'Korean\', \'Simplified Chinese\', \'Spanish - Latin America\', \'Japanese\', \'Thai\', \'Traditional Chinese\', \'Turkish\', \'Czech\']','https://dyinglightgame.com/?utm_source=Steam&amp;utm_medium=Link&amp;utm_campaign=Dying_Light',316493,16568,2211),(242760,'The Forest','2018-04-30','10000000 - 20000000',10082,18,19.99,0,'[\'English\', \'French\', \'German\', \'Czech\', \'Finnish\', \'Japanese\', \'Korean\', \'Polish\', \'Portuguese - Brazil\', \'Russian\', \'Simplified Chinese\', \'Swedish\', \'Traditional Chinese\', \'Turkish\', \'Italian\', \'Spanish - Spain\']','http://survivetheforest.com/',368986,18577,1667),(242920,'Banished','2014-02-18','2000000 - 5000000',1131,0,19.99,0,'[\'English\']','http://www.shiningrocksoftware.com',34544,3737,1483),(244210,'Assetto Corsa','2014-12-19','2000000 - 5000000',8363,0,19.99,11,'[\'English\', \'Italian\', \'Simplified Chinese\', \'Traditional Chinese\']','http://www.assettocorsa.net',65561,5809,3905),(244450,'Men of War: Assault Squad 2','2014-05-15','1000000 - 2000000',2058,0,29.99,5,'[\'English\', \'German\', \'Russian\', \'French\', \'Italian\', \'Spanish - Spain\', \'Polish\', \'Turkish\', \'Simplified Chinese\']','http://www.menofwargame.com/games/assaultsquad2',31410,3179,4041),(244850,'Space Engineers','2019-02-28','2000000 - 5000000',7179,0,19.99,11,'[\'English\', \'German\', \'Spanish - Spain\', \'Czech\', \'Danish\', \'Dutch\', \'Polish\', \'French\', \'Italian\', \'Finnish\', \'Hungarian\', \'Norwegian\', \'Portuguese - Brazil\', \'Swedish\', \'Russian\', \'Simplified Chinese\']','http://www.SpaceEngineersGame.com',100660,13648,4567),(250900,'The Binding of Isaac: Rebirth','2014-11-04','5000000 - 10000000',16630,17,14.99,4,'[\'English\']','http://www.bindingofisaac.com',201024,4749,10084),(251060,'Wargame: Red Dragon','2014-04-17','1000000 - 2000000',1172,0,29.99,8,'[\'English\', \'French\', \'Italian\', \'German\', \'Spanish - Spain\', \'Polish\', \'Russian\', \'Japanese\', \'Korean\', \'Ukrainian\', \'Traditional Chinese\']','http://www.eugensystems.com',14379,1750,3484),(251570,'7 Days to Die','2013-12-13','5000000 - 10000000',22023,0,24.99,0,'[\'English\', \'French\', \'German\', \'Spanish - Spain\', \'Italian\', \'Japanese\', \'Korean\', \'Polish\', \'Portuguese - Brazil\', \'Russian\', \'Simplified Chinese\', \'Spanish - Latin America\', \'Traditional Chinese\', \'Turkish\']','http://www.7daystodie.com',198204,26382,5219),(252490,'Rust','2018-02-08','20000000 - 50000000',96112,17,39.99,4,'[\'English\', \'French\', \'Italian\', \'German\', \'Spanish - Spain\', \'Japanese\', \'Korean\', \'Russian\', \'Simplified Chinese\', \'Ukrainian\', \'Polish\', \'Portuguese\', \'Turkish\', \'Arabic\', \'Czech\', \'Danish\', \'Dutch\', \'Finnish\', \'Greek\', \'Norwegian\', \'Portuguese - Brazil\', \'Spanish - Latin America\', \'Swedish\', \'Traditional Chinese\', \'Vietnamese\']','http://rust.facepunch.com/',703687,108223,16623),(252530,'OMSI 2: Steam Edition','2013-12-11','500000 - 1000000',1179,0,29.99,85,'[\'English\', \'German\', \'French\']','http://www.omnibussimulator.de/',7488,1425,11425),(252950,'Rocket League  ','2015-07-06','10000000 - 20000000',34491,0,0,0,'[\'English\', \'French\', \'Italian\', \'German\', \'Spanish - Spain\', \'Dutch\', \'Portuguese\', \'Japanese\', \'Korean\', \'Russian\', \'Turkish\', \'Polish\']','http://www.rocketleague.com/',493188,62447,15653),(253710,'theHunter Classic','2014-06-03','5000000 - 10000000',955,0,0,1,'[\'English\', \'French\', \'Italian\', \'German\', \'Spanish - Spain\', \'Czech\', \'Danish\', \'Dutch\', \'Finnish\', \'Hungarian\', \'Norwegian\', \'Polish\', \'Portuguese\', \'Portuguese - Brazil\', \'Russian\', \'Swedish\', \'Turkish\']','http://www.thehunter.com/',20447,16976,687),(254700,'Resident Evil 4','2014-02-27','1000000 - 2000000',1514,16,19.99,0,'[\'English\', \'French\', \'German\', \'Spanish - Spain\', \'Italian\']','http://www.residentevil.com',43939,4257,826),(255710,'Cities: Skylines','2015-03-10','5000000 - 10000000',21775,0,29.99,38,'[\'English\', \'French\', \'German\', \'Spanish - Spain\', \'Polish\', \'Portuguese - Brazil\', \'Russian\', \'Simplified Chinese\', \'Korean\']','',187151,13180,3530),(257350,'Baldur\'s Gate II: Enhanced Edition','2013-11-15','1000000 - 2000000',890,0,19.99,1,'[\'English\', \'German\', \'Spanish - Spain\', \'Italian\', \'Korean\', \'Polish\', \'Simplified Chinese\', \'Russian\', \'French\']','https://www.beamdog.com/games/baldurs-gate-2-enhanced/',6558,635,754),(261550,'Mount & Blade II: Bannerlord','2020-03-30','10000000 - 20000000',17196,0,49.99,0,'[\'English\', \'Simplified Chinese\', \'Turkish\', \'Traditional Chinese\', \'French\', \'Italian\', \'Japanese\', \'Korean\', \'Polish\', \'Portuguese - Brazil\', \'Russian\', \'Spanish - Latin America\']','https://www.taleworlds.com/',167602,23552,5482),(262060,'Darkest Dungeon  ','2016-01-19','2000000 - 5000000',3462,0,24.99,6,'[\'English\', \'French\', \'German\', \'Spanish - Spain\', \'Czech\', \'Polish\', \'Portuguese - Brazil\', \'Russian\', \'Italian\', \'Simplified Chinese\', \'Korean\', \'Japanese\']','http://www.darkestdungeon.com',103354,9996,2307),(264710,'Subnautica','2018-01-23','2000000 - 5000000',3642,0,29.99,1,'[\'English\', \'French\', \'German\', \'Polish\', \'Russian\', \'Simplified Chinese\', \'Turkish\', \'Finnish\', \'Italian\', \'Czech\', \'Hungarian\', \'Spanish - Spain\', \'Danish\', \'Japanese\', \'Korean\', \'Portuguese - Brazil\', \'Bulgarian\', \'Ukrainian\', \'Dutch\', \'Swedish\', \'Vietnamese\', \'Spanish - Latin America\', \'Traditional Chinese\']','http://unknownworlds.com/subnautica',191795,7238,1927),(266840,'Age of Mythology: Extended Edition','2014-05-08','1000000 - 2000000',1710,0,29.99,1,'[\'English\', \'French\', \'Italian\', \'German\', \'Spanish - Spain\', \'Japanese\', \'Korean\', \'Traditional Chinese\']','https://www.ageofempires.com/games/aom/',23722,2090,1465),(268500,'XCOM   2','2016-02-04','5000000 - 10000000',4731,0,8.99,7,'[\'English\', \'French\', \'Italian\', \'German\', \'Spanish - Spain\', \'Japanese\', \'Korean\', \'Polish\', \'Russian\', \'Simplified Chinese\', \'Traditional Chinese\']','http://www.xcom.com',67933,13088,3059),(268850,'EVGA Precision X1','2014-07-16','500000 - 1000000',1256,0,0,0,'[\'English\', \'Traditional Chinese\', \'Simplified Chinese\']','http://www.evga.com/precisionx1',3306,886,7633),(268910,'Cuphead','2017-09-29','2000000 - 5000000',6953,0,19.99,3,'[\'English\', \'French\', \'Italian\', \'German\', \'Spanish - Spain\', \'Japanese\', \'Korean\', \'Polish\', \'Portuguese - Brazil\', \'Russian\', \'Simplified Chinese\', \'Spanish - Latin America\']','http://www.cupheadgame.com',107896,3869,763),(269210,'Hero Siege','2014-01-29','1000000 - 2000000',1241,0,6.99,39,'[\'English\', \'Finnish\', \'Portuguese - Brazil\', \'Russian\', \'Simplified Chinese\', \'Japanese\', \'Korean\', \'German\']','',24997,8181,817),(269950,'X-Plane 11','2017-03-30','500000 - 1000000',1369,0,59.99,135,'[\'English\', \'French\', \'Italian\', \'German\', \'Spanish - Spain\', \'Portuguese\', \'Russian\']','http://x-plane.com',12997,1080,4188),(270880,'American Truck Simulator','2016-02-02','2000000 - 5000000',6087,0,19.99,32,'[\'English\', \'French\', \'Italian\', \'German\', \'Spanish - Spain\', \'Bulgarian\', \'Czech\', \'Danish\', \'Dutch\', \'Finnish\', \'Greek\', \'Hungarian\', \'Japanese\', \'Korean\', \'Norwegian\', \'Polish\', \'Portuguese\', \'Portuguese - Brazil\', \'Romanian\', \'Russian\', \'Simplified Chinese\', \'Swedish\', \'Turkish\', \'Ukrainian\']','https://americantrucksimulator.com/',104521,3859,3335),(271590,'Grand Theft Auto V','2015-04-13','20000000 - 50000000',170527,17,0,1,'[\'English\', \'French\', \'Italian\', \'German\', \'Spanish - Spain\', \'Korean\', \'Polish\', \'Portuguese - Brazil\', \'Russian\', \'Traditional Chinese\', \'Japanese\', \'Simplified Chinese\', \'Spanish - Latin America\']','http://www.rockstargames.com/V/',1171197,210154,13650),(273110,'Counter-Strike Nexon: Studio','2014-10-07','5000000 - 10000000',781,0,0,0,'[\'English\', \'French\', \'German\', \'Russian\', \'Turkish\', \'Spanish - Spain\']','',26469,13468,2798),(275850,'No Man\'s Sky','2016-08-12','5000000 - 10000000',32144,0,29.99,0,'[\'English\', \'French\', \'Italian\', \'German\', \'Spanish - Spain\', \'Dutch\', \'Japanese\', \'Korean\', \'Polish\', \'Portuguese\', \'Portuguese - Brazil\', \'Russian\', \'Simplified Chinese\', \'Traditional Chinese\']','http://www.no-mans-sky.com',181803,57094,2544),(281990,'Stellaris','2016-05-09','2000000 - 5000000',15138,0,39.99,19,'[\'English\', \'French\', \'German\', \'Spanish - Spain\', \'Polish\', \'Portuguese - Brazil\', \'Russian\', \'Simplified Chinese\', \'Japanese\', \'Korean\']','https://www.stellaris.com/',117388,16105,7446),(284160,'BeamNG.drive','2015-05-29','2000000 - 5000000',9267,0,24.99,0,'[\'English\', \'French\', \'Japanese\', \'Korean\', \'Portuguese\', \'Portuguese - Brazil\', \'Russian\', \'Simplified Chinese\', \'Spanish - Latin America\', \'Traditional Chinese\', \'Spanish - Spain\']','https://www.beamng.com',127265,4196,3910),(284950,'Pixel Puzzles: Japan','2014-04-17','200000 - 500000',1442,0,0,0,'[\'English\']','http://pixelpuzzles.co.uk',2019,453,360),(285900,'Gang Beasts','2017-12-12','1000000 - 2000000',835,0,8.99,1,'[\'English\', \'French\', \'Italian\', \'German\', \'Spanish - Spain\', \'Portuguese - Brazil\']','http://gangbeasts.game',33003,7877,397),(286160,'Tabletop Simulator','2015-06-05','2000000 - 5000000',7407,0,19.99,42,'[\'English\']','https://www.tabletopsimulator.com/',50562,3498,2234),(287450,'Rise of Nations: Extended Edition','2014-06-12','1000000 - 2000000',799,0,19.99,0,'[\'English\', \'French\', \'Italian\', \'German\', \'Spanish - Spain\']','http://www.riseofnations.com',10727,662,666),(287700,'METAL GEAR SOLID V: THE PHANTOM PAIN','2015-09-01','2000000 - 5000000',2919,18,19.99,13,'[\'English\', \'French\', \'Italian\', \'German\', \'Japanese\', \'Portuguese - Brazil\', \'Russian\', \'Spanish - Latin America\']','http://www.metalgearsolid.com',69864,7030,2958),(289070,'Sid Meier  Civilization   VI','2016-10-20','5000000 - 10000000',37024,0,59.99,9,'[\'English\', \'French\', \'Italian\', \'German\', \'Spanish - Spain\', \'Japanese\', \'Korean\', \'Polish\', \'Portuguese - Brazil\', \'Russian\', \'Simplified Chinese\', \'Traditional Chinese\']','http://www.civilization.com/',186295,36439,4911),(289650,'Assassin\'s Creed Unity','2014-11-11','2000000 - 5000000',960,17,29.99,2,'[\'English\', \'French\', \'Italian\', \'German\', \'Spanish - Spain\', \'Czech\', \'Japanese\', \'Korean\', \'Polish\', \'Portuguese - Brazil\', \'Russian\', \'Traditional Chinese\', \'Dutch\']','http://www.assassinscreed.com',36075,11764,1958),(291480,'Warface','2014-07-01','10000000 - 20000000',1740,13,0,22,'[\'English\', \'French\', \'German\', \'Polish\', \'Spanish - Spain\', \'Simplified Chinese\', \'Portuguese - Brazil\', \'Korean\', \'Russian\', \'Turkish\']','https://warface.com/',52847,25146,1501),(291550,'Brawlhalla','2017-10-17','20000000 - 50000000',16482,0,0,6,'[\'English\', \'French\', \'Italian\', \'German\', \'Spanish - Spain\', \'Japanese\', \'Korean\', \'Portuguese - Brazil\', \'Russian\', \'Simplified Chinese\', \'Traditional Chinese\']','http://www.brawlhalla.com',246362,46611,2495),(291650,'Pillars of Eternity','2015-03-26','1000000 - 2000000',1035,0,29.99,3,'[\'English\', \'French\', \'Italian\', \'German\', \'Spanish - Spain\', \'Russian\', \'Polish\']','https://eternity.obsidian.net/',18448,2498,1892),(292030,'The Witcher   3: Wild Hunt','2015-05-18','10000000 - 20000000',16482,0,39.99,22,'[\'English\', \'French\', \'Italian\', \'German\', \'Spanish - Spain\', \'Arabic\', \'Czech\', \'Hungarian\', \'Japanese\', \'Korean\', \'Polish\', \'Portuguese - Brazil\', \'Russian\', \'Traditional Chinese\', \'Turkish\', \'Simplified Chinese\']','http://www.thewitcher.com',617738,25020,3696),(294100,'RimWorld','2018-10-17','2000000 - 5000000',26495,0,34.99,5,'[\'English\', \'French\', \'German\', \'Polish\', \'Russian\', \'Italian\', \'Spanish - Spain\', \'Czech\', \'Danish\', \'Dutch\', \'Hungarian\', \'Japanese\', \'Norwegian\', \'Portuguese\', \'Portuguese - Brazil\', \'Simplified Chinese\', \'Swedish\', \'Traditional Chinese\', \'Turkish\', \'Ukrainian\', \'Finnish\', \'Korean\', \'Romanian\', \'Spanish - Latin America\']','https://ludeon.com',133389,2318,10424),(297000,'Heroes   of Might & Magic   III - HD Edition','2015-01-28','1000000 - 2000000',1790,0,14.99,0,'[\'English\', \'French\', \'Italian\', \'German\', \'Spanish - Spain\', \'Polish\', \'Russian\', \'Czech\', \'Simplified Chinese\']','http://mmh3-hd.com/',12889,3726,2349),(304050,'Trove','2015-07-09','10000000 - 20000000',2478,0,0,9,'[\'English\', \'French\', \'German\', \'Portuguese - Brazil\', \'Spanish - Spain\']','http://www.trionworlds.com/trove/?affiliateId=steamtrove',70446,16935,2014),(304390,'FOR HONOR','2017-02-13','2000000 - 5000000',4552,17,14.99,11,'[\'English\', \'French\', \'Italian\', \'German\', \'Spanish - Spain\', \'Dutch\', \'Japanese\', \'Korean\', \'Polish\', \'Portuguese - Brazil\', \'Russian\', \'Simplified Chinese\', \'Traditional Chinese\', \'Czech\']','http://forhonorgame.com/',80877,37476,2585),(304930,'Unturned','2017-07-07','20000000 - 50000000',54184,0,0,1,'[\'English\']','http://smartlydressedgames.com/',443320,41385,8059),(305620,'The Long Dark','2017-08-01','2000000 - 5000000',1774,0,34.99,2,'[\'English\', \'German\', \'Russian\', \'French\', \'Spanish - Spain\', \'Finnish\', \'Japanese\', \'Korean\', \'Norwegian\', \'Portuguese\', \'Simplified Chinese\', \'Swedish\', \'Traditional Chinese\', \'Turkish\', \'Portuguese - Brazil\', \'Dutch\', \'Italian\', \'Polish\']','http://www.thelongdark.com',82602,7682,1128),(306130,'The Elder Scrolls   Online','2017-05-22','5000000 - 10000000',19187,17,19.99,3,'[\'English\', \'French\', \'German\', \'Russian\', \'Spanish - Spain\']','http://www.elderscrollsonline.com',100300,21936,6568),(310950,'Street Fighter V','2016-02-15','2000000 - 5000000',2997,0,19.99,17,'[\'English\', \'French\', \'Italian\', \'German\', \'Spanish - Spain\', \'Arabic\', \'Japanese\', \'Korean\', \'Polish\', \'Portuguese - Brazil\', \'Russian\', \'Simplified Chinese\', \'Traditional Chinese\', \'Spanish - Latin America\']','http://www.streetfighter.com/',24733,13341,2735),(311210,'Call of Duty  : Black Ops III','2015-11-05','2000000 - 5000000',9629,17,59.99,10,'[\'English\', \'French\', \'Italian\', \'German\', \'Spanish - Spain\', \'Simplified Chinese\', \'Traditional Chinese\', \'Japanese\', \'Polish\', \'Portuguese - Brazil\', \'Russian\']','https://www.callofduty.com/blackops3',112104,27418,3510),(311260,'The Guild 3','2022-06-14','100000 - 200000',1010,0,29.99,1,'[\'English\', \'German\', \'French\', \'Italian\', \'Spanish - Spain\', \'Japanese\', \'Korean\', \'Polish\', \'Russian\', \'Simplified Chinese\']','https://theguildgame.com/',3474,2218,972),(311690,'Enter the Gungeon','2016-04-05','2000000 - 5000000',1253,0,14.99,0,'[\'English\', \'French\', \'Italian\', \'German\', \'Spanish - Spain\', \'Japanese\', \'Korean\', \'Polish\', \'Portuguese - Brazil\', \'Russian\', \'Simplified Chinese\']','http://www.enterthegungeon.com',64585,2620,1815),(312660,'Sniper Elite 4','2017-02-13','2000000 - 5000000',2598,0,59.99,13,'[\'English\', \'French\', \'Italian\', \'German\', \'Spanish - Spain\', \'Polish\', \'Portuguese - Brazil\', \'Russian\', \'Simplified Chinese\', \'Traditional Chinese\']','https://sniperelitegames.com',38308,3980,659),(314160,'Microsoft Flight Simulator X: Steam Edition','2014-12-18','2000000 - 5000000',1165,0,24.99,260,'[\'English\']','http://www.fsxinsider.com',19289,3175,3373),(315210,'Suicide Squad: Kill the Justice League','2024-02-02','50000 - 100000',11915,18,69.99,1,'[\'English\', \'French\', \'Italian\', \'German\', \'Spanish - Spain\', \'Arabic\', \'Korean\', \'Polish\', \'Portuguese - Brazil\', \'Simplified Chinese\', \'Traditional Chinese\', \'Japanese\', \'Spanish - Latin America\']','',2130,324,0),(322170,'Geometry Dash','2014-12-22','5000000 - 10000000',10221,0,3.99,0,'[\'English\']','',182534,12372,4536),(322330,'Don\'t Starve Together','2016-04-21','10000000 - 20000000',27905,0,14.99,35,'[\'English\', \'Simplified Chinese\']','http://www.dontstarvegame.com',328702,13277,2399),(323190,'Frostpunk','2018-04-24','2000000 - 5000000',1820,17,29.99,7,'[\'English\', \'French\', \'German\', \'Spanish - Spain\', \'Polish\', \'Russian\', \'Simplified Chinese\', \'Portuguese - Brazil\', \'Turkish\', \'Italian\', \'Japanese\', \'Korean\']','http://www.frostpunkgame.com/',73661,6864,1131),(325610,'Total War: ATTILA','2015-02-17','2000000 - 5000000',2527,0,44.99,8,'[\'English\', \'French\', \'Italian\', \'German\', \'Spanish - Spain\', \'Czech\', \'Polish\', \'Russian\', \'Turkish\']','http://www.totalwar.com',23432,5601,2855),(326460,'ShellShock Live','2020-05-22','500000 - 1000000',901,0,6.99,0,'[\'English\', \'French\', \'Italian\', \'German\', \'Spanish - Spain\', \'Polish\', \'Portuguese - Brazil\', \'Russian\', \'Simplified Chinese\', \'Turkish\', \'Ukrainian\']','http://www.shellshocklive.com',28180,1974,1523),(330020,'Children of Morta','2019-09-03','1000000 - 2000000',768,0,7.47,3,'[\'English\', \'French\', \'German\', \'Spanish - Spain\', \'Polish\', \'Russian\', \'Simplified Chinese\', \'Portuguese - Brazil\', \'Turkish\', \'Korean\', \'Traditional Chinese\', \'Japanese\']','http://www.childrenofmorta.com/',12232,1259,559),(331470,'Everlasting Summer','2014-11-19','2000000 - 5000000',1244,0,0,0,'[\'English\', \'Russian\', \'Spanish - Spain\', \'Italian\', \'Simplified Chinese\', \'French\']','http://everlastingsummer.su/',56398,2563,2455),(333420,'Cossacks 3','2016-09-20','1000000 - 2000000',1026,0,19.99,8,'[\'English\', \'French\', \'German\', \'Czech\', \'Polish\', \'Russian\', \'Ukrainian\', \'Italian\', \'Spanish - Spain\', \'Portuguese\', \'Portuguese - Brazil\', \'Turkish\']','http://www.cossacks3.com/',8502,2024,1693),(335240,'Transformice','2015-01-30','2000000 - 5000000',2012,0,0,0,'[\'English\', \'French\', \'Italian\', \'German\', \'Spanish - Spain\', \'Arabic\', \'Bulgarian\', \'Czech\', \'Danish\', \'Dutch\', \'Finnish\', \'Hungarian\', \'Japanese\', \'Norwegian\', \'Polish\', \'Portuguese\', \'Portuguese - Brazil\', \'Romanian\', \'Russian\', \'Simplified Chinese\', \'Swedish\', \'Thai\', \'Turkish\', \'Spanish - Latin America\']','http://www.atelier801.com',19816,2929,1488),(335300,'DARK SOULS II: Scholar of the First Sin','2015-04-01','2000000 - 5000000',1110,13,39.99,0,'[\'English\', \'French\', \'Italian\', \'German\', \'Spanish - Spain\', \'Polish\', \'Portuguese - Brazil\', \'Russian\', \'Korean\', \'Traditional Chinese\']','https://www.bandainamcoent.com/games/dark-souls-ii',70117,12505,4916),(342200,'MechWarrior Online Solaris 7','2015-12-10','1000000 - 2000000',1057,0,0,9,'[\'English\']','https://mwomercs.com/',7671,2050,4089),(346110,'ARK: Survival Evolved','2017-08-27','10000000 - 20000000',98215,0,29.99,15,'[\'English\', \'French\', \'Italian\', \'German\', \'Spanish - Spain\', \'Russian\', \'Portuguese - Brazil\', \'Simplified Chinese\', \'Czech\', \'Danish\', \'Dutch\', \'Hungarian\', \'Polish\', \'Swedish\', \'Thai\', \'Traditional Chinese\', \'Turkish\', \'Ukrainian\', \'Finnish\', \'Japanese\', \'Korean\']','http://www.playark.com',461567,98701,10660),(346900,'AdVenture Capitalist','2015-03-30','5000000 - 10000000',2844,0,0,1,'[\'English\']','http://www.kongregate.com/pages/adventure-capitalist',46142,6194,2986),(349040,'NARUTO SHIPPUDEN: Ultimate Ninja STORM 4','2016-02-04','1000000 - 2000000',1056,0,29.99,6,'[\'English\', \'French\', \'Italian\', \'German\', \'Spanish - Spain\', \'Arabic\', \'Polish\', \'Russian\', \'Portuguese - Brazil\', \'Thai\', \'Korean\', \'Traditional Chinese\']','http://www.naruto-videogames.com/',62347,6322,1704),(356190,'Middle-earth  Shadow of War','2017-10-19','2000000 - 5000000',2449,17,49.99,8,'[\'English\', \'French\', \'Italian\', \'German\', \'Spanish - Spain\', \'Japanese\', \'Polish\', \'Portuguese - Brazil\', \'Russian\', \'Arabic\', \'Korean\', \'Simplified Chinese\', \'Traditional Chinese\']','',67538,9880,2011),(359320,'Elite Dangerous','2015-04-02','2000000 - 5000000',6240,0,29.99,3,'[\'English\', \'French\', \'German\', \'Russian\', \'Spanish - Spain\', \'Portuguese - Brazil\']','http://www.elitedangerous.com/',64084,18659,5981),(359550,'Tom Clancy\'s Rainbow Six   Siege','2015-12-01','20000000 - 50000000',42263,17,19.99,11,'[\'English\', \'French\', \'Italian\', \'German\', \'Spanish - Spain\', \'Czech\', \'Dutch\', \'Japanese\', \'Korean\', \'Polish\', \'Portuguese - Brazil\', \'Russian\', \'Traditional Chinese\', \'Simplified Chinese\', \'Turkish\', \'Thai\']','http://rainbow6.ubi.com/',929372,138530,13837),(359870,'FINAL FANTASY X/X-2 HD Remaster','2016-05-12','500000 - 1000000',1067,13,29.99,0,'[\'English\', \'French\', \'Italian\', \'German\', \'Spanish - Spain\', \'Japanese\', \'Korean\', \'Traditional Chinese\']','http://www.finalfantasyxhd.com/',13124,1329,1622),(360430,'Mafia III: Definitive Edition','2020-05-19','1000000 - 2000000',1214,18,29.99,0,'[\'English\', \'French\', \'Italian\', \'German\', \'Spanish - Spain\', \'Polish\', \'Portuguese - Brazil\', \'Czech\', \'Russian\', \'Japanese\', \'Simplified Chinese\', \'Traditional Chinese\', \'Korean\']','https://www.mafiagame.com/',24121,18879,1217),(361420,'ASTRONEER','2019-02-05','2000000 - 5000000',5046,0,29.99,1,'[\'English\', \'French\', \'Italian\', \'German\', \'Spanish - Spain\', \'Dutch\', \'Japanese\', \'Korean\', \'Polish\', \'Russian\', \'Simplified Chinese\', \'Portuguese - Brazil\', \'Turkish\']','http://astroneer.space',86586,8142,2171),(362890,'Black Mesa','2020-03-06','2000000 - 5000000',1004,0,19.99,0,'[\'English\', \'German\', \'Spanish - Spain\', \'Finnish\', \'Norwegian\', \'French\', \'Portuguese\', \'Russian\', \'Italian\', \'Czech\', \'Danish\', \'Dutch\', \'Hungarian\', \'Korean\', \'Polish\', \'Romanian\', \'Simplified Chinese\', \'Swedish\', \'Traditional Chinese\', \'Turkish\', \'Ukrainian\', \'Greek\', \'Japanese\', \'Portuguese - Brazil\', \'Spanish - Latin America\', \'Vietnamese\']','http://www.blackmesagame.com',80256,3770,829),(363150,'Romance of the Three Kingdoms XIII','2016-01-27','200000 - 500000',989,0,59.99,37,'[\'Japanese\', \'Traditional Chinese\', \'Korean\', \'English\']','http://www.gamecity.ne.jp/sangokushi13/',3464,2967,2975),(363890,'RPG Maker MV','2015-10-23','200000 - 500000',1016,0,15.99,579,'[\'English\', \'French\', \'Italian\', \'German\', \'Spanish - Spain\', \'Portuguese - Brazil\', \'Russian\', \'Japanese\', \'Korean\', \'Traditional Chinese\', \'Arabic\', \'Simplified Chinese\']','http://www.rpgmakerweb.com/',5791,520,4310),(363970,'Clicker Heroes','2015-05-13','2000000 - 5000000',2774,0,0,5,'[\'English\', \'German\', \'Spanish - Spain\', \'Portuguese - Brazil\', \'Russian\', \'Simplified Chinese\', \'Traditional Chinese\', \'Turkish\', \'French\', \'Arabic\', \'Japanese\', \'Korean\', \'Thai\', \'Czech\', \'Polish\']','http://clickerheroes.com',51870,5804,4338),(364360,'Total War: WARHAMMER','2016-05-24','2000000 - 5000000',792,0,59.99,13,'[\'English\', \'French\', \'Italian\', \'German\', \'Spanish - Spain\', \'Korean\', \'Polish\', \'Portuguese - Brazil\', \'Russian\', \'Turkish\', \'Czech\', \'Simplified Chinese\', \'Traditional Chinese\']','',38579,11004,3043),(365360,'Battle Brothers','2017-03-24','500000 - 1000000',1624,0,29.99,9,'[\'English\']','http://battlebrothersgame.com/',14931,2000,2743),(365670,'Blender','2015-04-24','2000000 - 5000000',5591,0,0,0,'[\'English\', \'French\', \'Italian\', \'German\', \'Spanish - Spain\', \'Japanese\', \'Portuguese\', \'Russian\', \'Ukrainian\', \'Korean\', \'Simplified Chinese\', \'Vietnamese\']','https://www.blender.org',33999,1019,1314),(367520,'Hollow Knight','2017-02-24','5000000 - 10000000',7635,0,14.99,2,'[\'English\', \'French\', \'German\', \'Spanish - Spain\', \'Korean\', \'Simplified Chinese\', \'Italian\', \'Portuguese - Brazil\', \'Russian\', \'Japanese\']','http://hollowknight.com',232778,6892,1795),(368260,'Marvel\'s Midnight Suns','2022-12-01','50000 - 100000',10608,0,59.99,1,'[\'English\', \'French\', \'Italian\', \'German\', \'Spanish - Spain\', \'Japanese\', \'Korean\', \'Polish\', \'Portuguese - Brazil\', \'Simplified Chinese\', \'Traditional Chinese\']','https://midnightsuns.2k.com/',921,413,360),(373420,'Divinity: Original Sin - Enhanced Edition','2015-10-27','1000000 - 2000000',919,0,39.99,1,'[\'English\', \'French\', \'Italian\', \'German\', \'Spanish - Spain\', \'Russian\', \'Polish\', \'Czech\', \'Simplified Chinese\', \'Korean\']','http://www.divinityoriginalsin-enhanced.com/',19842,2148,1876),(374320,'DARK SOULS III','2016-04-11','5000000 - 10000000',3657,17,59.99,3,'[\'English\', \'French\', \'Italian\', \'German\', \'Spanish - Spain\', \'Polish\', \'Russian\', \'Portuguese - Brazil\', \'Simplified Chinese\', \'Traditional Chinese\', \'Japanese\', \'Korean\']','',310407,21119,5041),(376210,'The Isle','2015-12-01','1000000 - 2000000',6578,0,19.99,0,'[\'English\']','https://survivetheisle.com',44556,9061,7241),(377160,'Fallout 4','2015-11-09','5000000 - 10000000',23636,17,19.99,9,'[\'English\', \'French\', \'Italian\', \'German\', \'Spanish - Spain\', \'Polish\', \'Portuguese - Brazil\', \'Russian\', \'Traditional Chinese\', \'Japanese\']','http://www.fallout4.com',229418,53135,6780),(379430,'Kingdom Come: Deliverance','2018-02-13','2000000 - 5000000',3247,17,29.99,13,'[\'English\', \'French\', \'German\', \'Spanish - Spain\', \'Czech\', \'Polish\', \'Russian\', \'Italian\', \'Simplified Chinese\', \'Turkish\', \'Korean\', \'Ukrainian\']','https://www.kingdomcomerpg.com',80381,17141,2822),(379720,'DOOM','2016-05-12','2000000 - 5000000',1887,17,19.99,1,'[\'English\', \'French\', \'Italian\', \'German\', \'Spanish - Spain\', \'Japanese\', \'Polish\', \'Portuguese - Brazil\', \'Russian\', \'Traditional Chinese\']','http://www.doom.com',159063,7906,902),(380600,'Fishing Planet','2017-08-28','2000000 - 5000000',3133,0,0,56,'[\'English\', \'French\', \'German\', \'Polish\', \'Russian\', \'Ukrainian\', \'Spanish - Spain\', \'Dutch\', \'Portuguese - Brazil\', \'Simplified Chinese\', \'Italian\', \'Traditional Chinese\', \'Japanese\']','http://www.fishingplanet.com',30666,5663,991),(381210,'Dead by Daylight','2016-06-14','10000000 - 20000000',46073,17,7.99,34,'[\'English\', \'French\', \'Italian\', \'German\', \'Spanish - Spain\', \'Russian\', \'Simplified Chinese\', \'Portuguese - Brazil\', \'Thai\', \'Traditional Chinese\', \'Japanese\', \'Korean\', \'Polish\', \'Spanish - Latin America\', \'Turkish\']','http://www.deadbydaylight.com',494648,112924,8942),(382310,'Eco','2018-02-06','200000 - 500000',1336,0,29.99,0,'[\'English\', \'Simplified Chinese\', \'Italian\', \'Spanish - Spain\', \'French\', \'Portuguese - Brazil\', \'Korean\', \'Russian\', \'German\']','https://www.play.eco',8109,1740,4471),(383120,'Empyrion - Galactic Survival','2020-08-05','1000000 - 2000000',3628,0,19.99,0,'[\'English\', \'German\', \'French\', \'Russian\', \'Italian\', \'Portuguese - Brazil\', \'Simplified Chinese\', \'Greek\']','http://empyriongame.com',22599,5360,3000),(386180,'Crossout','2017-07-26','2000000 - 5000000',3615,0,0,27,'[\'English\', \'Russian\', \'German\', \'Spanish - Spain\', \'Japanese\', \'Thai\', \'French\']','http://crossout.net/',38720,11395,2650),(387990,'Scrap Mechanic','2016-01-19','5000000 - 10000000',2753,0,19.99,0,'[\'English\', \'French\', \'Italian\', \'German\', \'Spanish - Spain\', \'Polish\', \'Portuguese - Brazil\', \'Simplified Chinese\', \'Japanese\', \'Korean\', \'Russian\']','http://www.scrapmechanic.com',82947,6429,2285),(389430,'Knight Online','2016-01-25','2000000 - 5000000',1332,0,0,0,'[\'English\', \'Turkish\']','http://www.nttgameonline.com/knight/',4890,5027,1100),(389730,'TEKKEN 7','2017-06-01','2000000 - 5000000',6230,0,39.99,24,'[\'English\', \'French\', \'Italian\', \'German\', \'Spanish - Spain\', \'Arabic\', \'Japanese\', \'Korean\', \'Portuguese - Brazil\', \'Russian\', \'Traditional Chinese\']','https://www.bandainamcostudios.com',56628,12268,2754),(391220,'Rise of the Tomb Raider','2016-02-09','2000000 - 5000000',983,17,29.99,13,'[\'English\', \'French\', \'Italian\', \'German\', \'Spanish - Spain\', \'Dutch\', \'Polish\', \'Portuguese - Brazil\', \'Russian\', \'Japanese\', \'Simplified Chinese\', \'Traditional Chinese\', \'Korean\', \'Arabic\']','http://www.tombraider.com/us/',105887,6868,1203),(391540,'Undertale','2015-09-15','2000000 - 5000000',816,0,9.99,1,'[\'English\', \'Japanese\']','http://undertale.com',175161,6074,861),(392110,'ENDLESS Space 2','2017-05-18','200000 - 500000',862,0,39.99,21,'[\'English\', \'French\', \'German\', \'Spanish - Spain\', \'Korean\', \'Polish\', \'Portuguese - Brazil\', \'Russian\', \'Simplified Chinese\', \'Traditional Chinese\']','http://www.endless-space-2.com',16218,3255,1675),(392160,'X4: Foundations','2018-11-30','500000 - 1000000',2423,0,49.99,8,'[\'English\', \'German\', \'French\', \'Italian\', \'Simplified Chinese\', \'Portuguese - Brazil\', \'Spanish - Spain\', \'Traditional Chinese\', \'Russian\', \'Korean\', \'Japanese\', \'Spanish - Latin America\', \'Polish\']','https://www.x4foundations.com',10638,3375,8429),(393380,'Squad','2020-09-23','1000000 - 2000000',9873,0,49.99,2,'[\'English\']','http://joinsquad.com',97784,13416,3615),(394360,'Hearts of Iron IV','2016-06-06','2000000 - 5000000',42442,0,39.99,18,'[\'English\', \'French\', \'German\', \'Polish\', \'Portuguese - Brazil\', \'Russian\', \'Spanish - Spain\']','http://www.heartsofiron4.com/',175219,15155,12245),(397540,'Borderlands 3','2020-03-13','2000000 - 5000000',6557,17,59.99,21,'[\'English\', \'French\', \'Italian\', \'German\', \'Spanish - Spain\', \'Japanese\', \'Korean\', \'Portuguese - Brazil\', \'Russian\', \'Simplified Chinese\', \'Traditional Chinese\']','https://www.borderlands.com',87281,16216,2389),(397900,'Business Tour - Board Game with Online Multiplayer','2017-07-27','2000000 - 5000000',1165,0,0,11,'[\'English\', \'Russian\', \'Turkish\', \'Simplified Chinese\', \'French\', \'Portuguese\', \'Finnish\', \'Portuguese - Brazil\', \'German\', \'Ukrainian\', \'Spanish - Spain\', \'Italian\', \'Hungarian\', \'Japanese\', \'Polish\', \'Thai\', \'Danish\', \'Dutch\', \'Swedish\', \'Korean\', \'Czech\', \'Romanian\', \'Vietnamese\']','https://www.facebook.com/businesstourgame/',37445,23790,630),(400040,'ShareX','2015-10-02','500000 - 1000000',1481,0,0,0,'[\'English\', \'Turkish\', \'French\', \'German\', \'Spanish - Spain\', \'Dutch\', \'Hungarian\', \'Korean\', \'Portuguese - Brazil\', \'Simplified Chinese\', \'Russian\', \'Italian\', \'Traditional Chinese\', \'Ukrainian\', \'Japanese\', \'Portuguese\', \'Romanian\', \'Vietnamese\']','https://getsharex.com',4326,189,3258),(400750,'Call to Arms - Gates of Hell: Ostfront','2021-06-11','200000 - 500000',1054,0,0,1,'[\'English\', \'French\', \'German\', \'Spanish - Spain\', \'Russian\', \'Simplified Chinese\', \'Italian\']','https://www.barbed-wire.eu/',4680,1038,1456),(412220,'DDraceNetwork','2020-08-17','500000 - 1000000',2481,0,0,0,'[\'English\', \'French\', \'German\', \'Spanish - Spain\', \'Dutch\', \'Hungarian\', \'Polish\', \'Portuguese - Brazil\', \'Russian\', \'Simplified Chinese\', \'Swedish\', \'Traditional Chinese\', \'Turkish\', \'Ukrainian\', \'Italian\', \'Czech\', \'Danish\', \'Norwegian\']','https://ddnet.tw/',8050,492,0),(413150,'Stardew Valley','2016-02-26','10000000 - 20000000',39710,0,14.99,1,'[\'English\', \'German\', \'Spanish - Spain\', \'Japanese\', \'Portuguese - Brazil\', \'Russian\', \'Simplified Chinese\', \'French\', \'Italian\', \'Hungarian\', \'Korean\', \'Turkish\']','http://www.stardewvalley.net',475785,8983,3753),(415200,'Motorsport Manager','2016-11-09','500000 - 1000000',1112,0,19.99,5,'[\'English\', \'French\', \'Italian\', \'German\', \'Spanish - Spain\', \'Polish\', \'Russian\', \'Portuguese - Brazil\', \'Dutch\', \'Hungarian\']','http://www.motorsportmanager.com/',10633,968,3758),(418370,'Resident Evil 7 Biohazard','2017-01-23','2000000 - 5000000',909,17,9.99,6,'[\'English\', \'French\', \'Italian\', \'German\', \'Spanish - Spain\', \'Japanese\', \'Portuguese - Brazil\', \'Arabic\', \'Korean\', \'Russian\', \'Simplified Chinese\', \'Traditional Chinese\', \'Polish\', \'Thai\']','',58270,3235,820),(418460,'Rising Storm 2: Vietnam','2017-05-30','1000000 - 2000000',793,0,24.99,12,'[\'English\', \'French\', \'German\', \'Spanish - Spain\', \'Portuguese - Brazil\', \'Russian\', \'Japanese\', \'Korean\', \'Simplified Chinese\', \'Turkish\']','https://rs2vietnam.com',43328,7025,1614),(427410,'Abiotic Factor','2024-05-02','200000 - 500000',10452,0,19.99,0,'[\'English\', \'French\', \'German\', \'Portuguese - Brazil\', \'Russian\', \'Japanese\', \'Simplified Chinese\', \'Traditional Chinese\']','',1544,28,264),(427520,'Factorio','2020-08-14','5000000 - 10000000',14796,0,30,1,'[\'English\', \'French\', \'Italian\', \'German\', \'Spanish - Spain\', \'Hungarian\', \'Dutch\', \'Norwegian\', \'Polish\', \'Portuguese\', \'Portuguese - Brazil\', \'Romanian\', \'Finnish\', \'Swedish\', \'Czech\', \'Russian\', \'Ukrainian\', \'Japanese\', \'Simplified Chinese\', \'Traditional Chinese\', \'Korean\', \'Turkish\']','https://www.factorio.com',145186,5216,5383),(431240,'Golf With Your Friends','2020-05-19','2000000 - 5000000',1345,0,14.99,5,'[\'English\', \'French\', \'Italian\', \'German\', \'Spanish - Spain\', \'Portuguese - Brazil\', \'Russian\', \'Simplified Chinese\', \'Traditional Chinese\']','https://www.team17.com/',45633,5311,692),(431730,'Aseprite','2016-02-22','500000 - 1000000',2994,0,19.99,0,'[\'English\']','https://www.aseprite.org/',11028,69,6726),(431960,'Wallpaper Engine','2018-11-01','20000000 - 50000000',85643,0,3.99,1,'[\'English\', \'German\', \'Simplified Chinese\', \'Polish\', \'Portuguese - Brazil\', \'French\', \'Italian\', \'Spanish - Spain\', \'Finnish\', \'Japanese\', \'Korean\', \'Swedish\', \'Thai\', \'Traditional Chinese\', \'Turkish\', \'Portuguese\', \'Russian\', \'Danish\', \'Czech\']','https://www.wallpaperengine.io',522889,10368,3460),(433340,'Slime Rancher','2017-08-01','1000000 - 2000000',1630,0,19.99,5,'[\'English\', \'French\', \'German\', \'Russian\', \'Swedish\', \'Simplified Chinese\', \'Japanese\', \'Portuguese - Brazil\', \'Korean\', \'Spanish - Latin America\']','http://slimerancher.com',90636,1970,860),(435150,'Divinity: Original Sin 2 - Definitive Edition','2017-09-14','2000000 - 5000000',12000,0,44.99,3,'[\'English\', \'French\', \'German\', \'Russian\', \'Polish\', \'Spanish - Spain\', \'Simplified Chinese\', \'Traditional Chinese\', \'Italian\', \'Korean\', \'Czech\', \'Portuguese - Brazil\']','http://divinity.game',141779,5852,4120),(436150,'Governor of Poker 3','2016-02-19','500000 - 1000000',1287,0,0,0,'[\'English\', \'French\', \'Italian\', \'German\', \'Spanish - Spain\', \'Portuguese - Brazil\', \'Russian\', \'Turkish\', \'Dutch\', \'Polish\', \'Arabic\', \'Portuguese\', \'Simplified Chinese\', \'Spanish - Latin America\', \'Norwegian\', \'Romanian\', \'Swedish\', \'Thai\', \'Traditional Chinese\']','https://www.governorofpoker.com',7013,2967,1171),(438040,'Shakes and Fidget','2016-02-24','1000000 - 2000000',2775,0,0,0,'[\'English\', \'French\', \'Italian\', \'German\', \'Spanish - Spain\', \'Bulgarian\', \'Czech\', \'Danish\', \'Dutch\', \'Finnish\', \'Greek\', \'Hungarian\', \'Japanese\', \'Norwegian\', \'Polish\', \'Portuguese\', \'Portuguese - Brazil\', \'Romanian\', \'Russian\', \'Swedish\', \'Turkish\', \'Korean\']','http://www.sfgame.net',24644,1752,4020),(438100,'VRChat','2017-02-01','5000000 - 10000000',23681,0,0,0,'[\'English\']','http://www.vrchat.com',124156,32375,2115),(440900,'Conan Exiles','2018-05-08','2000000 - 5000000',13391,18,15.99,12,'[\'English\', \'French\', \'German\', \'Spanish - Spain\', \'Japanese\', \'Korean\', \'Polish\', \'Portuguese - Brazil\', \'Russian\', \'Simplified Chinese\', \'Traditional Chinese\', \'Italian\']','http://www.conanexiles.com/',62942,16629,8250),(444200,'World of Tanks Blitz','2016-11-09','10000000 - 20000000',24744,0,0,7,'[\'English\', \'French\', \'Italian\', \'German\', \'Spanish - Spain\', \'Arabic\', \'Czech\', \'Finnish\', \'Japanese\', \'Korean\', \'Polish\', \'Russian\', \'Simplified Chinese\', \'Thai\', \'Traditional Chinese\', \'Turkish\', \'Portuguese - Brazil\']','http://wotblitz.com/',92679,22566,4218),(445220,'Avorion','2020-03-09','200000 - 500000',1143,0,24.99,2,'[\'English\', \'German\', \'Spanish - Spain\', \'Russian\', \'Simplified Chinese\', \'Spanish - Latin America\', \'French\', \'Japanese\']','https://www.avorion.net/',9561,1010,2588),(447020,'Farming Simulator 17','2016-10-24','1000000 - 2000000',836,0,14.99,4,'[\'English\', \'French\', \'Italian\', \'German\', \'Spanish - Spain\', \'Czech\', \'Dutch\', \'Hungarian\', \'Japanese\', \'Korean\', \'Polish\', \'Portuguese\', \'Portuguese - Brazil\', \'Romanian\', \'Russian\', \'Simplified Chinese\', \'Traditional Chinese\', \'Turkish\']','https://www.farming-simulator.com/',19655,1381,8804),(447040,'Watch_Dogs 2','2016-11-28','1000000 - 2000000',932,17,49.99,30,'[\'English\', \'French\', \'Italian\', \'German\', \'Spanish - Spain\', \'Czech\', \'Dutch\', \'Hungarian\', \'Japanese\', \'Korean\', \'Polish\', \'Portuguese - Brazil\', \'Russian\', \'Simplified Chinese\', \'Traditional Chinese\']','http://watchdogs.com/',47889,9752,2090),(453480,'Shadowverse CCG','2016-10-27','1000000 - 2000000',4347,0,0,0,'[\'English\', \'Japanese\', \'Traditional Chinese\', \'French\', \'Italian\', \'German\', \'Korean\', \'Spanish - Spain\', \'Simplified Chinese\']','https://shadowverse.com/',9900,3220,7415),(454650,'DRAGON BALL XENOVERSE 2','2016-10-27','1000000 - 2000000',1759,0,49.99,22,'[\'English\', \'French\', \'Italian\', \'German\', \'Spanish - Spain\', \'Polish\', \'Portuguese - Brazil\', \'Russian\', \'Traditional Chinese\', \'Korean\', \'Simplified Chinese\', \'Spanish - Latin America\']','http://www.dragonballxenoverse2.com/',30090,3933,3750),(457140,'Oxygen Not Included','2019-07-30','2000000 - 5000000',7507,0,24.99,2,'[\'English\', \'Simplified Chinese\', \'Korean\', \'Russian\']','https://www.kleientertainment.com/games/oxygen-not-included',82902,3014,3574),(459820,'Crush Crush','2016-10-18','1000000 - 2000000',1409,0,0,1,'[\'English\', \'Italian\', \'German\', \'Spanish - Spain\', \'Japanese\', \'Portuguese\', \'Portuguese - Brazil\']','http://sadpandastudios.com/',19250,1997,1044),(460930,'Tom Clancy\'s Ghost Recon   Wildlands','2017-03-06','2000000 - 5000000',2144,0,49.99,4,'[\'English\', \'French\', \'Italian\', \'German\', \'Spanish - Spain\', \'Arabic\', \'Simplified Chinese\', \'Traditional Chinese\', \'Korean\', \'Japanese\', \'Dutch\', \'Polish\', \'Portuguese - Brazil\', \'Russian\', \'Czech\']','http://ghostrecon.com',53673,14411,3593),(464920,'Surviving Mars','2018-03-15','2000000 - 5000000',1120,0,29.99,14,'[\'English\', \'French\', \'German\', \'Spanish - Spain\', \'Polish\', \'Portuguese - Brazil\', \'Russian\', \'Simplified Chinese\', \'Turkish\']','',18918,3468,713),(466170,'Idling to Rule the Gods','2016-05-27','200000 - 500000',1080,0,0,0,'[\'English\']','https://shugasu.com/games/itrtg/index.html',1124,161,5640),(466240,'Deceit','2017-03-03','5000000 - 10000000',1208,0,0,3,'[\'English\', \'Spanish - Spain\', \'German\', \'Russian\', \'Simplified Chinese\', \'Japanese\', \'Korean\', \'French\', \'Italian\', \'Hungarian\', \'Polish\', \'Portuguese\', \'Dutch\', \'Portuguese - Brazil\', \'Turkish\', \'Romanian\']','http://www.playdeceit.com/',65235,17395,449),(466560,'Northgard','2018-03-07','2000000 - 5000000',3105,0,29.99,9,'[\'English\', \'French\', \'German\', \'Russian\', \'Simplified Chinese\', \'Portuguese - Brazil\', \'Polish\', \'Spanish - Spain\', \'Turkish\', \'Italian\', \'Korean\']','https://northgard.net/',39481,5314,1379),(469600,'Legion TD 2 - Multiplayer Tower Defense','2021-10-01','500000 - 1000000',1773,0,19.99,0,'[\'English\', \'German\', \'Spanish - Spain\', \'Dutch\', \'Portuguese - Brazil\', \'Russian\', \'Swedish\', \'French\', \'Polish\', \'Turkish\', \'Spanish - Latin America\', \'Simplified Chinese\', \'Traditional Chinese\', \'Japanese\', \'Korean\', \'Norwegian\', \'Ukrainian\', \'Italian\', \'Czech\', \'Hungarian\', \'Romanian\', \'Arabic\', \'Bulgarian\', \'Danish\', \'Finnish\']','https://legiontd2.com',7058,1183,3465),(470220,'UNO','2017-01-03','2000000 - 5000000',820,0,9.99,8,'[\'English\', \'French\', \'Italian\', \'German\', \'Spanish - Spain\', \'Russian\', \'Japanese\', \'Simplified Chinese\', \'Traditional Chinese\', \'Dutch\', \'Portuguese - Brazil\']','https://www.ubisoft.com/en-US/game/uno/',29975,10806,321),(471710,'Rec Room','2021-09-02','1000000 - 2000000',2779,0,0,0,'[\'English\']','https://recroom.com',37003,3304,330),(475150,'Titan Quest Anniversary Edition','2016-08-31','2000000 - 5000000',1670,0,19.99,3,'[\'English\', \'French\', \'Italian\', \'German\', \'Spanish - Spain\', \'Czech\', \'Polish\', \'Russian\', \'Japanese\', \'Korean\', \'Simplified Chinese\', \'Ukrainian\']','https://www.thqnordic.com/games/titan-quest-anniversary-edition',25642,2561,1047),(476600,'Call of Duty: WWII','2017-11-02','1000000 - 2000000',773,17,59.99,3,'[\'English\', \'French\', \'Italian\', \'German\', \'Spanish - Spain\', \'Japanese\', \'Korean\', \'Polish\', \'Portuguese - Brazil\', \'Russian\', \'Simplified Chinese\', \'Traditional Chinese\']','https://www.callofduty.com/wwii',21294,11381,402),(476620,'Call of Duty: WWII','2017-11-02','500000 - 1000000',796,17,59.99,3,'[\'English\', \'French\', \'Italian\', \'German\', \'Spanish - Spain\', \'Japanese\', \'Korean\', \'Polish\', \'Portuguese - Brazil\', \'Russian\', \'Simplified Chinese\', \'Traditional Chinese\']','https://www.callofduty.com/wwii',11394,8523,1334),(477160,'Human: Fall Flat','2016-07-22','10000000 - 20000000',5205,0,5.99,1,'[\'English\', \'French\', \'German\', \'Spanish - Spain\', \'Russian\', \'Italian\', \'Simplified Chinese\', \'Japanese\', \'Korean\', \'Polish\', \'Portuguese\', \'Portuguese - Brazil\', \'Thai\', \'Turkish\', \'Ukrainian\', \'Traditional Chinese\']','http://www.nobrakesgames.com/',157904,8930,1332),(482400,'System Shock','2023-05-30','100000 - 200000',3757,0,39.99,0,'[\'English\', \'French\', \'Italian\', \'German\', \'Spanish - Spain\', \'Japanese\', \'Korean\', \'Polish\', \'Russian\', \'Simplified Chinese\', \'Traditional Chinese\', \'Turkish\', \'Portuguese - Brazil\']','http://www.systemshock.com',2278,174,573),(489520,'Minion Masters','2019-05-24','5000000 - 10000000',970,0,0,16,'[\'English\', \'French\', \'Italian\', \'German\', \'Spanish - Spain\', \'Portuguese - Brazil\', \'Russian\', \'Simplified Chinese\', \'Traditional Chinese\']','http://minionmastersthegame.com',53364,5068,2463),(489830,'The Elder Scrolls V: Skyrim Special Edition','2016-10-27','5000000 - 10000000',26777,17,39.99,1,'[\'English\', \'French\', \'Italian\', \'German\', \'Spanish - Spain\', \'Polish\', \'Traditional Chinese\', \'Russian\', \'Japanese\']','',198312,19722,3864),(492720,'Tropico 6','2019-03-29','1000000 - 2000000',1350,13,39.99,7,'[\'English\', \'French\', \'Italian\', \'German\', \'Spanish - Spain\', \'Russian\', \'Korean\', \'Portuguese - Brazil\', \'Simplified Chinese\', \'Arabic\', \'Japanese\']','http://www.worldoftropico.com',18516,2785,1149),(493340,'Planet Coaster','2016-11-17','1000000 - 2000000',2670,0,11.24,12,'[\'English\', \'French\', \'German\', \'Spanish - Spain\', \'Portuguese - Brazil\', \'Korean\', \'Simplified Chinese\', \'Traditional Chinese\', \'Japanese\']','https://www.planetcoaster.com/',50047,4792,1738),(493520,'GTFO','2021-12-09','500000 - 1000000',1825,0,31.99,0,'[\'English\', \'French\', \'Italian\', \'German\', \'Spanish - Spain\', \'Japanese\', \'Korean\', \'Polish\', \'Portuguese - Brazil\', \'Russian\', \'Simplified Chinese\', \'Traditional Chinese\']','http://www.GTFOtheGame.com',33986,6189,619),(495420,'State of Decay 2: Juggernaut Edition','2020-03-13','1000000 - 2000000',2397,0,29.99,1,'[\'English\', \'French\', \'Italian\', \'German\', \'Portuguese - Brazil\', \'Russian\', \'Spanish - Latin America\', \'Simplified Chinese\']','https://www.stateofdecay.com',29710,6880,2787),(502500,'ACE COMBAT 7: SKIES UNKNOWN','2019-01-31','1000000 - 2000000',1051,0,39.99,21,'[\'English\', \'French\', \'Italian\', \'German\', \'Spanish - Spain\', \'Japanese\', \'Polish\', \'Portuguese - Brazil\', \'Russian\', \'Korean\', \'Traditional Chinese\', \'Spanish - Latin America\', \'Simplified Chinese\']','http://ace-7.bn-ent.net/',23399,3697,1031),(503940,'Railway Empire','2018-01-26','500000 - 1000000',817,0,29.99,10,'[\'English\', \'French\', \'German\', \'Russian\', \'Simplified Chinese\', \'Italian\', \'Spanish - Spain\', \'Polish\', \'Korean\', \'Japanese\']','https://www.kalypsomedia.com',6665,1409,2758),(504230,'Celeste','2018-01-25','1000000 - 2000000',1191,0,19.99,1,'[\'English\', \'French\', \'Italian\', \'German\', \'Spanish - Spain\', \'Japanese\', \'Portuguese - Brazil\', \'Russian\', \'Simplified Chinese\']','http://www.celestegame.com',54974,1253,1105),(505460,'Foxhole','2017-07-27','1000000 - 2000000',2212,0,29.99,0,'[\'English\']','http://www.foxholegame.com',19208,3770,1587),(508440,'Totally Accurate Battle Simulator','2021-04-01','2000000 - 5000000',2508,0,19.99,1,'[\'English\', \'French\', \'Italian\', \'German\', \'Spanish - Spain\', \'Japanese\', \'Simplified Chinese\', \'Portuguese\', \'Russian\']','http://landfall.se',88348,1861,663),(513710,'SCUM','2018-08-29','2000000 - 5000000',10223,0,34.99,3,'[\'English\', \'German\', \'Russian\', \'Simplified Chinese\', \'French\', \'Spanish - Spain\', \'Portuguese - Brazil\', \'Spanish - Latin America\', \'Traditional Chinese\', \'Korean\', \'Turkish\', \'Japanese\', \'Thai\', \'Polish\']','http://www.scumgame.com',55204,18887,4646),(516750,'My Summer Car','2016-10-24','1000000 - 2000000',1523,0,14.99,0,'[\'English\']','http://www.amistech.com/msc',40710,2705,2762),(518790,'theHunter: Call of the Wild','2017-02-16','2000000 - 5000000',4995,0,19.99,33,'[\'English\', \'French\', \'German\', \'Portuguese - Brazil\', \'Russian\', \'Spanish - Spain\', \'Czech\', \'Polish\', \'Simplified Chinese\', \'Japanese\']','http://callofthewild.thehunter.com/en',98235,14454,1841),(524220,'NieR:Automata','2017-03-17','1000000 - 2000000',888,0,39.99,1,'[\'English\', \'French\', \'Italian\', \'German\', \'Spanish - Spain\', \'Japanese\']','http://www.niergame.com/',91816,16451,1364),(526870,'Satisfactory','2020-06-08','2000000 - 5000000',22538,0,29.99,0,'[\'English\', \'French\', \'Italian\', \'German\', \'Spanish - Spain\', \'Arabic\', \'Czech\', \'Dutch\', \'Finnish\', \'Greek\', \'Hungarian\', \'Japanese\', \'Korean\', \'Polish\', \'Portuguese - Brazil\', \'Russian\', \'Simplified Chinese\', \'Traditional Chinese\', \'Turkish\', \'Ukrainian\', \'Vietnamese\']','https://www.coffeestainstudios.com/',97842,2841,5109),(527230,'For The King','2018-04-19','1000000 - 2000000',893,0,5.99,6,'[\'English\', \'French\', \'Italian\', \'German\', \'Spanish - Spain\', \'Portuguese - Brazil\', \'Russian\', \'Simplified Chinese\', \'Traditional Chinese\', \'Polish\', \'Japanese\', \'Korean\']','https://www.ironoakgames.com',25040,3101,1334),(529340,'Victoria 3','2022-10-25','500000 - 1000000',57902,0,49.99,0,'[\'English\', \'French\', \'German\', \'Spanish - Spain\', \'Japanese\', \'Korean\', \'Polish\', \'Portuguese - Brazil\', \'Russian\', \'Simplified Chinese\', \'Turkish\']','',7506,4617,995),(534380,'Dying Light 2 Stay Human','2022-02-03','2000000 - 5000000',7483,18,40.19,8,'[\'English\', \'French\', \'Italian\', \'German\', \'Spanish - Spain\', \'Korean\', \'Polish\', \'Portuguese - Brazil\', \'Russian\', \'Spanish - Latin America\', \'Arabic\', \'Czech\', \'Japanese\', \'Portuguese\', \'Simplified Chinese\', \'Traditional Chinese\', \'Turkish\']','http://dyinglightgame.com/?utm_source=Steam&amp;utm_medium=Link&amp;utm_campaign=Dying_Light_2',76662,21019,2245),(535930,'Two Point Hospital','2018-08-29','1000000 - 2000000',1233,0,34.99,13,'[\'English\', \'French\', \'Italian\', \'German\', \'Spanish - Spain\', \'Polish\', \'Russian\', \'Simplified Chinese\', \'Traditional Chinese\', \'Portuguese - Brazil\', \'Korean\']','https://www.twopointhospital.com',25802,2407,1234),(537180,'Digimon Masters Online','2016-11-03','1000000 - 2000000',922,0,0,0,'[\'English\', \'Spanish - Latin America\', \'Spanish - Spain\']','http://dmo.gameking.com',5442,2599,1086),(538030,'Xenonauts 2','2023-07-18','50000 - 100000',2588,0,29.99,0,'[\'English\', \'French\', \'German\', \'Spanish - Spain\', \'Japanese\', \'Korean\', \'Simplified Chinese\', \'Traditional Chinese\', \'Russian\', \'Polish\', \'Portuguese - Brazil\']','http://www.goldhawkinteractive.com',439,152,0),(544550,'Stationeers','2017-12-12','200000 - 500000',833,0,29.99,3,'[\'English\', \'German\', \'Russian\', \'French\', \'Spanish - Spain\', \'Polish\', \'Portuguese\', \'Korean\', \'Simplified Chinese\', \'Traditional Chinese\', \'Italian\', \'Czech\', \'Japanese\', \'Portuguese - Brazil\', \'Danish\', \'Finnish\']','https://www.stationeers.com/',3751,729,1059),(544730,'Catan Universe','2017-04-25','1000000 - 2000000',1703,0,0,0,'[\'English\', \'German\', \'French\', \'Spanish - Spain\', \'Dutch\']','http://www.catanuniverse.com',5318,3985,294),(544810,'KARDS - The WWII Card Game','2020-04-15','1000000 - 2000000',1112,0,0,3,'[\'English\', \'French\', \'German\', \'Polish\', \'Portuguese - Brazil\', \'Russian\', \'Simplified Chinese\', \'Italian\', \'Spanish - Spain\', \'Portuguese\', \'Spanish - Latin America\', \'Traditional Chinese\', \'Korean\']','https://www.kards.com/',19408,4169,370),(546560,'Half-Life: Alyx','2020-03-23','2000000 - 5000000',930,0,59.99,1,'[\'English\', \'French\', \'German\', \'Spanish - Spain\', \'Japanese\', \'Korean\', \'Russian\', \'Simplified Chinese\', \'Spanish - Latin America\', \'Traditional Chinese\', \'Italian\', \'Czech\', \'Hungarian\', \'Polish\', \'Portuguese\', \'Portuguese - Brazil\', \'Ukrainian\', \'Vietnamese\', \'Bulgarian\', \'Greek\', \'Danish\', \'Dutch\', \'Norwegian\', \'Romanian\', \'Thai\', \'Turkish\', \'Finnish\', \'Swedish\']','http://half-life.com',71580,1112,802),(547710,'Darkness Ahead','2016-11-02','20000 - 50000',2470,0,0.49,0,'[\'English\']','',31,17,334),(548430,'Deep Rock Galactic','2020-05-13','2000000 - 5000000',10087,0,29.99,8,'[\'English\', \'French\', \'German\', \'Spanish - Spain\', \'Polish\', \'Portuguese - Brazil\', \'Russian\', \'Simplified Chinese\', \'Traditional Chinese\', \'Ukrainian\', \'Italian\', \'Japanese\', \'Korean\', \'Turkish\', \'Spanish - Latin America\']','http://deeprockgalactic.com',138093,4679,2633),(550650,'Black Squad','2019-06-26','10000000 - 20000000',1033,0,0,2,'[\'English\', \'French\', \'German\', \'Spanish - Spain\', \'Russian\', \'Simplified Chinese\', \'Traditional Chinese\', \'Portuguese - Brazil\', \'Japanese\', \'Thai\', \'Turkish\', \'Korean\', \'Portuguese\', \'Spanish - Latin America\']','http://www.blacksquad.com/',60278,18642,1342),(551170,'Onmyoji','2018-04-18','200000 - 500000',1481,0,0,0,'[\'English\']','https://en.onmyojigame.com/',2004,447,76),(552100,'Brick Rigs','2016-11-07','500000 - 1000000',1107,0,14.99,0,'[\'English\', \'German\']','',24873,1958,2827),(552500,'Warhammer: Vermintide 2','2018-03-08','2000000 - 5000000',5603,0,29.99,14,'[\'English\', \'French\', \'Italian\', \'German\', \'Spanish - Spain\', \'Polish\', \'Portuguese - Brazil\', \'Russian\', \'Simplified Chinese\']','http://www.vermintide.com',73796,14606,2032),(552520,'Far Cry   5','2018-03-26','2000000 - 5000000',2164,17,59.99,5,'[\'English\', \'French\', \'Italian\', \'German\', \'Spanish - Spain\', \'Arabic\', \'Czech\', \'Dutch\', \'Japanese\', \'Korean\', \'Polish\', \'Portuguese - Brazil\', \'Russian\', \'Simplified Chinese\', \'Traditional Chinese\']','https://far-cry.ubisoft.com/',100620,25286,1756),(552990,'World of Warships','2017-11-15','10000000 - 20000000',12765,0,0,19,'[\'English\', \'French\', \'German\', \'Czech\', \'Japanese\', \'Polish\', \'Russian\', \'Thai\', \'Turkish\', \'Spanish - Spain\', \'Korean\', \'Portuguese - Brazil\', \'Traditional Chinese\', \'Italian\', \'Simplified Chinese\', \'Ukrainian\', \'Dutch\', \'Spanish - Latin America\']','https://steam.worldofwarships.com/',84095,20197,4216),(553540,'Phantom Brigade','2023-02-28','100000 - 200000',5476,0,23.99,1,'[\'English\', \'French\', \'Italian\', \'German\', \'Spanish - Spain\', \'Japanese\', \'Korean\', \'Portuguese - Brazil\', \'Russian\', \'Simplified Chinese\', \'Traditional Chinese\']','https://braceyourselfgames.com/phantom-brigade/',847,149,393),(553850,'HELLDIVERS 2','2024-02-08','200000 - 500000',150748,17,39.99,1,'[\'English\', \'French\', \'Italian\', \'German\', \'Spanish - Spain\', \'Japanese\', \'Korean\', \'Portuguese - Brazil\', \'Spanish - Latin America\', \'Polish\', \'Portuguese - Portugal\', \'Russian\', \'Simplified Chinese\', \'Traditional Chinese\']','',20760,5981,0),(555160,'Pavlov VR','2017-02-27','2000000 - 5000000',1456,0,24.99,0,'[\'English\']','http://vankrupt.com/',31064,1808,833),(560130,'Pillars of Eternity II: Deadfire','2018-05-08','500000 - 1000000',1045,17,39.99,10,'[\'English\', \'French\', \'Italian\', \'German\', \'Spanish - Spain\', \'Polish\', \'Russian\', \'Simplified Chinese\', \'Portuguese - Brazil\']','https://eternity.obsidian.net/',13018,1863,1953),(570940,'DARK SOULS  REMASTERED','2018-05-23','1000000 - 2000000',1354,17,39.99,0,'[\'English\', \'French\', \'Italian\', \'German\', \'Spanish - Spain\', \'Japanese\', \'Korean\', \'Polish\', \'Portuguese - Brazil\', \'Russian\', \'Simplified Chinese\', \'Traditional Chinese\']','',60505,7460,1975),(571740,'Golf It!','2017-02-17','1000000 - 2000000',1385,0,8.99,0,'[\'English\', \'German\', \'Spanish - Spain\', \'Japanese\', \'Russian\', \'Czech\', \'French\', \'Korean\', \'Swedish\']','',17211,2030,568),(573090,'Stormworks: Build and Rescue','2020-09-17','500000 - 1000000',2932,0,24.99,1,'[\'English\']','https://geometa.co.uk/stormworks',26542,2272,3829),(578080,'PUBG: BATTLEGROUNDS','2017-12-21','50000000 - 100000000',275374,0,0,0,'[\'English\', \'Korean\', \'Simplified Chinese\', \'French\', \'German\', \'Spanish - Spain\', \'Arabic\', \'Japanese\', \'Polish\', \'Portuguese\', \'Russian\', \'Turkish\', \'Thai\', \'Italian\', \'Portuguese - Brazil\', \'Traditional Chinese\', \'Ukrainian\']','http://www.pubg.com',1154655,895978,21963),(578650,'The Outer Worlds','2020-10-23','500000 - 1000000',1642,17,19.79,4,'[\'English\', \'French\', \'Italian\', \'German\', \'Spanish - Spain\', \'Japanese\', \'Korean\', \'Polish\', \'Russian\', \'Portuguese - Brazil\', \'Simplified Chinese\']','https://www.theouterworlds.com/',16925,2891,982),(581320,'Insurgency: Sandstorm','2018-12-12','2000000 - 5000000',3203,17,14.99,27,'[\'English\', \'French\', \'Italian\', \'German\', \'Simplified Chinese\', \'Russian\', \'Spanish - Latin America\', \'Spanish - Spain\', \'Traditional Chinese\', \'Korean\', \'Danish\', \'Finnish\', \'Hungarian\', \'Japanese\', \'Norwegian\', \'Dutch\', \'Polish\', \'Portuguese\', \'Portuguese - Brazil\', \'Swedish\', \'Czech\', \'Thai\', \'Turkish\']','https://www.focus-home.com/games/insurgency-sandstorm',82246,14439,2398),(582010,'Monster Hunter: World','2018-08-09','10000000 - 20000000',24736,0,29.99,200,'[\'English\', \'French\', \'Italian\', \'German\', \'Spanish - Spain\', \'Arabic\', \'Portuguese - Brazil\', \'Polish\', \'Traditional Chinese\', \'Japanese\', \'Korean\', \'Russian\', \'Simplified Chinese\']','http://www.monsterhunterworld.com/',306872,51885,10717),(582160,'Assassin\'s Creed   Origins','2017-10-26','2000000 - 5000000',1963,17,59.99,6,'[\'English\', \'French\', \'Italian\', \'German\', \'Spanish - Spain\', \'Czech\', \'Dutch\', \'Japanese\', \'Korean\', \'Polish\', \'Portuguese - Brazil\', \'Russian\', \'Simplified Chinese\', \'Traditional Chinese\']','http://assassinscreed.ubisoft.com',69262,10761,3099),(582660,'Black Desert','2017-05-24','5000000 - 10000000',16509,0,9.99,4,'[\'English\', \'French\', \'German\', \'Spanish - Spain\', \'Japanese\', \'Russian\', \'Thai\', \'Turkish\', \'Traditional Chinese\']','https://steam.playblackdesert.com',43769,14463,8122),(588430,'Fallout Shelter','2017-03-29','5000000 - 10000000',1526,0,0,0,'[\'English\', \'French\', \'Italian\', \'German\', \'Spanish - Spain\', \'Russian\']','http://www.falloutshelter.com/',46056,6014,910),(588650,'Dead Cells','2018-08-06','2000000 - 5000000',3368,0,24.99,6,'[\'English\', \'French\', \'Simplified Chinese\', \'Italian\', \'German\', \'Spanish - Spain\', \'Japanese\', \'Portuguese\', \'Russian\', \'Turkish\', \'Korean\', \'Traditional Chinese\', \'Portuguese - Brazil\']','https://dead-cells.com/',106495,3213,2093),(590380,'Into the Breach','2018-02-27','1000000 - 2000000',3540,0,10.04,1,'[\'English\', \'French\', \'Italian\', \'German\', \'Spanish - Spain\', \'Japanese\', \'Polish\', \'Portuguese - Brazil\', \'Russian\', \'Simplified Chinese\', \'Arabic\', \'Korean\', \'Spanish - Latin America\', \'Swedish\', \'Thai\', \'Traditional Chinese\', \'Turkish\']','',14222,832,966),(594570,'Total War: WARHAMMER II','2017-09-28','5000000 - 10000000',19068,0,59.99,22,'[\'English\', \'French\', \'Italian\', \'German\', \'Spanish - Spain\', \'Czech\', \'Korean\', \'Polish\', \'Portuguese - Brazil\', \'Russian\', \'Turkish\', \'Simplified Chinese\', \'Traditional Chinese\']','',107577,8177,12635),(594650,'Hunt: Showdown','2019-08-27','2000000 - 5000000',20564,17,19.99,34,'[\'English\', \'French\', \'Italian\', \'German\', \'Spanish - Spain\', \'Russian\', \'Simplified Chinese\', \'Polish\', \'Turkish\', \'Japanese\', \'Portuguese - Brazil\']','https://www.huntshowdown.com/',111202,22833,6074),(599140,'Graveyard Keeper','2018-08-15','1000000 - 2000000',1200,0,19.99,5,'[\'English\', \'French\', \'German\', \'Simplified Chinese\', \'Spanish - Spain\', \'Portuguese - Brazil\', \'Korean\', \'Japanese\', \'Russian\', \'Italian\', \'Polish\']','http://graveyardkeeper.com',23716,3895,1787),(601150,'Devil May Cry 5','2019-03-07','2000000 - 5000000',2382,17,29.99,32,'[\'English\', \'French\', \'Italian\', \'German\', \'Spanish - Spain\', \'Portuguese - Brazil\', \'Polish\', \'Russian\', \'Simplified Chinese\', \'Traditional Chinese\', \'Japanese\', \'Korean\']','http://www.capcom.co.jp/devil5/',77418,4134,2049),(601510,'Yu-Gi-Oh! Duel Links','2017-11-16','2000000 - 5000000',3563,0,0,0,'[\'English\', \'French\', \'Italian\', \'German\', \'Spanish - Spain\', \'Portuguese - Brazil\', \'Russian\', \'Simplified Chinese\', \'Traditional Chinese\', \'Korean\', \'Japanese\']','https://www.konami.com/yugioh/duel_links/',31355,6029,2847),(602960,'Barotrauma','2019-06-05','1000000 - 2000000',2686,0,29.99,2,'[\'English\', \'French\', \'German\', \'Portuguese - Brazil\', \'Russian\', \'Simplified Chinese\', \'Traditional Chinese\', \'Spanish - Spain\', \'Polish\', \'Spanish - Latin America\', \'Turkish\', \'Japanese\', \'Korean\']','http://barotraumagame.com/',28384,2336,2327),(610080,'Realm Grinder','2017-06-15','500000 - 1000000',1114,0,0,0,'[\'English\', \'French\', \'Italian\', \'German\', \'Spanish - Spain\', \'Portuguese - Brazil\', \'Russian\']','',5051,753,5974),(613100,'House Flipper','2018-05-17','1000000 - 2000000',5948,0,12.49,7,'[\'English\', \'French\', \'Italian\', \'German\', \'Spanish - Spain\', \'Polish\', \'Russian\', \'Simplified Chinese\', \'Czech\', \'Japanese\', \'Korean\', \'Romanian\', \'Turkish\', \'Hungarian\', \'Portuguese - Brazil\', \'Traditional Chinese\', \'Ukrainian\', \'Greek\', \'Dutch\', \'Norwegian\', \'Portuguese\', \'Spanish - Latin America\']','http://houseflippergame.com/',59039,4160,1313),(615530,'Love, Money, Rock\'n\'Roll','2022-08-04','100000 - 200000',3036,0,19.99,1,'[\'English\', \'Russian\']','https://lmr.su',1351,267,109),(620980,'Beat Saber','2019-05-21','2000000 - 5000000',1364,0,29.99,71,'[\'English\', \'French\', \'German\', \'Spanish - Spain\', \'Japanese\', \'Korean\', \'Spanish - Latin America\']','http://beatsaber.com',61280,2549,1923),(621060,'PC Building Simulator','2019-01-29','1000000 - 2000000',947,0,19.99,11,'[\'English\', \'French\', \'German\', \'Japanese\', \'Portuguese - Brazil\', \'Russian\', \'Simplified Chinese\', \'Spanish - Spain\', \'Korean\', \'Polish\']','http://www.pcbuildingsim.com/',41563,2558,939),(627690,'Idle Champions of the Forgotten Realms','2020-03-25','1000000 - 2000000',6247,0,0,20,'[\'English\', \'French\', \'German\', \'Portuguese - Brazil\', \'Russian\', \'Simplified Chinese\', \'Spanish - Latin America\']','http://www.idlechampions.com',8436,2055,2122),(629520,'Soundpad','2017-09-30','1000000 - 2000000',13945,0,4.99,0,'[\'English\', \'German\', \'French\', \'Korean\', \'Portuguese - Brazil\', \'Russian\', \'Simplified Chinese\', \'Italian\', \'Spanish - Spain\', \'Japanese\', \'Polish\', \'Thai\', \'Czech\', \'Danish\', \'Dutch\', \'Finnish\', \'Norwegian\', \'Swedish\', \'Turkish\', \'Ukrainian\', \'Bulgarian\', \'Greek\', \'Hungarian\', \'Romanian\', \'Vietnamese\']','https://www.leppsoft.com/soundpad/',41198,1427,17073),(629730,'Blade and Sorcery','2018-12-11','1000000 - 2000000',1529,0,19.99,0,'[\'English\']','https://warpfrog.com/',31863,1156,969),(629760,'MORDHAU','2019-04-29','2000000 - 5000000',2421,0,29.99,4,'[\'English\', \'German\', \'Spanish - Spain\', \'Simplified Chinese\', \'French\', \'Italian\', \'Portuguese\', \'Russian\', \'Korean\', \'Traditional Chinese\']','http://mordhau.com',82439,19109,3230),(632360,'Risk of Rain 2','2020-08-11','5000000 - 10000000',9730,0,24.99,3,'[\'English\', \'French\', \'Italian\', \'German\', \'Spanish - Spain\', \'Japanese\', \'Korean\', \'Portuguese - Brazil\', \'Russian\', \'Simplified Chinese\', \'Turkish\']','https://www.riskofrain.com/',199048,7354,3323),(632470,'Disco Elysium - The Final Cut','2019-10-15','1000000 - 2000000',1586,0,39.99,2,'[\'English\', \'Simplified Chinese\', \'Spanish - Spain\', \'Korean\', \'Portuguese - Brazil\', \'French\', \'German\', \'Traditional Chinese\', \'Russian\', \'Polish\']','http://www.zaumstudio.com',55250,3244,979),(633230,'NARUTO TO BORUTO: SHINOBI STRIKER','2018-08-30','1000000 - 2000000',850,0,49.99,38,'[\'English\', \'French\', \'Italian\', \'German\', \'Spanish - Spain\', \'Korean\', \'Polish\', \'Russian\', \'Simplified Chinese\', \'Traditional Chinese\', \'Portuguese - Brazil\', \'Spanish - Latin America\']','https://www.bandainamcoent.com/games/naruto-to-boruto-shinobi-striker',40108,6561,1224),(635260,'CarX Drift Racing Online','2017-11-17','1000000 - 2000000',3172,0,14.99,22,'[\'English\', \'Russian\', \'French\', \'Italian\', \'Korean\', \'Japanese\', \'German\', \'Spanish - Spain\', \'Traditional Chinese\', \'Simplified Chinese\', \'Polish\', \'Portuguese\']','http://carx-online.com',44360,2186,2052),(636480,'Ravenfield','2017-05-18','1000000 - 2000000',1364,0,14.99,0,'[\'English\']','http://ravenfieldgame.com/',49412,1500,1427),(637090,'BATTLETECH','2018-04-24','1000000 - 2000000',2576,0,39.99,5,'[\'English\', \'French\', \'German\', \'Russian\']','http://battletechgame.com/',21676,4556,5202),(637650,'FINAL FANTASY XV WINDOWS EDITION','2018-03-06','1000000 - 2000000',821,13,34.99,2,'[\'English\', \'French\', \'Italian\', \'German\', \'Spanish - Spain\', \'Japanese\', \'Korean\', \'Portuguese - Brazil\', \'Russian\', \'Simplified Chinese\', \'Traditional Chinese\']','https://www.finalfantasyxv.com/',34699,7419,3312),(638970,'Yakuza 0','2018-08-01','1000000 - 2000000',1368,17,19.99,0,'[\'English\', \'Japanese\']','',48819,2533,2017),(640820,'Pathfinder: Kingmaker - Enhanced Plus Edition','2018-09-25','1000000 - 2000000',1878,0,8.99,7,'[\'English\', \'French\', \'German\', \'Russian\', \'Simplified Chinese\']','https://owlcatgames.com/',21824,6001,4221),(641990,'The Escapists 2','2017-08-21','2000000 - 5000000',1288,0,19.99,5,'[\'English\', \'French\', \'German\', \'Spanish - Spain\', \'Russian\', \'Simplified Chinese\', \'Italian\']','https://www.team17.com/games/the-escapists-2/',21436,2324,467),(644930,'They Are Billions','2019-06-18','1000000 - 2000000',4693,0,29.99,1,'[\'English\', \'Spanish - Spain\', \'French\', \'German\', \'Japanese\', \'Korean\', \'Polish\', \'Portuguese - Brazil\', \'Russian\', \'Simplified Chinese\', \'Traditional Chinese\', \'Italian\']','http://www.numantiangames.com/theyarebillions',33548,5903,2694),(646570,'Slay the Spire','2019-01-23','2000000 - 5000000',11641,0,24.99,1,'[\'English\', \'Simplified Chinese\', \'French\', \'German\', \'Korean\', \'Russian\', \'Japanese\', \'Polish\', \'Ukrainian\', \'Spanish - Spain\', \'Italian\', \'Dutch\', \'Traditional Chinese\', \'Turkish\', \'Thai\', \'Portuguese - Brazil\', \'Vietnamese\']','https://www.megacrit.com/',112452,2428,4791),(646910,'The Crew 2','2018-06-28','2000000 - 5000000',1774,0,49.99,1,'[\'English\', \'French\', \'Italian\', \'German\', \'Spanish - Spain\', \'Arabic\', \'Dutch\', \'Japanese\', \'Korean\', \'Polish\', \'Portuguese - Brazil\', \'Russian\', \'Simplified Chinese\', \'Traditional Chinese\']','http://thecrew-game.com',48965,11781,3990),(648800,'Raft','2022-06-20','5000000 - 10000000',39404,0,19.99,0,'[\'English\', \'French\', \'Italian\', \'German\', \'Spanish - Spain\', \'Japanese\', \'Korean\', \'Polish\', \'Portuguese - Brazil\', \'Russian\', \'Simplified Chinese\', \'Swedish\']','http://www.raft-game.com',182819,13311,2875),(655500,'MX Bikes','2019-10-07','200000 - 500000',1248,0,34.99,0,'[\'English\']','http://www.mx-bikes.com',6948,453,3174),(663090,'Granado Espada','2017-10-15','100000 - 200000',2213,0,0,1,'[\'English\']','http://www.granadoespada.com',594,396,35),(665300,'Stream Avatars','2017-07-26','100000 - 200000',1387,0,14.99,1,'[\'English\']','https://streamavatars.com/',1300,63,8639),(666140,'My Time At Portia','2019-01-15','1000000 - 2000000',1608,0,7.49,6,'[\'English\', \'Simplified Chinese\', \'French\', \'German\', \'Traditional Chinese\', \'Italian\', \'Spanish - Spain\', \'Japanese\', \'Korean\', \'Russian\', \'Turkish\', \'Portuguese - Brazil\']','http://portia.pathea.net',35027,2751,3908),(668580,'Atomic Heart','2023-02-20','200000 - 500000',24362,17,59.99,5,'[\'English\', \'French\', \'German\', \'Spanish - Spain\', \'Japanese\', \'Russian\', \'Simplified Chinese\', \'Korean\', \'Polish\', \'Portuguese - Brazil\', \'Italian\', \'Traditional Chinese\', \'Ukrainian\']','https://www.focus-entmt.com/games/atomic-heart',8955,1289,348),(669330,'Mechabellum','2023-05-11','50000 - 100000',2210,0,11.99,0,'[\'Simplified Chinese\', \'English\', \'French\', \'German\', \'Traditional Chinese\']','',406,32,74),(671860,'BattleBit Remastered','2023-06-15','200000 - 500000',40124,0,14.99,1,'[\'English\', \'French\', \'Italian\', \'German\', \'Spanish - Spain\', \'Arabic\', \'Czech\', \'Dutch\', \'Finnish\', \'Hungarian\', \'Japanese\', \'Korean\', \'Norwegian\', \'Polish\', \'Portuguese - Brazil\', \'Russian\', \'Simplified Chinese\', \'Swedish\', \'Traditional Chinese\', \'Turkish\', \'Ukrainian\', \'Vietnamese\', \'Belarusian\', \'Estonian\', \'Macedonian\', \'Serbian\', \'Slovak\']','http://joinbattlebit.com',7213,818,206),(673950,'Farm Together','2018-10-11','500000 - 1000000',2637,0,19.99,12,'[\'English\', \'Spanish - Spain\', \'Italian\', \'Russian\', \'Norwegian\', \'Romanian\', \'Swedish\', \'German\', \'Portuguese - Brazil\', \'French\', \'Simplified Chinese\', \'Finnish\', \'Dutch\', \'Portuguese\', \'Turkish\', \'Hungarian\', \'Japanese\', \'Thai\', \'Danish\', \'Polish\', \'Traditional Chinese\', \'Spanish - Latin America\', \'Czech\', \'Korean\', \'Vietnamese\']','',16575,1030,9573),(677620,'Splitgate','2019-05-24','5000000 - 10000000',1362,0,0,3,'[\'English\', \'French\', \'Italian\', \'German\', \'Japanese\', \'Polish\', \'Romanian\', \'Russian\', \'Portuguese - Brazil\', \'Spanish - Latin America\', \'Spanish - Spain\', \'Portuguese\', \'Turkish\', \'Korean\', \'Traditional Chinese\']','https://1047games.com',94853,8727,485),(678950,'DRAGON BALL FighterZ','2018-01-26','2000000 - 5000000',1742,0,59.99,33,'[\'English\', \'French\', \'Italian\', \'German\', \'Spanish - Spain\', \'Korean\', \'Polish\', \'Portuguese - Brazil\', \'Russian\', \'Simplified Chinese\', \'Traditional Chinese\', \'Spanish - Latin America\']','https://www.bandainamcoent.com/',47784,5347,4674),(680420,'OUTRIDERS','2021-04-01','1000000 - 2000000',3710,17,39.99,2,'[\'English\', \'French\', \'Italian\', \'German\', \'Spanish - Spain\', \'Korean\', \'Polish\', \'Portuguese - Brazil\', \'Russian\', \'Simplified Chinese\', \'Spanish - Latin America\', \'Traditional Chinese\', \'Japanese\']','https://outriders.square-enix-games.com/en-gb/',37517,19753,3009),(686810,'Hell Let Loose','2021-07-27','1000000 - 2000000',13986,0,26.79,9,'[\'English\', \'French\', \'German\', \'Spanish - Spain\', \'Russian\', \'Simplified Chinese\', \'Polish\', \'Portuguese - Brazil\', \'Traditional Chinese\', \'Korean\', \'Japanese\']','https://www.hellletloose.com/',65532,11458,2858),(690790,'DiRT Rally 2.0','2019-02-25','1000000 - 2000000',1412,0,4.99,44,'[\'English\', \'French\', \'Italian\', \'German\', \'Spanish - Spain\', \'Polish\', \'Portuguese - Brazil\', \'Japanese\']','http://www.dirtrally2.com',24496,4056,1120),(690830,'Foundation','2019-02-01','500000 - 1000000',878,0,29.99,1,'[\'English\', \'French\', \'Italian\', \'German\', \'Spanish - Spain\', \'Russian\', \'Czech\', \'Dutch\', \'Norwegian\', \'Portuguese\', \'Portuguese - Brazil\', \'Simplified Chinese\', \'Finnish\', \'Greek\', \'Japanese\', \'Polish\', \'Swedish\', \'Turkish\', \'Vietnamese\', \'Traditional Chinese\', \'Korean\', \'Danish\', \'Hungarian\', \'Ukrainian\']','https://www.polymorph.games',10045,1463,816),(698670,'Scorn','2022-10-14','100000 - 200000',4688,0,35.99,2,'[\'English\', \'French\', \'Italian\', \'German\', \'Spanish - Spain\', \'Bulgarian\', \'Czech\', \'Danish\', \'Dutch\', \'Finnish\', \'Greek\', \'Hungarian\', \'Japanese\', \'Korean\', \'Norwegian\', \'Polish\', \'Portuguese - Portugal\', \'Portuguese - Brazil\', \'Romanian\', \'Russian\', \'Simplified Chinese\', \'Spanish - Latin America\', \'Swedish\', \'Traditional Chinese\', \'Turkish\', \'Ukrainian\', \'Vietnamese\', \'Arabic\', \'Thai\']','http://www.scorn-game.com',2867,1214,164),(699130,'World War Z: Aftermath','2021-09-21','200000 - 500000',1447,0,39.99,2,'[\'Russian\', \'English\', \'Spanish - Spain\', \'Traditional Chinese\', \'French\', \'Italian\', \'German\', \'Korean\', \'Polish\', \'Portuguese - Brazil\', \'Simplified Chinese\']','https://wwzgame.com/',6988,1348,976),(700330,'SCP: Secret Laboratory','2017-12-29','5000000 - 10000000',4118,0,0,0,'[\'English\', \'Polish\', \'Italian\', \'German\', \'Spanish - Spain\', \'Czech\', \'Dutch\', \'Russian\', \'French\', \'Turkish\', \'Portuguese\', \'Ukrainian\', \'Traditional Chinese\', \'Korean\', \'Hungarian\', \'Simplified Chinese\', \'Finnish\', \'Danish\', \'Japanese\', \'Norwegian\', \'Portuguese - Brazil\', \'Thai\', \'Swedish\', \'Vietnamese\', \'Romanian\']','https://scpslgame.com/',128828,11947,894),(702320,'March of Empires','2017-12-11','200000 - 500000',1517,0,0,0,'[\'English\', \'French\', \'Italian\', \'German\', \'Spanish - Spain\', \'Arabic\', \'Japanese\', \'Korean\', \'Polish\', \'Portuguese - Brazil\', \'Russian\', \'Simplified Chinese\', \'Thai\', \'Traditional Chinese\', \'Turkish\', \'Portuguese\']','',790,399,2866),(703080,'Planet Zoo','2019-11-05','2000000 - 5000000',4865,0,44.99,12,'[\'English\', \'French\', \'German\', \'Spanish - Spain\', \'Japanese\', \'Korean\', \'Portuguese - Brazil\', \'Simplified Chinese\', \'Traditional Chinese\', \'Italian\', \'Czech\', \'Danish\', \'Dutch\', \'Norwegian\', \'Polish\', \'Russian\', \'Spanish - Latin America\', \'Swedish\']','https://www.planetzoogame.com/',52931,5735,1900),(704450,'Neverwinter Nights: Enhanced Edition','2018-03-27','500000 - 1000000',1251,0,19.99,11,'[\'English\', \'French\', \'Italian\', \'German\', \'Spanish - Spain\', \'Polish\']','http://nwn.beamdog.com',5443,680,1300),(707010,'Will To Live Online','2018-04-05','500000 - 1000000',1565,0,0,1,'[\'English\', \'Russian\', \'German\', \'Simplified Chinese\']','http://wtlgame.com/',9243,3508,2943),(714010,'Aim Lab','2018-02-07','2000000 - 5000000',6760,0,0,10,'[\'English\', \'Spanish - Spain\', \'Spanish - Latin America\', \'Portuguese - Brazil\', \'French\', \'Italian\', \'German\', \'Japanese\', \'Korean\', \'Polish\', \'Russian\', \'Simplified Chinese\', \'Thai\', \'Traditional Chinese\', \'Turkish\']','https://www.aimlab.gg',69441,3929,625),(715400,'Frozen Flame','2022-11-17','200000 - 500000',3494,0,25.49,0,'[\'English\', \'Russian\', \'Simplified Chinese\', \'Traditional Chinese\', \'French\', \'Italian\', \'German\', \'Spanish - Spain\', \'Japanese\', \'Polish\', \'Portuguese - Brazil\']','https://frozen-flame.com/',557,353,179),(719040,'Wasteland 3','2020-08-27','200000 - 500000',923,0,39.99,4,'[\'English\', \'French\', \'German\', \'Spanish - Spain\', \'Polish\', \'Russian\', \'Italian\', \'Portuguese - Brazil\']','https://www.inxile-entertainment.com/wasteland3',12712,2457,2046),(719890,'Beasts of Bermuda','2018-12-21','200000 - 500000',1794,0,19.99,0,'[\'English\', \'German\', \'Russian\', \'French\', \'Spanish - Spain\', \'Finnish\', \'Hungarian\', \'Portuguese - Brazil\', \'Simplified Chinese\', \'Ukrainian\', \'Swedish\', \'Danish\', \'Turkish\', \'Romanian\', \'Spanish - Latin America\', \'Bulgarian\', \'Dutch\', \'Norwegian\', \'Polish\', \'Traditional Chinese\']','http://beastsofbermuda.com',4107,1521,17147),(728880,'Overcooked! 2','2018-08-07','2000000 - 5000000',4765,0,24.99,6,'[\'English\', \'French\', \'Italian\', \'German\', \'Spanish - Spain\', \'Japanese\', \'Simplified Chinese\', \'Korean\', \'Polish\', \'Portuguese - Brazil\', \'Traditional Chinese\', \'Russian\']','http://www.ghosttowngames.com/overcooked-2/',37048,3957,690),(729040,'Borderlands Game of the Year Enhanced','2019-04-03','1000000 - 2000000',865,17,29.99,0,'[\'English\', \'French\', \'Italian\', \'German\', \'Spanish - Spain\', \'Japanese\']','',13788,2222,1144),(736590,'Operation: Harsh Doorstop','2023-02-15','200000 - 500000',1589,0,0,4,'[\'English\']','https://www.patreon.com/drakelinglabs',964,505,82),(736820,'Knights of Honor II: Sovereign','2022-12-06','20000 - 50000',5639,0,39.59,1,'[\'English\', \'French\', \'German\', \'Spanish - Spain\', \'Simplified Chinese\', \'Japanese\', \'Korean\', \'Polish\', \'Russian\', \'Turkish\', \'Hindi\', \'Indonesian\']','',855,322,541),(739630,'Phasmophobia','2020-09-18','10000000 - 20000000',22161,0,13.99,0,'[\'English\', \'Portuguese\', \'Spanish - Spain\', \'Portuguese - Brazil\', \'German\', \'French\', \'Italian\', \'Bulgarian\', \'Czech\', \'Danish\', \'Dutch\', \'Finnish\', \'Greek\', \'Hungarian\', \'Japanese\', \'Korean\', \'Norwegian\', \'Polish\', \'Romanian\', \'Russian\', \'Simplified Chinese\', \'Swedish\', \'Traditional Chinese\', \'Turkish\', \'Ukrainian\']','http://kineticgames.co.uk/',441220,13579,1611),(740130,'Tales of Arise','2021-09-09','2000000 - 5000000',1283,0,59.99,27,'[\'English\', \'French\', \'Italian\', \'German\', \'Spanish - Spain\', \'Japanese\', \'Korean\', \'Portuguese - Brazil\', \'Russian\', \'Spanish - Latin America\', \'Traditional Chinese\', \'Simplified Chinese\']','',21929,2286,2598),(744900,'Dead Frontier 2','2019-07-15','2000000 - 5000000',865,0,0,0,'[\'English\', \'Portuguese - Brazil\', \'Spanish - Spain\', \'Portuguese\', \'Spanish - Latin America\', \'German\', \'Simplified Chinese\', \'Russian\', \'French\', \'Italian\', \'Japanese\', \'Traditional Chinese\']','http://www.deadfrontier2.com',14316,5811,208),(745920,'Temtem','2020-01-21','500000 - 1000000',928,0,41.99,0,'[\'English\', \'French\', \'German\', \'Spanish - Spain\', \'Japanese\', \'Korean\', \'Simplified Chinese\', \'Portuguese - Brazil\']','https://crema.gg/games/temtem/',28128,4297,3434),(750920,'Shadow of the Tomb Raider: Definitive Edition','2018-09-14','1000000 - 2000000',904,17,0,0,'[\'English\', \'French\', \'Italian\', \'German\', \'Spanish - Spain\', \'Korean\', \'Polish\', \'Portuguese - Brazil\', \'Russian\', \'Simplified Chinese\', \'Traditional Chinese\', \'Arabic\']','https://www.tombraider.com/',51870,10026,1914),(756800,'Contraband Police','2023-03-08','50000 - 100000',7855,0,17.59,0,'[\'English\', \'French\', \'Italian\', \'German\', \'Spanish - Spain\', \'Simplified Chinese\', \'Polish\', \'Portuguese - Brazil\', \'Russian\', \'Thai\', \'Turkish\', \'Japanese\', \'Traditional Chinese\', \'Spanish - Latin America\', \'Dutch\', \'Korean\', \'Portuguese - Portugal\', \'Ukrainian\']','',1462,92,175),(761890,'Albion Online','2018-05-16','2000000 - 5000000',9406,0,0,0,'[\'English\', \'French\', \'German\', \'Spanish - Spain\', \'Portuguese - Brazil\', \'Polish\', \'Russian\', \'Portuguese\', \'Spanish - Latin America\', \'Korean\', \'Simplified Chinese\']','https://albiononline.com',39485,10008,2563),(766570,'Russian Fishing 4','2021-11-10','2000000 - 5000000',5848,0,0,1,'[\'English\', \'German\', \'Russian\', \'Simplified Chinese\', \'French\', \'Spanish - Spain\', \'Polish\', \'Portuguese - Brazil\', \'Dutch\', \'Korean\', \'Japanese\', \'Traditional Chinese\', \'Turkish\']','https://rf4game.com/',19370,5757,3578),(767560,'War Robots','2018-04-04','1000000 - 2000000',1839,0,0,0,'[\'English\', \'French\', \'Italian\', \'German\', \'Spanish - Spain\', \'Dutch\', \'Japanese\', \'Korean\', \'Polish\', \'Portuguese - Brazil\', \'Russian\', \'Simplified Chinese\', \'Thai\', \'Traditional Chinese\', \'Turkish\']','https://warrobots.com',8243,4885,394),(768200,'Smalland: Survive the Wilds','2023-03-29','100000 - 200000',11894,0,22.49,0,'[\'English\', \'French\', \'German\', \'Spanish - Spain\', \'Japanese\', \'Portuguese - Brazil\', \'Russian\']','https://www.mergegames.com/games/smalland/',1177,248,199),(774171,'Muse Dash','2019-06-19','1000000 - 2000000',1452,0,2.99,1,'[\'Japanese\', \'Simplified Chinese\', \'English\', \'Traditional Chinese\', \'Korean\']','http://www.peroperogames.com/',66332,4419,2642),(774801,'Crab Champions','2023-04-01','0 - 20000',2789,0,8.49,0,'[\'English\']','https://crabchampions.com/',1211,19,0),(779340,'Total War: THREE KINGDOMS','2019-05-23','2000000 - 5000000',7088,0,59.99,12,'[\'English\', \'French\', \'Italian\', \'German\', \'Spanish - Spain\', \'Czech\', \'Korean\', \'Polish\', \'Portuguese - Brazil\', \'Russian\', \'Simplified Chinese\', \'Traditional Chinese\', \'Turkish\']','https://www.totalwar.com/',64497,26725,6223),(780290,'Gloomhaven','2021-10-20','200000 - 500000',1979,0,34.99,2,'[\'English\', \'French\', \'German\', \'Spanish - Spain\']','http://www.asmodee-digital.com/en/gloomhaven',9181,1349,1831),(780310,'The Riftbreaker','2021-10-14','1000000 - 2000000',3505,0,29.99,2,'[\'English\', \'French\', \'German\', \'Spanish - Spain\', \'Japanese\', \'Korean\', \'Polish\', \'Russian\', \'Simplified Chinese\', \'Portuguese - Brazil\']','http://www.riftbreaker.com/',10236,902,1307),(782330,'DOOM Eternal','2020-03-19','2000000 - 5000000',1857,17,39.99,13,'[\'English\', \'French\', \'Italian\', \'German\', \'Spanish - Spain\', \'Japanese\', \'Korean\', \'Portuguese - Brazil\', \'Simplified Chinese\', \'Spanish - Latin America\', \'Traditional Chinese\', \'Polish\', \'Russian\']','https://slayersclub.bethesda.net/en',139391,13658,1696),(784080,'MechWarrior 5: Mercenaries','2021-05-26','100000 - 200000',1236,0,29.99,4,'[\'English\', \'French\', \'German\', \'Russian\']','https://mw5mercs.com/',4721,899,3663),(784150,'Workers & Resources: Soviet Republic','2019-03-15','200000 - 500000',1435,0,34.99,2,'[\'English\', \'French\', \'German\', \'Polish\', \'Russian\', \'Simplified Chinese\', \'Spanish - Spain\', \'Italian\', \'Czech\', \'Japanese\', \'Portuguese - Brazil\', \'Romanian\', \'Hungarian\']','http://sovietrepublic.net',10272,1070,6536),(784950,'CONFLICT OF NATIONS: WORLD WAR 3','2018-03-15','200000 - 500000',785,0,0,3,'[\'English\', \'French\', \'Italian\', \'German\', \'Spanish - Spain\', \'Polish\', \'Russian\', \'Turkish\', \'Czech\', \'Portuguese\', \'Portuguese - Brazil\']','https://www.conflictnations.com/',1776,618,273),(786520,'SAO Utils: Beta','2018-03-14','200000 - 500000',2560,0,3.99,0,'[\'English\', \'Japanese\', \'Simplified Chinese\', \'Traditional Chinese\']','http://sao.gpbeta.com',2327,339,7233),(787860,'Farming Simulator 19','2018-11-19','1000000 - 2000000',7477,0,19.99,10,'[\'English\', \'French\', \'Italian\', \'German\', \'Spanish - Spain\', \'Czech\', \'Dutch\', \'Hungarian\', \'Japanese\', \'Korean\', \'Polish\', \'Portuguese\', \'Portuguese - Brazil\', \'Romanian\', \'Russian\', \'Simplified Chinese\', \'Traditional Chinese\', \'Turkish\']','',58964,3780,11293),(788100,'Neon Abyss','2020-07-14','1000000 - 2000000',1108,0,19.99,4,'[\'English\', \'Simplified Chinese\', \'French\', \'Italian\', \'German\', \'Spanish - Spain\', \'Japanese\', \'Russian\', \'Traditional Chinese\']','https://www.veewo.com/neonabyss',15937,1978,1138),(794260,'Outward Definitive Edition','2022-05-17','500000 - 1000000',800,0,39.99,3,'[\'English\', \'French\', \'German\', \'Spanish - Spain\', \'Italian\', \'Japanese\', \'Korean\', \'Polish\', \'Portuguese - Brazil\', \'Russian\', \'Simplified Chinese\', \'Turkish\']','https://www.ninedotsstudio.com/outward',15038,5272,1421),(799600,'Cosmoteer: Starship Architect & Commander','2022-10-24','200000 - 500000',10789,0,17.99,0,'[\'English\', \'French\', \'German\', \'Portuguese - Brazil\', \'Russian\', \'Simplified Chinese\', \'Spanish - Latin America\']','https://cosmoteer.net/',1240,40,253),(805550,'Assetto Corsa Competizione','2019-05-29','500000 - 1000000',3933,0,13.59,6,'[\'English\', \'Italian\', \'French\', \'German\', \'Spanish - Spain\', \'Simplified Chinese\', \'Traditional Chinese\', \'Korean\', \'Japanese\', \'Polish\', \'Portuguese\', \'Russian\']','https://www.assettocorsa.net/competizione',19796,1962,5671),(812140,'Assassin\'s Creed   Odyssey','2018-10-05','2000000 - 5000000',4956,0,59.99,3,'[\'English\', \'French\', \'Italian\', \'German\', \'Spanish - Spain\', \'Arabic\', \'Czech\', \'Dutch\', \'Japanese\', \'Korean\', \'Polish\', \'Portuguese - Brazil\', \'Russian\', \'Simplified Chinese\', \'Traditional Chinese\']','http://www.assassinscreed.com',110863,13470,3929),(813230,'ANIMAL WELL','2024-05-09','50000 - 100000',7461,0,22.49,0,'[\'English\', \'French\', \'Italian\', \'German\', \'Spanish - Spain\', \'Simplified Chinese\', \'Japanese\', \'Portuguese - Brazil\', \'Russian\', \'Ukrainian\', \'Korean\']','https://www.animalwell.net',2679,90,0),(813780,'Age of Empires II: Definitive Edition','2019-11-14','2000000 - 5000000',19621,0,19.99,5,'[\'English\', \'French\', \'Italian\', \'German\', \'Japanese\', \'Korean\', \'Portuguese - Brazil\', \'Russian\', \'Simplified Chinese\', \'Spanish - Latin America\', \'Traditional Chinese\', \'Turkish\', \'Vietnamese\', \'Spanish - Spain\', \'Polish\']','https://www.ageofempires.com/games/aoeiide/',99112,5684,3547),(814000,'ONE PIECE ODYSSEY','2023-01-12','20000 - 50000',7167,0,59.99,1,'[\'English\', \'Japanese\', \'French\', \'Italian\', \'German\', \'Spanish - Spain\', \'Polish\', \'Portuguese - Brazil\', \'Russian\', \'Spanish - Latin America\', \'Korean\', \'Simplified Chinese\', \'Thai\', \'Traditional Chinese\', \'Indonesian\']','',658,111,160),(814370,'Monster Sanctuary','2020-12-08','200000 - 500000',932,0,6.79,2,'[\'English\', \'French\', \'German\', \'Spanish - Spain\', \'Russian\', \'Italian\', \'Simplified Chinese\', \'Japanese\', \'Portuguese - Brazil\']','https://monster-sanctuary.com',6070,495,1419),(814380,'Sekiro Shadows Die Twice - GOTY Edition','2019-03-21','5000000 - 10000000',6168,17,59.99,0,'[\'English\', \'French\', \'Italian\', \'German\', \'Spanish - Spain\', \'Japanese\', \'Korean\', \'Polish\', \'Russian\', \'Simplified Chinese\', \'Thai\', \'Traditional Chinese\', \'Portuguese - Brazil\']','http://www.sekirothegame.com/',179498,9339,2160),(815370,'Green Hell','2019-09-05','1000000 - 2000000',1775,0,24.99,0,'[\'English\', \'French\', \'Italian\', \'German\', \'Spanish - Spain\', \'Traditional Chinese\', \'Simplified Chinese\', \'Portuguese\', \'Portuguese - Brazil\', \'Russian\', \'Polish\', \'Czech\', \'Japanese\', \'Korean\', \'Swedish\', \'Thai\', \'Vietnamese\', \'Hungarian\', \'Turkish\']','http://www.greenhell-game.com',41669,6187,1104),(820520,'Deceive Inc.','2023-03-21','50000 - 100000',938,0,19.99,1,'[\'English\', \'French\', \'German\', \'Japanese\', \'Korean\', \'Russian\', \'Traditional Chinese\', \'Spanish - Spain\', \'Simplified Chinese\']','',537,62,183),(824270,'KovaaK\'s','2018-04-03','200000 - 500000',1805,0,12.99,1,'[\'English\']','https://themeta.com/',23480,1785,1270),(824550,'SD GUNDAM BATTLE ALLIANCE','2022-08-24','200000 - 500000',20034,0,59.99,1,'[\'English\', \'French\', \'Italian\', \'German\', \'Spanish - Spain\', \'Thai\', \'Portuguese - Brazil\', \'Simplified Chinese\', \'Traditional Chinese\', \'Japanese\', \'Korean\', \'Spanish - Latin America\']','https://gba.ggame.jp/',1281,892,470),(834910,'ATLAS','2018-12-22','1000000 - 2000000',2332,0,29.99,1,'[\'English\', \'Simplified Chinese\', \'Italian\', \'German\', \'Russian\', \'Traditional Chinese\', \'Turkish\', \'Ukrainian\', \'French\', \'Spanish - Spain\']','http://playatlas.com',19204,21291,4484),(835960,'The Talos Principle 2','2023-11-02','100000 - 200000',1217,0,29.99,1,'[\'English\', \'French\', \'German\', \'Spanish - Spain\', \'Japanese\', \'Korean\', \'Polish\', \'Portuguese - Brazil\', \'Russian\', \'Simplified Chinese\', \'Traditional Chinese\', \'Turkish\']','http://talosprinciple.com',5018,181,1327),(843380,'Super Animal Royale','2021-08-26','500000 - 1000000',1190,0,0,3,'[\'English\', \'Japanese\', \'Korean\', \'Russian\', \'Simplified Chinese\', \'Traditional Chinese\', \'French\', \'Italian\', \'German\', \'Spanish - Spain\', \'Spanish - Latin America\', \'Portuguese - Brazil\']','https://animalroyale.com',29921,1820,395),(848450,'Subnautica: Below Zero','2021-05-13','1000000 - 2000000',1486,0,29.99,1,'[\'English\', \'French\', \'Italian\', \'German\', \'Spanish - Spain\', \'Japanese\', \'Korean\', \'Portuguese - Brazil\', \'Spanish - Latin America\', \'Russian\', \'Simplified Chinese\', \'Turkish\', \'Ukrainian\', \'Czech\', \'Finnish\', \'Hungarian\', \'Polish\', \'Traditional Chinese\']','https://unknownworlds.com/subnautica',61536,5857,1588),(850190,'Goat Simulator 3','2024-02-15','0 - 20000',1630,0,19.49,1,'[\'English\', \'French\', \'Italian\', \'German\', \'Spanish - Spain\', \'Japanese\', \'Korean\', \'Polish\', \'Portuguese - Brazil\', \'Russian\', \'Simplified Chinese\', \'Traditional Chinese\']','https://www.goatsimulator3.com/',414,11,0),(851850,'DRAGON BALL Z: KAKAROT','2020-01-16','500000 - 1000000',1051,0,59.99,6,'[\'English\', \'French\', \'Italian\', \'German\', \'Spanish - Spain\', \'Arabic\', \'Korean\', \'Polish\', \'Portuguese - Brazil\', \'Russian\', \'Simplified Chinese\', \'Spanish - Latin America\', \'Traditional Chinese\', \'Thai\']','https://www.bandainamcoent.com/games/dragon-ball-z-kakarot',30838,2277,2544),(863550,'HITMAN 2','2018-11-13','5000000 - 10000000',1554,0,0,4,'[\'English\', \'French\', \'Italian\', \'German\', \'Spanish - Spain\', \'Polish\', \'Portuguese - Brazil\', \'Russian\', \'Simplified Chinese\', \'Spanish - Latin America\', \'Traditional Chinese\']','http://www.hitman.com/',61972,5945,954),(867210,'Songs of Conquest','2022-05-10','100000 - 200000',849,0,29.99,2,'[\'English\', \'French\', \'Italian\', \'German\', \'Spanish - Spain\', \'Polish\', \'Russian\', \'Portuguese - Brazil\', \'Simplified Chinese\', \'Korean\', \'Traditional Chinese\']','https://www.songsofconquest.com/',2967,421,481),(868270,'The Cycle: Frontier','2022-06-08','2000000 - 5000000',9893,0,0,4,'[\'English\', \'German\', \'French\', \'Spanish - Spain\', \'Polish\', \'Russian\', \'Simplified Chinese\', \'Portuguese - Brazil\', \'Italian\', \'Japanese\', \'Korean\']','https://thecycle.game/',16916,10569,679),(870780,'Control Ultimate Edition','2020-08-27','1000000 - 2000000',824,17,39.99,0,'[\'English\', \'French\', \'Italian\', \'German\', \'Spanish - Spain\', \'Arabic\', \'Japanese\', \'Korean\', \'Polish\', \'Portuguese - Brazil\', \'Russian\', \'Simplified Chinese\', \'Traditional Chinese\']','https://controlgame.com',27911,3700,879),(871980,'Digimon Survive','2022-07-28','50000 - 100000',5795,0,59.99,0,'[\'English\', \'French\', \'Italian\', \'German\', \'Spanish - Spain\', \'Korean\', \'Portuguese - Brazil\', \'Traditional Chinese\', \'Spanish - Latin America\']','',558,150,116),(872410,'ROMANCE OF THE THREE KINGDOMS XIV','2020-01-15','200000 - 500000',3447,0,59.99,39,'[\'Simplified Chinese\', \'Traditional Chinese\', \'Japanese\', \'Korean\', \'English\']','https://www.gamecity.com.tw/sangokushi14/',7075,4983,6140),(872790,'Football Manager 2019','2018-11-02','1000000 - 2000000',2193,0,0,0,'[\'English\', \'French\', \'Italian\', \'German\', \'Spanish - Spain\', \'Czech\', \'Danish\', \'Dutch\', \'Greek\', \'Korean\', \'Norwegian\', \'Polish\', \'Portuguese\', \'Russian\', \'Simplified Chinese\', \'Swedish\', \'Traditional Chinese\', \'Turkish\']','http://www.footballmanager.com/',10690,1665,25933),(880940,'Pummel Party','2018-09-20','2000000 - 5000000',2544,0,14.99,0,'[\'English\', \'French\', \'Italian\', \'German\', \'Spanish - Spain\', \'Japanese\', \'Korean\', \'Russian\', \'Simplified Chinese\', \'Traditional Chinese\']','http://www.rebuiltgames.com/',34324,4108,989),(881020,'Granblue Fantasy: Relink','2024-01-31','200000 - 500000',86915,0,59.99,5,'[\'Japanese\', \'English\', \'Italian\', \'German\', \'Spanish - Spain\', \'Portuguese - Brazil\', \'Simplified Chinese\', \'Traditional Chinese\', \'Korean\', \'French\']','https://relink.granbluefantasy.jp/',6474,1723,0),(881100,'Noita','2020-10-15','1000000 - 2000000',1608,0,19.99,1,'[\'English\', \'French\', \'German\', \'Spanish - Spain\', \'Japanese\', \'Korean\', \'Portuguese - Brazil\', \'Russian\', \'Simplified Chinese\', \'Italian\', \'Polish\']','http://noitagame.com',43235,2071,935),(883710,'Resident Evil 2','2019-01-24','5000000 - 10000000',1659,17,39.99,13,'[\'English\', \'French\', \'Italian\', \'German\', \'Spanish - Spain\', \'Polish\', \'Russian\', \'Simplified Chinese\', \'Traditional Chinese\', \'Japanese\', \'Korean\', \'Portuguese - Brazil\', \'Arabic\', \'Thai\']','http://www.residentevil2.com/',107493,3175,1077),(885970,'Total War: ROME REMASTERED','2021-04-29','200000 - 500000',1073,0,29.99,1,'[\'English\', \'French\', \'Italian\', \'German\', \'Spanish - Spain\', \'Russian\', \'Simplified Chinese\']','https://store.romeremastered.totalwar.com',5812,2186,940),(892970,'Valheim','2021-02-02','20000000 - 50000000',25035,0,19.99,1,'[\'English\', \'French\', \'German\', \'Spanish - Spain\', \'Russian\', \'Simplified Chinese\', \'Turkish\', \'Dutch\', \'Japanese\', \'Portuguese - Brazil\', \'Polish\', \'Ukrainian\']','http://www.valheimgame.com',337177,16241,2778),(895400,'Deadside','2020-04-14','500000 - 1000000',1104,0,19.99,3,'[\'English\', \'Russian\', \'French\', \'German\', \'Spanish - Latin America\']','http://deadsidegame.com',20272,5490,1192),(899770,'Last Epoch','2019-04-30','200000 - 500000',883,0,34.99,0,'[\'English\']','https://lastepoch.com/',11069,1720,2070),(905370,'Conqueror\'s Blade','2019-05-30','2000000 - 5000000',3076,0,0,6,'[\'English\', \'French\', \'German\', \'Spanish - Spain\', \'Turkish\', \'Polish\', \'Russian\']','https://conqblade.com',19057,6192,2496),(919640,'Steel Division 2','2019-06-20','200000 - 500000',784,0,39.99,28,'[\'English\', \'French\', \'German\', \'Spanish - Spain\', \'Russian\', \'Simplified Chinese\']','',4953,1338,6292),(920210,'LEGO   Star Wars  The Skywalker Saga','2022-04-05','500000 - 1000000',2341,0,49.99,8,'[\'English\', \'French\', \'Italian\', \'German\', \'Spanish - Spain\', \'Arabic\', \'Danish\', \'Dutch\', \'Korean\', \'Polish\', \'Portuguese - Brazil\', \'Russian\', \'Spanish - Latin America\', \'Traditional Chinese\', \'Japanese\']','',26627,2212,1362),(924970,'Back 4 Blood','2021-10-12','1000000 - 2000000',2411,17,59.99,2,'[\'English\', \'French\', \'Italian\', \'German\', \'Spanish - Spain\', \'Arabic\', \'Japanese\', \'Korean\', \'Polish\', \'Portuguese - Brazil\', \'Russian\', \'Simplified Chinese\', \'Spanish - Latin America\', \'Traditional Chinese\', \'Turkish\']','https://back4blood.com/',24344,13661,1715),(933110,'Age of Empires III: Definitive Edition','2020-10-15','500000 - 1000000',4647,0,19.99,5,'[\'English\', \'French\', \'Italian\', \'German\', \'Spanish - Spain\', \'Japanese\', \'Korean\', \'Portuguese - Brazil\', \'Russian\', \'Simplified Chinese\', \'Traditional Chinese\', \'Turkish\', \'Vietnamese\']','https://www.ageofempires.com/games/aoeiiide/',22125,5688,1410),(934700,'Dead Island 2','2024-04-22','0 - 20000',10250,18,29.99,13,'[\'English\', \'French\', \'Italian\', \'German\', \'Spanish - Spain\', \'Czech\', \'Japanese\', \'Korean\', \'Polish\', \'Portuguese - Brazil\', \'Russian\', \'Simplified Chinese\', \'Spanish - Latin America\', \'Traditional Chinese\']','http://www.deadisland.com/',1745,857,281),(945360,'Among Us','2018-11-16','20000000 - 50000000',8713,0,3.99,0,'[\'English\', \'Portuguese - Brazil\', \'Spanish - Latin America\', \'Spanish - Spain\', \'Korean\', \'Russian\', \'French\', \'Italian\', \'German\', \'Dutch\', \'Japanese\', \'Portuguese\', \'Simplified Chinese\', \'Traditional Chinese\']','http://innersloth.com/gameAmongUs.php',577656,51069,1360),(949230,'Cities: Skylines II','2023-10-24','1000000 - 2000000',15375,0,49.99,0,'[\'English\', \'French\', \'Italian\', \'German\', \'Japanese\', \'Korean\', \'Polish\', \'Russian\', \'Simplified Chinese\', \'Portuguese - Brazil\', \'Traditional Chinese\', \'Spanish - Spain\']','',23875,15425,1353),(954850,'Kerbal Space Program 2','2023-02-24','200000 - 500000',11386,0,49.99,0,'[\'English\', \'French\', \'Italian\', \'German\', \'Spanish - Spain\', \'Japanese\', \'Korean\', \'Polish\', \'Russian\', \'Simplified Chinese\', \'Portuguese - Brazil\', \'Traditional Chinese\']','https://www.kerbalspaceprogram.com/',3287,3329,234),(955900,'Amazing Cultivation Simulator','2020-11-24','500000 - 1000000',1806,0,24.99,2,'[\'Simplified Chinese\', \'English\']','',16949,2307,4798),(960090,'Bloons TD 6','2018-12-17','2000000 - 5000000',16132,0,9.99,0,'[\'English\', \'French\', \'Italian\', \'German\', \'Danish\', \'Finnish\', \'Japanese\', \'Korean\', \'Norwegian\', \'Portuguese - Brazil\', \'Russian\', \'Simplified Chinese\', \'Spanish - Latin America\', \'Swedish\', \'Traditional Chinese\', \'Turkish\']','https://ninjakiwi.com',193859,4932,2741),(960170,'DJMAX RESPECT V','2020-03-11','500000 - 1000000',980,0,49.99,33,'[\'English\', \'Korean\', \'French\', \'Italian\', \'German\', \'Spanish - Spain\', \'Russian\', \'Japanese\', \'Simplified Chinese\', \'Traditional Chinese\', \'Portuguese\']','',16522,2632,1782),(961200,'Predecessor','2022-11-30','100000 - 200000',6264,0,0,3,'[\'English\']','https://predecessorgame.com/',1062,299,236),(962130,'Grounded','2020-07-28','1000000 - 2000000',2150,0,29.99,0,'[\'English\', \'French\', \'Italian\', \'German\', \'Spanish - Latin America\', \'Korean\', \'Polish\', \'Portuguese - Brazil\', \'Russian\', \'Simplified Chinese\']','https://grounded.obsidian.net',31124,4774,967),(972660,'Spiritfarer  : Farewell Edition','2020-08-18','500000 - 1000000',1208,0,29.99,2,'[\'English\', \'French\', \'Italian\', \'German\', \'Spanish - Spain\', \'Portuguese - Brazil\', \'Russian\', \'Simplified Chinese\', \'Traditional Chinese\', \'Japanese\', \'Korean\']','https://thunderlotusgames.com/spiritfarer',20617,891,894),(973230,'We Who Are About To Die','2022-11-14','50000 - 100000',1478,0,19.79,1,'[\'English\']','https://jordylakiere.net/WeWhoAreAboutToDie-Game',697,93,470),(975370,'Dwarf Fortress','2022-12-06','500000 - 1000000',28026,0,29.99,1,'[\'English\']','',9616,328,681),(976310,'Mortal Kombat 11','2019-04-23','1000000 - 2000000',2317,18,49.99,27,'[\'English\', \'French\', \'Italian\', \'German\', \'Spanish - Spain\', \'Arabic\', \'Polish\', \'Portuguese - Brazil\', \'Russian\', \'Simplified Chinese\', \'Spanish - Latin America\', \'Traditional Chinese\']','http://mortalkombat.com/',57184,8816,2809),(976730,'Halo: The Master Chief Collection','2019-12-03','5000000 - 10000000',4292,18,39.99,6,'[\'English\', \'French\', \'Italian\', \'German\', \'Spanish - Spain\', \'Japanese\', \'Polish\', \'Portuguese\', \'Russian\', \'Simplified Chinese\', \'Spanish - Latin America\', \'Traditional Chinese\']','https://www.halowaypoint.com/halo-the-master-chief-collection',177554,13841,1965),(977400,'Cell to Singularity - Evolution Never Ends','2021-11-03','500000 - 1000000',1346,0,0,0,'[\'English\', \'French\', \'German\', \'Spanish - Spain\', \'Polish\', \'Portuguese\', \'Russian\', \'Italian\', \'Japanese\', \'Korean\', \'Simplified Chinese\', \'Traditional Chinese\', \'Arabic\', \'Ukrainian\', \'Thai\', \'Turkish\', \'Vietnamese\']','http://www.celltosingularity.com/',13520,1432,0),(977950,'A Dance of Fire and Ice','2019-01-24','1000000 - 2000000',2600,0,5.99,3,'[\'English\', \'Spanish - Spain\', \'Korean\', \'Simplified Chinese\', \'Traditional Chinese\', \'Portuguese - Brazil\', \'Japanese\', \'Spanish - Latin America\', \'Polish\', \'Romanian\', \'Russian\', \'Vietnamese\', \'Czech\', \'French\']','http://7thbe.at',39971,2671,800),(983870,'FOUNDRY','2024-05-02','0 - 20000',6064,0,26.99,1,'[\'English\', \'French\', \'German\', \'Spanish - Spain\', \'Japanese\', \'Polish\', \'Russian\', \'Simplified Chinese\', \'Spanish - Latin America\']','https://www.paradoxinteractive.com/games/foundry/',365,75,0),(986130,'Shadows of Doubt','2023-04-24','100000 - 200000',2455,0,17.99,0,'[\'English\', \'French\', \'German\', \'Spanish - Spain\', \'Portuguese - Brazil\', \'Russian\', \'Simplified Chinese\', \'Traditional Chinese\', \'Japanese\']','http://shadows.game',1207,128,732),(990080,'Hogwarts Legacy','2023-02-10','5000000 - 10000000',872138,0,59.99,1,'[\'English\', \'French\', \'Italian\', \'German\', \'Spanish - Spain\', \'Arabic\', \'Japanese\', \'Korean\', \'Polish\', \'Portuguese - Brazil\', \'Russian\', \'Simplified Chinese\', \'Spanish - Latin America\', \'Traditional Chinese\']','https://www.hogwartslegacy.com/',33521,2000,661),(992070,'Idle Wizard','2019-01-24','100000 - 200000',912,0,0,0,'[\'English\']','',928,144,0),(1007040,'EARTH DEFENSE FORCE 5','2019-07-11','500000 - 1000000',806,17,59.99,20,'[\'English\', \'Japanese\', \'Traditional Chinese\', \'Korean\']','https://www.d3p.co.jp/edf5/',6244,351,1687),(1009560,'The Tenants','2021-03-25','200000 - 500000',974,0,19.99,0,'[\'English\', \'Polish\', \'French\', \'Italian\', \'German\', \'Spanish - Spain\', \'Japanese\', \'Simplified Chinese\', \'Russian\', \'Turkish\', \'Hungarian\', \'Korean\', \'Romanian\', \'Traditional Chinese\', \'Danish\', \'Dutch\', \'Portuguese - Brazil\', \'Czech\']','https://www.playthetenants.com/',3826,780,392),(1009850,'OVR Advanced Settings','2020-04-14','500000 - 1000000',3139,0,0,3,'[\'English\']','',1843,78,0),(1013140,'Outcast - A New Beginning','2024-03-15','0 - 20000',870,0,59.99,1,'[\'English\', \'French\', \'Italian\', \'German\', \'Spanish - Spain\', \'Arabic\', \'Portuguese - Brazil\', \'Simplified Chinese\', \'Japanese\', \'Korean\', \'Polish\', \'Russian\']','https://www.outcast2.com',146,30,0),(1013320,'Firestone Idle RPG','2019-09-26','500000 - 1000000',1377,0,0,26,'[\'English\', \'German\', \'Spanish - Spain\', \'Greek\', \'Portuguese - Brazil\', \'Russian\', \'Simplified Chinese\', \'French\', \'Japanese\', \'Korean\', \'Polish\', \'Traditional Chinese\', \'Turkish\', \'Danish\', \'Finnish\', \'Swedish\', \'Portuguese\', \'Spanish - Latin America\']','http://holydaygames.com/firestone-idle-rpg/',3437,874,9117),(1016120,'PGA TOUR 2K21','2020-08-20','200000 - 500000',1461,0,14.99,3,'[\'English\', \'French\', \'Italian\', \'German\', \'Spanish - Spain\', \'Japanese\', \'Korean\', \'Simplified Chinese\', \'Traditional Chinese\']','https://pgatour.2k.com/',5409,1062,691),(1016950,'Blood Bowl 3','2023-02-23','100000 - 200000',3053,13,29.99,6,'[\'English\', \'French\', \'Italian\', \'German\', \'Spanish - Spain\', \'Japanese\', \'Korean\', \'Polish\', \'Portuguese - Brazil\', \'Russian\', \'Simplified Chinese\', \'Traditional Chinese\']','http://www.bloodbowl-thegame.com/',323,910,481),(1017900,'Age of Empires: Definitive Edition','2019-08-19','500000 - 1000000',822,0,19.99,1,'[\'English\', \'French\', \'Italian\', \'German\', \'Spanish - Spain\', \'Japanese\', \'Korean\', \'Portuguese - Brazil\', \'Russian\', \'Simplified Chinese\', \'Spanish - Latin America\', \'Traditional Chinese\', \'Vietnamese\']','https://www.ageofempires.com',8087,1564,664),(1022450,'War Selection','2019-10-08','500000 - 1000000',1286,0,0,0,'[\'English\', \'Russian\', \'German\', \'Spanish - Spain\', \'French\', \'Simplified Chinese\', \'Danish\', \'Polish\', \'Italian\', \'Czech\', \'Korean\', \'Portuguese - Brazil\', \'Turkish\', \'Dutch\', \'Hungarian\', \'Traditional Chinese\']','http://warselect.io/',13324,1971,0),(1029690,'Sniper Elite 5','2022-05-25','100000 - 200000',3004,0,39.99,3,'[\'English\', \'French\', \'Italian\', \'German\', \'Spanish - Spain\', \'Japanese\', \'Korean\', \'Polish\', \'Portuguese - Brazil\', \'Russian\', \'Simplified Chinese\', \'Traditional Chinese\']','https://sniperelitegames.com/',4194,1379,1656),(1029780,'Going Medieval','2021-06-01','200000 - 500000',1569,0,24.99,1,'[\'English\', \'Simplified Chinese\', \'French\', \'German\', \'Japanese\', \'Portuguese - Brazil\', \'Russian\', \'Spanish - Spain\', \'Korean\', \'Polish\', \'Turkish\']','https://theirregularcorporation.com/promo/going-medieval/',10825,1226,1094),(1030840,'Mafia: Definitive Edition','2020-09-24','1000000 - 2000000',1665,17,39.99,1,'[\'English\', \'French\', \'Italian\', \'German\', \'Spanish - Spain\', \'Czech\', \'Japanese\', \'Korean\', \'Polish\', \'Portuguese - Brazil\', \'Russian\', \'Simplified Chinese\', \'Spanish - Latin America\', \'Traditional Chinese\']','',37900,5785,638),(1040200,'Crime Scene Cleaner','2024-08-14','200000 - 500000',3951,0,19.99,1,'[\'English\', \'French\', \'Italian\', \'German\', \'Spanish - Spain\', \'Simplified Chinese\', \'Polish\', \'Russian\', \'Portuguese - Brazil\', \'Turkish\', \'Japanese\', \'Korean\']','',6118,141,369),(1041320,'Lords Mobile','2019-06-02','500000 - 1000000',2953,0,0,0,'[\'English\', \'French\', \'Italian\', \'German\', \'Spanish - Spain\', \'Ukrainian\', \'Russian\', \'Turkish\', \'Japanese\', \'Polish\', \'Thai\', \'Simplified Chinese\', \'Traditional Chinese\', \'Portuguese\', \'Vietnamese\', \'Arabic\', \'Korean\', \'Spanish - Latin America\']','http://lordsmobile.igg.com/',2913,1363,3874),(1044720,'Farthest Frontier','2022-08-09','100000 - 200000',22555,0,29.99,0,'[\'English\', \'French\', \'Italian\', \'German\', \'Spanish - Spain\', \'Czech\', \'Korean\', \'Polish\', \'Portuguese - Brazil\', \'Russian\', \'Simplified Chinese\', \'Swedish\', \'Traditional Chinese\', \'Japanese\']','https://www.farthestfrontier.com',1886,372,161),(1046930,'Dota Underlords','2019-06-20','5000000 - 10000000',2875,0,0,0,'[\'English\', \'French\', \'Italian\', \'German\', \'Spanish - Spain\', \'Bulgarian\', \'Czech\', \'Danish\', \'Dutch\', \'Finnish\', \'Greek\', \'Hungarian\', \'Japanese\', \'Korean\', \'Norwegian\', \'Polish\', \'Portuguese\', \'Portuguese - Brazil\', \'Romanian\', \'Russian\', \'Simplified Chinese\', \'Spanish - Latin America\', \'Swedish\', \'Thai\', \'Traditional Chinese\', \'Turkish\', \'Ukrainian\', \'Vietnamese\']','http://underlords.com/',73491,15523,2706),(1049590,'Eternal Return','2020-10-14','2000000 - 5000000',8521,0,0,4,'[\'English\', \'Japanese\', \'Simplified Chinese\', \'Korean\', \'Traditional Chinese\', \'French\', \'German\', \'Spanish - Spain\', \'Portuguese\', \'Spanish - Latin America\', \'Russian\', \'Thai\', \'Vietnamese\', \'Portuguese - Brazil\']','https://playeternalreturn.com/',34056,8199,1422),(1056640,'Phantasy Star Online 2 New Genesis','2020-08-05','2000000 - 5000000',3194,17,0,7,'[\'English\', \'Japanese\']','https://pso2.com/',14256,5460,2052),(1057090,'Ori and the Will of the Wisps','2020-03-10','2000000 - 5000000',1000,0,29.99,1,'[\'English\', \'French\', \'Italian\', \'German\', \'Spanish - Spain\', \'Czech\', \'Danish\', \'Dutch\', \'Finnish\', \'Hungarian\', \'Japanese\', \'Korean\', \'Norwegian\', \'Polish\', \'Portuguese - Brazil\', \'Russian\', \'Simplified Chinese\', \'Spanish - Latin America\', \'Swedish\', \'Traditional Chinese\', \'Turkish\']','https://www.orithegame.com',86228,3149,943),(1060230,'Sapiens','2022-07-26','20000 - 50000',1710,0,22.49,1,'[\'English\']','https://playsapiens.com',311,56,0),(1061910,'Metal: Hellsinger','2022-09-15','200000 - 500000',2251,0,29.99,0,'[\'English\', \'French\', \'Italian\', \'German\', \'Spanish - Spain\', \'Japanese\', \'Korean\', \'Polish\', \'Portuguese - Brazil\', \'Russian\', \'Simplified Chinese\']','https://www.metalhellsinger.com/',2170,54,242),(1062090,'Timberborn','2021-09-15','500000 - 1000000',2134,0,24.99,1,'[\'English\', \'French\', \'German\', \'Spanish - Spain\', \'Polish\', \'Portuguese - Brazil\', \'Russian\', \'Simplified Chinese\', \'Italian\', \'Japanese\', \'Korean\', \'Ukrainian\']','https://mechanistry.com/',12042,739,924),(1062520,'Dinkum','2022-07-14','200000 - 500000',10135,0,19.99,0,'[\'English\']','http://www.playdinkum.com/',2696,145,518),(1062810,'Inkbound','2023-05-22','50000 - 100000',1362,0,19.99,0,'[\'English\']','https://www.inkboundgame.com',433,90,1219),(1063730,'New World','2021-09-28','50000000 - 100000000',16688,0,39.99,0,'[\'English\', \'French\', \'Italian\', \'German\', \'Spanish - Spain\', \'Polish\', \'Portuguese - Brazil\', \'Spanish - Latin America\']','https://www.newworld.com/',154914,73900,7432),(1065310,'Evil West','2022-11-21','100000 - 200000',1926,17,49.99,1,'[\'English\', \'Polish\', \'French\', \'Italian\', \'German\', \'Spanish - Spain\', \'Simplified Chinese\', \'Traditional Chinese\', \'Korean\', \'Portuguese - Brazil\', \'Russian\', \'Czech\']','https://www.focus-entmt.com/games/evil-west',1652,437,185),(1066780,'Transport Fever 2','2019-12-11','500000 - 1000000',4154,0,39.99,0,'[\'English\', \'French\', \'German\', \'Spanish - Spain\', \'Japanese\', \'Dutch\', \'Polish\', \'Russian\', \'Traditional Chinese\', \'Simplified Chinese\']','http://www.transportfever2.com',15326,2017,4649),(1068820,'OVR Toolkit','2019-06-28','200000 - 500000',1268,0,11.99,0,'[\'English\', \'Japanese\', \'Korean\', \'Czech\', \'German\', \'Simplified Chinese\', \'Traditional Chinese\', \'Portuguese\', \'French\', \'Spanish - Spain\', \'Dutch\', \'Finnish\', \'Portuguese - Brazil\', \'Russian\']','',1704,211,20260),(1069160,'SKALD: Against the Black Priory','2024-05-30','0 - 20000',1112,0,13.49,3,'[\'English\']','https://www.skaldrpg.com/',253,11,0),(1069660,'Ultimate Admiral: Dreadnoughts','2021-12-10','50000 - 100000',1063,0,34.99,0,'[\'English\']','https://www.dreadnoughts.ultimateadmiral.com/',1453,402,1722),(1080110,'F1   2020','2020-07-09','1000000 - 2000000',1479,0,59.99,3,'[\'English\', \'French\', \'Italian\', \'German\', \'Spanish - Spain\', \'Japanese\', \'Polish\', \'Portuguese - Brazil\', \'Russian\', \'Dutch\', \'Simplified Chinese\']','http://www.formula1game.com/',36358,2556,3745),(1084160,'Jagged Alliance 3','2023-07-14','100000 - 200000',20945,0,44.99,1,'[\'English\', \'German\', \'Russian\', \'French\', \'Spanish - Spain\', \'Portuguese - Brazil\', \'Traditional Chinese\', \'Simplified Chinese\', \'Polish\', \'Indonesian\']','https://jaggedalliance.com',807,188,571),(1084600,'My Time at Sandrock','2022-05-25','200000 - 500000',1250,0,24.99,1,'[\'English\', \'Simplified Chinese\', \'French\', \'Italian\', \'German\', \'Spanish - Spain\', \'Japanese\', \'Thai\', \'Traditional Chinese\', \'Russian\']','https://sandrock.pathea.net/',7193,1095,1090),(1085660,'Destiny 2','2019-10-01','20000000 - 50000000',72573,0,0,10,'[\'English\', \'French\', \'Italian\', \'German\', \'Spanish - Spain\', \'Japanese\', \'Korean\', \'Polish\', \'Portuguese - Brazil\', \'Russian\', \'Simplified Chinese\', \'Spanish - Latin America\', \'Traditional Chinese\']','https://www.bungie.net/',403109,77006,9390),(1086940,'Baldur\'s Gate 3','2020-10-06','2000000 - 5000000',4340,17,59.99,0,'[\'English\', \'French\', \'German\', \'Spanish - Spain\', \'Polish\', \'Russian\', \'Simplified Chinese\', \'Turkish\', \'Portuguese - Brazil\']','https://baldursgate3.game',45069,6614,1876),(1089090,'ONE PIECE: PIRATE WARRIORS 4','2020-03-26','500000 - 1000000',899,0,14.99,6,'[\'English\', \'French\', \'Italian\', \'German\', \'Spanish - Spain\', \'Korean\', \'Polish\', \'Portuguese - Brazil\', \'Russian\', \'Thai\', \'Traditional Chinese\', \'Simplified Chinese\']','https://www.bandainamcoent.com/',9968,886,4164),(1091500,'Cyberpunk 2077','2020-12-09','10000000 - 20000000',13739,17,59.99,1,'[\'English\', \'French\', \'Italian\', \'German\', \'Spanish - Spain\', \'Arabic\', \'Czech\', \'Hungarian\', \'Japanese\', \'Korean\', \'Polish\', \'Portuguese - Brazil\', \'Russian\', \'Simplified Chinese\', \'Spanish - Latin America\', \'Thai\', \'Traditional Chinese\', \'Turkish\']','https://www.cyberpunk.net',391643,129925,3851),(1092790,'Inscryption','2021-10-19','1000000 - 2000000',1678,0,19.99,1,'[\'English\', \'French\', \'German\', \'Spanish - Spain\', \'Japanese\', \'Korean\', \'Russian\', \'Simplified Chinese\', \'Italian\', \'Portuguese - Brazil\', \'Traditional Chinese\', \'Turkish\']','https://www.inscryption-game.com',71542,2107,1076),(1096530,'Solasta: Crown of the Magister','2021-05-27','500000 - 1000000',1454,0,15.99,4,'[\'English\', \'French\', \'German\', \'Simplified Chinese\', \'Portuguese - Brazil\', \'Russian\']','https://www.solasta-game.com/',10929,1321,2276),(1097150,'Fall Guys','2020-08-03','10000000 - 20000000',28135,0,0,0,'[\'English\', \'French\', \'Italian\', \'German\', \'Spanish - Spain\', \'Japanese\', \'Korean\', \'Portuguese - Brazil\', \'Russian\', \'Simplified Chinese\', \'Traditional Chinese\']','http://fallguys.com',375317,86643,1806),(1100600,'Football Manager 2020','2019-11-19','5000000 - 10000000',6001,0,0,1,'[\'English\', \'French\', \'Italian\', \'German\', \'Spanish - Spain\', \'Danish\', \'Dutch\', \'Greek\', \'Korean\', \'Norwegian\', \'Polish\', \'Portuguese\', \'Russian\', \'Simplified Chinese\', \'Swedish\', \'Traditional Chinese\', \'Turkish\']','http://www.footballmanager.com/',28120,3435,22882),(1101120,'Gunsmith Simulator','2023-07-19','50000 - 100000',1020,0,17.99,0,'[\'English\', \'French\', \'Italian\', \'German\', \'Spanish - Spain\', \'Traditional Chinese\', \'Polish\', \'Russian\', \'Simplified Chinese\', \'Spanish - Latin America\', \'Japanese\', \'Korean\', \'Turkish\', \'Portuguese - Portugal\', \'Portuguese - Brazil\', \'Ukrainian\']','',277,57,0),(1102190,'Monster Train','2020-05-21','200000 - 500000',830,0,24.99,2,'[\'English\', \'French\', \'German\', \'Portuguese - Brazil\', \'Russian\', \'Simplified Chinese\']','https://www.themonstertrain.com',15457,570,2729),(1109680,'Regiments','2022-08-16','20000 - 50000',1050,0,25.49,0,'[\'English\', \'Russian\', \'French\', \'Italian\', \'German\', \'Spanish - Spain\', \'Portuguese - Brazil\', \'Simplified Chinese\', \'Polish\', \'Portuguese - Portugal\']','',527,61,147),(1113000,'Persona 4 Golden','2020-06-13','1000000 - 2000000',1892,17,19.99,0,'[\'English\', \'Japanese\', \'Korean\', \'Traditional Chinese\']','',54742,1587,2518),(1113120,'IXION','2022-12-07','100000 - 200000',16281,0,31.49,2,'[\'English\', \'German\', \'Spanish - Spain\', \'Japanese\', \'Korean\', \'Russian\', \'Simplified Chinese\', \'French\']','http://dolos.org',2155,1314,447),(1118200,'People Playground','2019-07-23','2000000 - 5000000',9050,0,9.99,0,'[\'English\']','https://studiominus.nl/',127114,1429,1973),(1121640,'The Wandering Village','2022-09-14','100000 - 200000',3393,0,22.49,2,'[\'English\', \'French\', \'German\', \'Spanish - Spain\', \'Japanese\', \'Korean\', \'Polish\', \'Portuguese - Brazil\', \'Russian\', \'Simplified Chinese\', \'Traditional Chinese\', \'Arabic\', \'Turkish\', \'Italian\']','https://thewanderingvillage.com/',819,87,72),(1124300,'HUMANKIND','2021-08-21','500000 - 1000000',1551,0,49.99,10,'[\'English\', \'French\', \'German\', \'Spanish - Spain\', \'Polish\', \'Russian\', \'Simplified Chinese\', \'Traditional Chinese\', \'Portuguese - Brazil\', \'Korean\', \'Italian\', \'Turkish\']','http://www.humankind.game',13419,6220,3287),(1127400,'Mindustry','2019-09-26','500000 - 1000000',898,0,5.99,0,'[\'English\', \'Spanish - Spain\', \'Japanese\', \'Portuguese\', \'Simplified Chinese\', \'Traditional Chinese\', \'French\', \'German\', \'Korean\', \'Polish\', \'Portuguese - Brazil\', \'Russian\', \'Ukrainian\', \'Italian\', \'Czech\', \'Romanian\', \'Swedish\', \'Vietnamese\']','',11084,405,1736),(1127700,'Reverse Collapse: Code Name Bakery','2024-03-21','200000 - 500000',1851,0,20.49,2,'[\'English\', \'Japanese\', \'Simplified Chinese\', \'Traditional Chinese\', \'Korean\']','',1063,804,0),(1128810,'RISK: Global Domination','2020-02-19','1000000 - 2000000',1831,0,0,18,'[\'English\', \'French\', \'Italian\', \'German\', \'Spanish - Spain\', \'Russian\', \'Simplified Chinese\', \'Turkish\', \'Portuguese - Brazil\']','http://smgstudio.com/',22345,4545,448),(1128860,'Men of War II','2024-05-15','100000 - 200000',3212,0,44.99,3,'[\'English\', \'Russian\', \'French\', \'German\', \'Spanish - Spain\', \'Japanese\', \'Korean\', \'Polish\', \'Portuguese - Brazil\', \'Simplified Chinese\', \'Turkish\', \'Ukrainian\']','',1503,884,220),(1129580,'Medieval Dynasty','2021-09-23','500000 - 1000000',2373,0,34.99,4,'[\'English\', \'German\', \'Spanish - Spain\', \'Polish\', \'French\', \'Portuguese - Brazil\', \'Japanese\', \'Portuguese\', \'Russian\', \'Czech\', \'Turkish\', \'Ukrainian\', \'Italian\', \'Simplified Chinese\', \'Dutch\', \'Swedish\', \'Korean\', \'Hungarian\']','http://toplitz-productions.com/home.html',23908,2465,1763),(1134570,'F1   2021','2021-07-15','1000000 - 2000000',4255,0,59.99,2,'[\'English\', \'French\', \'Italian\', \'German\', \'Spanish - Spain\', \'Dutch\', \'Polish\', \'Portuguese - Brazil\', \'Russian\', \'Simplified Chinese\', \'Japanese\']','http://www.formula1game.com/',28536,4918,4136),(1142710,'Total War: WARHAMMER III','2022-02-16','2000000 - 5000000',9174,0,59.99,1,'[\'English\', \'French\', \'Italian\', \'German\', \'Spanish - Spain\', \'Czech\', \'Korean\', \'Polish\', \'Portuguese - Brazil\', \'Russian\', \'Simplified Chinese\', \'Traditional Chinese\', \'Turkish\']','https://warhammer3.totalwar.com/',25545,18410,2263),(1144200,'Ready or Not','2021-12-17','1000000 - 2000000',4839,0,39.99,1,'[\'English\', \'French\', \'German\', \'Czech\', \'Korean\', \'Simplified Chinese\']','https://voidinteractive.net',55714,4487,696),(1145350,'Hades II','2024-05-06','500000 - 1000000',96260,0,29.99,1,'[\'English\', \'French\', \'Italian\', \'German\', \'Spanish - Spain\', \'Greek\', \'Japanese\', \'Korean\', \'Polish\', \'Portuguese - Brazil\', \'Russian\', \'Simplified Chinese\', \'Traditional Chinese\', \'Turkish\', \'Ukrainian\']','http://www.supergiantgames.com',22995,1294,0),(1145360,'Hades','2020-09-17','5000000 - 10000000',6396,0,24.99,1,'[\'English\', \'French\', \'Italian\', \'German\', \'Spanish - Spain\', \'Korean\', \'Portuguese - Brazil\', \'Russian\', \'Simplified Chinese\', \'Polish\', \'Japanese\']','http://www.supergiantgames.com',190880,2662,2075),(1147560,'Skul: The Hero Slayer','2021-01-20','1000000 - 2000000',1918,0,19.99,1,'[\'English\', \'Japanese\', \'Korean\', \'Simplified Chinese\', \'German\', \'French\', \'Spanish - Spain\', \'Russian\', \'Traditional Chinese\', \'Portuguese - Brazil\', \'Polish\']','https://playneowiz.com/skul',32454,2335,1705),(1147690,'NGU IDLE','2019-10-01','500000 - 1000000',3909,0,0,0,'[\'English\']','',8577,332,4384),(1149460,'ICARUS','2021-12-03','500000 - 1000000',2347,0,34.99,2,'[\'English\', \'French\', \'German\', \'Portuguese - Brazil\', \'Russian\', \'Spanish - Latin America\', \'Japanese\', \'Korean\', \'Simplified Chinese\', \'Traditional Chinese\']','https://SurviveIcarus.com',15745,8427,2517),(1150440,'Aliens: Dark Descent','2023-06-19','50000 - 100000',8223,0,39.99,1,'[\'English\', \'French\', \'Italian\', \'German\', \'Korean\', \'Polish\', \'Portuguese - Brazil\', \'Russian\', \'Simplified Chinese\', \'Spanish - Latin America\', \'Traditional Chinese\', \'Japanese\']','https://www.focus-entmt.com/games/aliens-dark-descent',2059,257,0),(1150690,'OMORI','2020-12-25','500000 - 1000000',1263,0,19.99,1,'[\'English\', \'Japanese\', \'Simplified Chinese\', \'Korean\']','http://omori-game.com/',42173,755,1217),(1151340,'Fallout 76','2020-04-14','2000000 - 5000000',9134,17,39.99,3,'[\'English\', \'French\', \'Italian\', \'German\', \'Spanish - Spain\', \'Japanese\', \'Korean\', \'Polish\', \'Traditional Chinese\', \'Russian\', \'Simplified Chinese\', \'Spanish - Latin America\', \'Portuguese - Brazil\']','https://fallout.bethesda.net/en/',52215,19901,4906),(1151640,'Horizon Zero Dawn Complete Edition','2020-08-07','1000000 - 2000000',3200,12,49.99,0,'[\'English\', \'French\', \'Italian\', \'German\', \'Spanish - Spain\', \'Arabic\', \'Danish\', \'Dutch\', \'Finnish\', \'Japanese\', \'Korean\', \'Norwegian\', \'Polish\', \'Portuguese\', \'Portuguese - Brazil\', \'Russian\', \'Simplified Chinese\', \'Spanish - Latin America\', \'Swedish\', \'Traditional Chinese\']','',67572,10829,1597),(1158160,'Coral Island','2022-10-11','100000 - 200000',5752,0,24.99,0,'[\'English\', \'French\', \'German\', \'Spanish - Spain\', \'Japanese\', \'Simplified Chinese\']','https://www.stairwaygames.com/coral-island',1323,161,251),(1158310,'Crusader Kings III','2020-09-01','2000000 - 5000000',20093,17,49.99,4,'[\'English\', \'French\', \'German\', \'Spanish - Spain\', \'Russian\', \'Simplified Chinese\', \'Korean\']','',71574,5380,4888),(1159420,'Robin Hood - Sherwood Builders','2024-02-29','50000 - 100000',977,0,26.99,0,'[\'English\', \'Polish\', \'French\', \'Italian\', \'German\', \'Spanish - Spain\', \'Simplified Chinese\', \'Russian\']','https://meanastronauts.pl/',125,55,0),(1159690,'Voidtrain','2023-05-09','100000 - 200000',3948,0,26.99,1,'[\'English\', \'Russian\', \'French\', \'German\', \'Portuguese - Brazil\', \'Simplified Chinese\', \'Polish\', \'Turkish\', \'Japanese\', \'Spanish - Spain\', \'Korean\']','',802,399,189),(1161580,'Hardspace: Shipbreaker','2022-05-24','200000 - 500000',1191,0,26.24,1,'[\'English\', \'French\', \'German\', \'Simplified Chinese\', \'Russian\', \'Italian\', \'Spanish - Spain\', \'Portuguese - Brazil\', \'Traditional Chinese\']','https://www.focus-home.com/games/hardspace-shipbreaker',11983,1507,866),(1161590,'Punch Club 2: Fast Forward','2023-07-20','20000 - 50000',5138,0,19.99,2,'[\'English\', \'French\', \'German\', \'Spanish - Spain\', \'Japanese\', \'Korean\', \'Portuguese - Brazil\', \'Russian\', \'Simplified Chinese\', \'Polish\', \'Ukrainian\']','',355,70,0),(1162520,'Richman10','2019-10-24','500000 - 1000000',1075,0,13.99,0,'[\'English\', \'Simplified Chinese\', \'Traditional Chinese\']','',6309,5771,13899),(1164940,'Trepang2','2023-06-21','20000 - 50000',1379,0,29.99,1,'[\'English\', \'French\', \'Italian\', \'German\', \'Spanish - Spain\', \'Japanese\', \'Korean\', \'Russian\', \'Simplified Chinese\', \'Traditional Chinese\']','http://www.trepang2.com',1316,59,0),(1167630,'Teardown','2022-04-21','1000000 - 2000000',2639,0,19.99,0,'[\'English\']','http://teardowngame.com',43963,1906,1486),(1170950,'Mortal Online 2','2022-01-25','200000 - 500000',1004,0,26.79,0,'[\'English\', \'French\', \'Italian\', \'German\', \'Spanish - Spain\', \'Czech\', \'Polish\', \'Portuguese - Brazil\', \'Russian\', \'Swedish\', \'Traditional Chinese\']','https://www.mortalonline2.com',4754,3128,595),(1171690,'Wayfinder','2023-08-17','500000 - 1000000',6080,0,19.99,3,'[\'English\', \'French\', \'Italian\', \'German\', \'Japanese\', \'Spanish - Latin America\', \'Korean\', \'Polish\', \'Portuguese - Brazil\', \'Traditional Chinese\', \'Spanish - Spain\']','https://www.playwayfinder.com',6688,8110,914),(1172380,'STAR WARS Jedi: Fallen Order','2019-11-14','1000000 - 2000000',3258,0,14.99,0,'[\'English\', \'French\', \'Italian\', \'German\', \'Spanish - Spain\', \'Japanese\', \'Korean\', \'Polish\', \'Portuguese - Brazil\', \'Russian\', \'Simplified Chinese\', \'Spanish - Latin America\', \'Traditional Chinese\']','',87943,9721,945),(1172470,'Apex Legends','2020-11-04','20000000 - 50000000',235067,0,0,2,'[\'English\', \'French\', \'Italian\', \'German\', \'Spanish - Spain\', \'Japanese\', \'Korean\', \'Polish\', \'Portuguese - Brazil\', \'Russian\', \'Simplified Chinese\', \'Traditional Chinese\', \'Spanish - Latin America\']','https://www.ea.com/games/apex-legends',415524,66608,6388),(1172620,'Sea of Thieves','2020-06-03','5000000 - 10000000',16818,0,39.99,0,'[\'English\', \'French\', \'Italian\', \'German\', \'Spanish - Spain\', \'Portuguese - Brazil\', \'Russian\', \'Simplified Chinese\', \'Spanish - Latin America\', \'Traditional Chinese\', \'Korean\', \'Polish\', \'Japanese\', \'Turkish\', \'Thai\']','https://www.seaofthieves.com',210637,22585,4062),(1173510,'XSOverlay','2020-03-03','50000 - 100000',846,0,9.99,0,'[\'English\', \'Japanese\', \'Spanish - Latin America\']','',551,52,18234),(1174180,'Red Dead Redemption 2','2019-12-05','5000000 - 10000000',26520,17,29.99,0,'[\'English\', \'French\', \'Italian\', \'German\', \'Spanish - Spain\', \'Japanese\', \'Korean\', \'Polish\', \'Portuguese\', \'Russian\', \'Simplified Chinese\', \'Spanish - Latin America\', \'Traditional Chinese\']','https://www.rockstargames.com/reddeadredemption2/',251841,32592,5776),(1176470,'Terra Invicta','2022-09-26','50000 - 100000',8470,0,35.99,0,'[\'English\', \'French\', \'Spanish - Spain\', \'Japanese\', \'Simplified Chinese\', \'Traditional Chinese\', \'German\']','https://www.pavonisinteractive.com/',835,158,1821),(1177980,'Little Kitty, Big City','2024-05-09','0 - 20000',2728,0,22.49,1,'[\'English\', \'Spanish - Spain\', \'Japanese\', \'Portuguese - Brazil\', \'French\', \'German\', \'Korean\', \'Simplified Chinese\', \'Traditional Chinese\']','https://www.littlekittybigcity.com',1654,79,0),(1179580,'KAKU: Ancient Seal','2023-05-03','100000 - 200000',2646,0,22.24,0,'[\'English\', \'Simplified Chinese\', \'French\', \'German\', \'Spanish - Spain\', \'Russian\', \'Japanese\', \'Traditional Chinese\', \'Korean\', \'Italian\', \'Turkish\', \'Portuguese - Brazil\']','https://bingobell.cn/',138,19,1058),(1180380,'Stay Out','2019-11-27','2000000 - 5000000',1458,0,0,0,'[\'English\', \'Russian\']','',7782,6369,741),(1182900,'A Plague Tale: Requiem','2022-10-17','20000 - 50000',3309,0,49.99,1,'[\'English\', \'French\', \'Italian\', \'German\', \'Spanish - Spain\', \'Simplified Chinese\', \'Traditional Chinese\', \'Spanish - Latin America\', \'Polish\', \'Portuguese - Brazil\', \'Russian\', \'Czech\', \'Arabic\', \'Korean\']','https://www.focus-entmt.com/games/a-plague-tale-requiem',1411,190,510),(1184140,'KartRider: Drift','2023-01-09','200000 - 500000',4239,0,0,0,'[\'English\', \'French\', \'Italian\', \'German\', \'Korean\', \'Portuguese - Brazil\', \'Spanish - Latin America\', \'Japanese\', \'Thai\']','https://www.nexon.com/kartdrift/en/main',990,371,81),(1184370,'Pathfinder: Wrath of the Righteous','2021-09-02','1000000 - 2000000',6238,0,49.99,8,'[\'English\', \'French\', \'German\', \'Spanish - Spain\', \'Russian\', \'Simplified Chinese\']','https://wrath.owlcatgames.com/',17093,3084,5264),(1190000,'Car Mechanic Simulator 2021','2021-08-11','200000 - 500000',1518,0,24.99,9,'[\'English\', \'French\', \'Italian\', \'German\', \'Spanish - Spain\', \'Simplified Chinese\', \'Japanese\', \'Polish\', \'Portuguese\', \'Portuguese - Brazil\', \'Russian\', \'Korean\', \'Turkish\', \'Czech\', \'Romanian\', \'Arabic\', \'Hungarian\']','',13649,619,1991),(1190970,'House Flipper 2','2023-12-14','100000 - 200000',14516,0,35.99,1,'[\'English\', \'French\', \'Italian\', \'German\', \'Spanish - Spain\', \'Dutch\', \'Japanese\', \'Korean\', \'Norwegian\', \'Polish\', \'Portuguese - Brazil\', \'Portuguese - Portugal\', \'Russian\', \'Simplified Chinese\', \'Spanish - Latin America\', \'Traditional Chinese\', \'Turkish\', \'Ukrainian\']','https://houseflipper2.com/',1567,311,0),(1194810,'Meet Your Maker','2023-04-04','50000 - 100000',2715,17,29.99,1,'[\'English\', \'French\', \'Italian\', \'German\', \'Spanish - Spain\', \'Japanese\', \'Simplified Chinese\', \'Traditional Chinese\', \'Ukrainian\', \'Korean\', \'Polish\', \'Portuguese - Brazil\', \'Spanish - Latin America\']','https://WWW.MEETYOURMAKERGAME.COM',1018,215,490),(1196590,'Resident Evil Village','2021-05-06','2000000 - 5000000',1255,17,39.99,5,'[\'English\', \'French\', \'Italian\', \'German\', \'Spanish - Spain\', \'Japanese\', \'Korean\', \'Portuguese - Brazil\', \'Russian\', \'Simplified Chinese\', \'Traditional Chinese\', \'Arabic\', \'Thai\']','https://www.residentevil.com/village/',73926,3145,1306),(1197260,'The Perfect Tower II','2021-02-26','200000 - 500000',962,0,0,0,'[\'English\']','https://www.perfecttower2.com/',1445,188,0),(1201240,'BLEACH Brave Souls','2020-08-17','500000 - 1000000',7208,0,0,0,'[\'English\', \'French\', \'Japanese\', \'Thai\', \'Simplified Chinese\', \'Traditional Chinese\', \'Korean\']','https://www.bleach-bravesouls.com/',4998,725,9396),(1202130,'Starship Troopers: Terran Command','2022-06-16','100000 - 200000',774,0,29.99,0,'[\'English\', \'French\', \'German\', \'Spanish - Spain\', \'Polish\', \'Portuguese - Brazil\', \'Russian\', \'Simplified Chinese\']','',4090,580,348),(1203220,'NARAKA: BLADEPOINT','2021-08-11','5000000 - 10000000',61338,0,19.99,2,'[\'English\', \'Simplified Chinese\', \'Traditional Chinese\', \'Japanese\', \'Korean\', \'French\', \'German\', \'Spanish - Spain\', \'Russian\', \'Turkish\', \'Portuguese\', \'Vietnamese\', \'Thai\']','https://www.narakathegame.com',86893,24106,7583),(1203620,'Enshrouded','2024-01-24','1000000 - 2000000',89612,0,26.99,0,'[\'English\', \'French\', \'Italian\', \'German\', \'Spanish - Spain\', \'Japanese\', \'Korean\', \'Polish\', \'Portuguese - Brazil\', \'Russian\', \'Simplified Chinese\', \'Traditional Chinese\', \'Turkish\', \'Ukrainian\', \'Thai\']','https://www.enshrouded.com',6209,1224,0),(1205520,'Pentiment','2022-11-14','20000 - 50000',1140,17,19.99,1,'[\'English\', \'French\', \'Italian\', \'German\', \'Spanish - Spain\', \'Polish\', \'Portuguese - Brazil\']','https://obsidian.net/',337,15,583),(1206560,'WorldBox - God Simulator','2021-12-02','200000 - 500000',1392,0,19.99,0,'[\'English\', \'French\', \'Italian\', \'German\', \'Spanish - Spain\', \'Japanese\', \'Korean\', \'Portuguese\', \'Russian\', \'Simplified Chinese\', \'Traditional Chinese\', \'Turkish\', \'Danish\', \'Dutch\', \'Polish\', \'Portuguese - Brazil\', \'Swedish\', \'Thai\', \'Ukrainian\', \'Arabic\', \'Czech\', \'Finnish\', \'Greek\', \'Hungarian\', \'Norwegian\', \'Romanian\', \'Vietnamese\']','https://superworldbox.com',11497,743,696),(1206610,'Rubber Bandits','2021-12-02','200000 - 500000',2157,0,7.99,3,'[\'English\', \'French\', \'Italian\', \'German\', \'Spanish - Spain\', \'Simplified Chinese\', \'Traditional Chinese\', \'Korean\', \'Polish\', \'Portuguese - Brazil\', \'Russian\', \'Arabic\', \'Portuguese\', \'Japanese\', \'Turkish\']','https://www.rubberbandits.game/',769,206,203),(1211020,'Wobbly Life','2020-07-08','500000 - 1000000',1131,0,13.99,0,'[\'English\']','http://www.WobblyLife.net',7579,246,398),(1211600,'ZED ZONE','2023-03-29','100000 - 200000',2209,0,10.19,0,'[\'English\', \'Simplified Chinese\']','',770,88,170),(1213210,'Command & Conquer Remastered Collection','2020-06-05','1000000 - 2000000',1227,13,19.99,0,'[\'English\', \'French\', \'German\', \'Spanish - Spain\', \'Polish\', \'Russian\', \'Simplified Chinese\', \'Traditional Chinese\']','https://www.commandandconquer.com',23178,2360,630),(1214470,'Hotel Renovator','2023-03-07','50000 - 100000',2290,0,19.99,1,'[\'English\', \'Italian\', \'Spanish - Spain\', \'Czech\', \'Polish\', \'Russian\', \'Spanish - Latin America\', \'Ukrainian\', \'German\', \'French\', \'Portuguese - Brazil\', \'Japanese\', \'Korean\', \'Simplified Chinese\', \'Traditional Chinese\']','https://www.focus-entmt.com/games/hotel-renovator',437,123,370),(1214650,'SOUTH PARK: SNOW DAY!','2024-03-26','50000 - 100000',2150,17,29.99,4,'[\'English\', \'French\', \'German\', \'Spanish - Spain\', \'Portuguese - Brazil\', \'Japanese\', \'Korean\', \'Polish\', \'Spanish - Latin America\']','https://southpark.thqnordic.com/',1129,752,0),(1216060,'DNF Duel','2022-06-27','50000 - 100000',1075,0,49.99,0,'[\'English\', \'Japanese\', \'Korean\', \'Simplified Chinese\']','https://dd.nexon.com/en/main',1936,901,1258),(1217060,'Gunfire Reborn','2021-11-17','2000000 - 5000000',4151,0,19.99,0,'[\'English\', \'Simplified Chinese\', \'Traditional Chinese\', \'Spanish - Latin America\', \'Spanish - Spain\', \'German\', \'Russian\', \'Japanese\', \'Portuguese\', \'Portuguese - Brazil\', \'Thai\', \'Vietnamese\', \'Korean\', \'French\', \'Italian\', \'Turkish\', \'Polish\']','https://gunfire.herojoys.com/en/',70481,4046,2213),(1222140,'Detroit: Become Human','2020-06-18','1000000 - 2000000',1232,17,39.99,0,'[\'English\', \'French\', \'Italian\', \'German\', \'Spanish - Spain\', \'Arabic\', \'Czech\', \'Danish\', \'Finnish\', \'Greek\', \'Hungarian\', \'Japanese\', \'Korean\', \'Norwegian\', \'Polish\', \'Portuguese\', \'Portuguese - Brazil\', \'Spanish - Latin America\', \'Swedish\', \'Turkish\', \'Dutch\', \'Russian\', \'Traditional Chinese\', \'Simplified Chinese\']','https://www.quanticdream.com/detroit-become-human',51168,4033,677),(1222670,'The Sims 4','2020-06-18','1000000 - 2000000',20055,0,19.99,57,'[\'English\', \'French\', \'Italian\', \'German\', \'Spanish - Spain\', \'Czech\', \'Danish\', \'Dutch\', \'Japanese\', \'Norwegian\', \'Polish\', \'Portuguese - Brazil\', \'Russian\', \'Swedish\', \'Finnish\', \'Traditional Chinese\', \'Simplified Chinese\', \'Korean\']','https://www.ea.com/games/the-sims/the-sims-4',52059,7448,1469),(1222680,'Need for Speed Heat','2020-06-04','1000000 - 2000000',1841,0,69.99,2,'[\'English\', \'French\', \'Italian\', \'German\', \'Spanish - Spain\', \'Korean\', \'Portuguese - Brazil\', \'Simplified Chinese\', \'Traditional Chinese\', \'Arabic\', \'Japanese\', \'Polish\', \'Russian\']','https://www.ea.com/games/need-for-speed',41355,8243,3051),(1222690,'Dragon Age Inquisition','2020-06-04','200000 - 500000',1979,0,39.99,0,'[\'English\', \'French\', \'Italian\', \'German\', \'Spanish - Spain\', \'Japanese\', \'Polish\', \'Portuguese - Brazil\', \'Russian\']','https://www.ea.com/games/dragon-age/dragon-age-inquisition',7504,2479,2150),(1225330,'NBA 2K21','2020-09-03','2000000 - 5000000',2725,0,59.99,0,'[\'English\', \'French\', \'Italian\', \'German\', \'Spanish - Spain\', \'Japanese\', \'Korean\', \'Simplified Chinese\', \'Traditional Chinese\']','https://www.nba2k.com/',16140,22709,7843),(1229240,'Chained Echoes','2022-12-08','0 - 20000',1137,0,21.24,1,'[\'English\', \'French\', \'German\', \'Korean\']','http://www.chainedechoes.com/',261,31,0),(1230170,'Gunsmith Simulator: Prologue','2023-05-10','100000 - 200000',931,0,0,0,'[\'English\', \'French\', \'Italian\', \'German\', \'Spanish - Spain\', \'Traditional Chinese\', \'Simplified Chinese\', \'Spanish - Latin America\', \'Japanese\', \'Korean\', \'Polish\', \'Portuguese - Portugal\', \'Portuguese - Brazil\', \'Russian\', \'Turkish\']','',327,51,0),(1235140,'Yakuza: Like a Dragon','2020-11-10','200000 - 500000',1439,18,59.99,6,'[\'English\', \'Japanese\', \'French\', \'Italian\', \'German\', \'Spanish - Spain\', \'Korean\', \'Portuguese - Brazil\', \'Russian\', \'Simplified Chinese\', \'Traditional Chinese\']','https://likeadragon.sega.com/',16181,620,4992),(1237320,'Sonic Frontiers','2022-11-07','100000 - 200000',10016,0,59.99,1,'[\'English\', \'French\', \'Italian\', \'German\', \'Spanish - Spain\', \'Portuguese - Brazil\', \'Polish\', \'Russian\', \'Simplified Chinese\', \'Traditional Chinese\', \'Japanese\', \'Korean\']','https://frontiers.sonicthehedgehog.com/',5721,331,905),(1237950,'STAR WARS Battlefront II','2020-06-11','1000000 - 2000000',2039,0,15.99,0,'[\'English\', \'French\', \'Spanish - Latin America\', \'Italian\', \'German\', \'Spanish - Spain\', \'Japanese\', \'Polish\', \'Portuguese - Brazil\', \'Russian\', \'Traditional Chinese\']','https://www.ea.com/games/starwars/battlefront/star-wars-battlefront-2',33941,5028,1164),(1237970,'Titanfall   2','2020-06-18','2000000 - 5000000',3946,0,29.99,5,'[\'English\', \'French\', \'Italian\', \'German\', \'Spanish - Spain\', \'Polish\', \'Portuguese\', \'Russian\', \'Spanish - Latin America\', \'Traditional Chinese\']','https://www.ea.com/games/titanfall/titanfall-2',115504,6465,1153),(1238810,'Battlefield V','2020-10-22','2000000 - 5000000',14418,17,14.99,2,'[\'English\', \'French\', \'Italian\', \'German\', \'Spanish - Spain\', \'Arabic\', \'Japanese\', \'Korean\', \'Polish\', \'Portuguese - Brazil\', \'Russian\', \'Simplified Chinese\', \'Spanish - Latin America\', \'Traditional Chinese\']','https://www.ea.com/games/battlefield/battlefield-5',82938,34383,2491),(1238840,'Battlefield 1','2020-06-11','2000000 - 5000000',9907,17,9.99,7,'[\'English\', \'French\', \'Italian\', \'German\', \'Spanish - Spain\', \'Polish\', \'Russian\', \'Traditional Chinese\', \'Arabic\', \'Japanese\', \'Portuguese - Brazil\', \'Spanish - Latin America\', \'Turkish\']','https://www.ea.com/games/battlefield/battlefield-1',66908,10835,1651),(1238860,'Battlefield 4','2020-06-11','1000000 - 2000000',2375,17,9.99,18,'[\'English\', \'French\', \'Italian\', \'German\', \'Spanish - Spain\', \'Czech\', \'Korean\', \'Polish\', \'Portuguese - Brazil\', \'Russian\', \'Traditional Chinese\', \'Japanese\']','',38824,5829,1239),(1240440,'Halo Infinite','2021-11-15','20000000 - 50000000',5934,0,0,1,'[\'English\', \'French\', \'Italian\', \'German\', \'Spanish - Spain\', \'Dutch\', \'Japanese\', \'Korean\', \'Polish\', \'Portuguese - Brazil\', \'Russian\', \'Simplified Chinese\', \'Spanish - Latin America\', \'Traditional Chinese\']','https://www.halowaypoint.com/en-us/games/halo-infinite',106133,38163,1075),(1244090,'Sea of Stars','2023-08-28','100000 - 200000',6018,0,31.49,2,'[\'English\', \'French\', \'German\', \'Spanish - Spain\', \'Japanese\', \'Korean\', \'Portuguese - Brazil\', \'Russian\', \'Simplified Chinese\', \'Traditional Chinese\']','https://seaofstarsgame.co',1202,164,837),(1244460,'Jurassic World Evolution 2','2021-11-09','200000 - 500000',2150,0,59.99,4,'[\'English\', \'French\', \'Italian\', \'German\', \'Spanish - Spain\', \'Japanese\', \'Korean\', \'Polish\', \'Portuguese - Brazil\', \'Russian\', \'Simplified Chinese\', \'Spanish - Latin America\', \'Traditional Chinese\']','',11203,2330,1375),(1245560,'Roots of Pacha','2023-04-25','50000 - 100000',3346,0,22.49,0,'[\'English\', \'French\', \'German\', \'Portuguese - Brazil\', \'Russian\', \'Simplified Chinese\', \'Spanish - Spain\']','https://rootsofpacha.com',547,41,524),(1245620,'ELDEN RING','2022-02-24','20000000 - 50000000',46431,16,59.99,0,'[\'English\', \'French\', \'Italian\', \'German\', \'Spanish - Spain\', \'Japanese\', \'Korean\', \'Polish\', \'Portuguese - Brazil\', \'Russian\', \'Simplified Chinese\', \'Spanish - Latin America\', \'Thai\', \'Traditional Chinese\']','',460812,51238,5293),(1248130,'Farming Simulator 22','2021-11-21','1000000 - 2000000',30250,0,49.99,11,'[\'English\', \'French\', \'Italian\', \'German\', \'Spanish - Spain\', \'Czech\', \'Danish\', \'Dutch\', \'Finnish\', \'Hungarian\', \'Japanese\', \'Korean\', \'Polish\', \'Portuguese\', \'Portuguese - Brazil\', \'Romanian\', \'Russian\', \'Simplified Chinese\', \'Swedish\', \'Traditional Chinese\', \'Turkish\', \'Norwegian\', \'Spanish - Latin America\']','https://farming-simulator.com/',28444,3500,5482),(1250410,'Microsoft Flight Simulator Game of the Year Edition','2020-04-17','500000 - 1000000',6991,0,59.99,0,'[\'English\', \'French\', \'Italian\', \'German\', \'Spanish - Spain\', \'Polish\', \'Portuguese - Brazil\', \'Russian\', \'Dutch\', \'Finnish\', \'Japanese\', \'Norwegian\', \'Swedish\']','https://www.flightsimulator.com',29473,9244,4574),(1253920,'Rogue Legacy 2','2022-04-28','200000 - 500000',1688,0,24.99,0,'[\'English\', \'French\', \'Italian\', \'German\', \'Spanish - Spain\', \'Korean\', \'Portuguese - Brazil\', \'Russian\', \'Simplified Chinese\', \'Traditional Chinese\', \'Turkish\']','https://www.roguelegacy2.com/',8447,998,1175),(1254120,'Bless Unleashed','2021-08-06','2000000 - 5000000',1289,0,0,5,'[\'English\', \'Simplified Chinese\', \'French\', \'German\', \'Korean\', \'Japanese\']','https://blessunleashedpc.com/',15047,14037,1214),(1254320,'Surviving the Abyss','2023-01-17','20000 - 50000',1070,0,17.99,0,'[\'English\']','',167,59,231),(1255630,'WWE 2K22','2022-03-10','100000 - 200000',1080,0,38.99,10,'[\'English\', \'French\', \'Italian\', \'German\', \'Spanish - Spain\', \'Arabic\']','https://wwe.2k.com/',4253,1657,1929),(1258080,'Shop Titans','2020-05-05','1000000 - 2000000',6270,0,0,0,'[\'English\', \'French\', \'Italian\', \'German\', \'Spanish - Spain\', \'Japanese\', \'Korean\', \'Portuguese - Brazil\', \'Russian\', \'Simplified Chinese\', \'Traditional Chinese\', \'Turkish\']','https://playshoptitans.com/',9584,2630,2284),(1259420,'Days Gone','2021-05-17','1000000 - 2000000',2967,17,49.99,0,'[\'English\', \'French\', \'Italian\', \'German\', \'Spanish - Spain\', \'Korean\', \'Portuguese\', \'Portuguese - Brazil\', \'Czech\', \'Danish\', \'Dutch\', \'Finnish\', \'Greek\', \'Hungarian\', \'Norwegian\', \'Polish\', \'Russian\', \'Spanish - Latin America\', \'Swedish\', \'Traditional Chinese\', \'Turkish\', \'Japanese\']','',35504,2662,1748),(1259970,'eFootball PES 2021 SEASON UPDATE','2020-09-15','1000000 - 2000000',2262,0,0,0,'[\'English\', \'French\', \'Italian\', \'German\', \'Spanish - Spain\', \'Dutch\', \'Greek\', \'Japanese\', \'Korean\', \'Portuguese - Portugal\', \'Portuguese - Brazil\', \'Russian\', \'Simplified Chinese\', \'Traditional Chinese\', \'Turkish\']','https://www.konami.com/wepes/2021',28442,8712,4482),(1260320,'Party Animals','2023-09-20','2000000 - 5000000',2701,0,19.99,1,'[\'English\', \'Simplified Chinese\', \'Traditional Chinese\']','https://www.partyanimals.com',24186,9134,455),(1263850,'Football Manager 2021','2020-11-24','2000000 - 5000000',10947,0,0,1,'[\'English\', \'Italian\', \'Spanish - Spain\', \'French\', \'German\', \'Danish\', \'Dutch\', \'Greek\', \'Korean\', \'Norwegian\', \'Polish\', \'Portuguese\', \'Russian\', \'Simplified Chinese\', \'Swedish\', \'Traditional Chinese\', \'Turkish\']','http://www.footballmanager.com/',21654,1550,16905),(1266540,'Ships At Sea','2024-05-23','20000 - 50000',1102,0,22.49,1,'[\'English\']','https://www.shipsatsea.com/',212,125,142),(1266700,'Destroy All Humans! 2 - Reprobed','2022-08-30','50000 - 100000',1898,0,39.99,2,'[\'English\', \'French\', \'Italian\', \'German\', \'Spanish - Spain\', \'Arabic\', \'Portuguese - Brazil\', \'Simplified Chinese\', \'Japanese\', \'Polish\', \'Russian\', \'Traditional Chinese\']','https://www.destroyallhumansgame.com/',446,83,331),(1267910,'Melvor Idle','2021-11-18','500000 - 1000000',4239,0,9.99,1,'[\'English\', \'French\', \'Italian\', \'German\', \'Spanish - Spain\', \'Japanese\', \'Korean\', \'Portuguese\', \'Portuguese - Brazil\', \'Russian\', \'Simplified Chinese\', \'Traditional Chinese\', \'Turkish\']','https://melvoridle.com/landing',5737,404,14420),(1268590,'Millennia','2024-03-26','50000 - 100000',5298,0,39.99,3,'[\'English\', \'French\', \'German\', \'Spanish - Spain\', \'Polish\', \'Simplified Chinese\', \'Russian\']','https://www.paradoxinteractive.com/games/millennia',936,479,0),(1268750,'Starship Troopers: Extermination','2023-05-17','100000 - 200000',15652,0,24.99,0,'[\'English\']','https://starshiptroopersextermination.com/',5910,461,241),(1272080,'PAYDAY 3','2023-09-21','1000000 - 2000000',3532,17,39.99,0,'[\'English\', \'French\', \'Italian\', \'German\', \'Spanish - Spain\', \'Japanese\', \'Korean\', \'Polish\', \'Portuguese - Brazil\', \'Russian\', \'Simplified Chinese\', \'Spanish - Latin America\', \'Traditional Chinese\', \'Turkish\']','https://www.paydaythegame.com/payday3/',19553,26511,1266),(1273400,'Construction Simulator','2022-09-20','100000 - 200000',13513,0,34.99,2,'[\'English\', \'French\', \'Italian\', \'German\', \'Spanish - Spain\', \'Dutch\', \'Japanese\', \'Korean\', \'Portuguese - Brazil\', \'Russian\', \'Simplified Chinese\', \'Traditional Chinese\', \'Turkish\', \'Polish\']','https://www.construction-simulator.com',1304,378,265),(1274570,'DEVOUR','2021-01-28','1000000 - 2000000',1457,0,3.99,2,'[\'English\', \'French\', \'Italian\', \'German\', \'Spanish - Spain\', \'Japanese\', \'Korean\', \'Polish\', \'Russian\', \'Simplified Chinese\', \'Spanish - Latin America\', \'Turkish\', \'Thai\', \'Portuguese\', \'Czech\', \'Dutch\', \'Finnish\', \'Norwegian\', \'Portuguese - Brazil\', \'Romanian\', \'Hungarian\']','http://www.devourgame.com',41425,3672,303),(1276760,'DRAGON BALL: THE BREAKERS','2022-10-13','50000 - 100000',3833,0,19.99,0,'[\'English\', \'French\', \'Italian\', \'German\', \'Spanish - Spain\', \'Japanese\', \'Korean\', \'Polish\', \'Portuguese - Brazil\', \'Russian\', \'Simplified Chinese\', \'Traditional Chinese\', \'Spanish - Latin America\']','',659,334,133),(1279610,'PrprLive','2020-05-14','200000 - 500000',1521,0,0,3,'[\'Simplified Chinese\', \'English\', \'Japanese\']','https://prprlive.peacha.net/',749,77,58),(1282100,'Remnant II','2023-07-25','500000 - 1000000',108679,17,49.99,0,'[\'English\', \'French\', \'Italian\', \'German\', \'Spanish - Spain\', \'Japanese\', \'Korean\', \'Portuguese - Brazil\', \'Russian\', \'Simplified Chinese\']','https://www.remnantgame.com/',9295,2372,680),(1282150,'SpongeBob SquarePants: The Cosmic Shake','2023-01-31','20000 - 50000',916,0,39.99,1,'[\'English\', \'French\', \'Italian\', \'German\', \'Spanish - Spain\', \'Portuguese - Brazil\', \'Simplified Chinese\', \'Japanese\', \'Korean\', \'Polish\', \'Russian\', \'Traditional Chinese\', \'Portuguese - Portugal\', \'Hindi\', \'Indonesian\', \'Spanish - Latin America\']','https://cosmicshake.thqnordic.com/',676,37,487),(1282410,'Hard West 2','2022-08-04','100000 - 200000',2459,0,26.99,0,'[\'English\', \'French\', \'Italian\', \'German\', \'Spanish - Spain\', \'Polish\', \'Portuguese - Brazil\', \'Russian\', \'Simplified Chinese\']','https://hardwestgame.com',334,118,0),(1283230,'Autopsy Simulator','2024-06-06','0 - 20000',1234,0,24.99,1,'[\'English\', \'German\', \'Polish\', \'Russian\', \'Traditional Chinese\', \'Japanese\', \'Simplified Chinese\', \'French\', \'Spanish - Spain\', \'Korean\']','https://www.autopsysimulator.com/',100,87,0),(1283400,'Steelrising','2022-09-08','50000 - 100000',2558,17,49.99,2,'[\'English\', \'French\', \'Italian\', \'German\', \'Spanish - Spain\', \'Arabic\', \'Japanese\', \'Korean\', \'Polish\', \'Portuguese - Brazil\', \'Russian\', \'Simplified Chinese\', \'Traditional Chinese\']','',582,238,68),(1283970,'YoloMouse','2020-05-01','200000 - 500000',4420,0,3.99,0,'[\'English\']','https://dragonrisegames.com/yolomouse',902,67,64973),(1284190,'The Planet Crafter','2022-03-24','200000 - 500000',1204,0,19.99,0,'[\'English\', \'French\', \'German\', \'Spanish - Spain\', \'Simplified Chinese\', \'Russian\', \'Polish\', \'Portuguese\', \'Korean\', \'Japanese\']','',10841,417,1178),(1284210,'Guild Wars 2','2022-08-23','200000 - 500000',6691,0,0,2,'[\'English\', \'French\', \'German\', \'Spanish - Spain\']','https://www.guildwars2.com/en/',1323,223,36),(1284410,'GWENT: The Witcher Card Game','2020-05-19','1000000 - 2000000',1539,0,0,1,'[\'English\', \'French\', \'Italian\', \'German\', \'Spanish - Spain\', \'Japanese\', \'Korean\', \'Polish\', \'Russian\', \'Simplified Chinese\', \'Portuguese - Brazil\', \'Spanish - Latin America\']','https://www.playgwent.com',20082,4557,907),(1286320,'Exoprimal','2023-07-13','50000 - 100000',2768,17,59.99,8,'[\'English\', \'Japanese\', \'French\', \'Italian\', \'German\', \'Spanish - Spain\', \'Arabic\', \'Spanish - Latin America\', \'Portuguese - Brazil\', \'Russian\', \'Simplified Chinese\', \'Traditional Chinese\', \'Korean\']','https://www.exoprimal.com/',398,174,198),(1286580,'Ship of Fools','2022-11-22','20000 - 50000',1995,0,13.49,1,'[\'English\', \'French\', \'Italian\', \'German\', \'Spanish - Spain\', \'Japanese\', \'Korean\', \'Russian\', \'Simplified Chinese\', \'Traditional Chinese\']','https://shipoffoolsgame.com/',485,71,19),(1286680,'Tiny Tina\'s Wonderlands','2022-06-23','500000 - 1000000',4200,0,59.99,5,'[\'English\', \'French\', \'Italian\', \'German\', \'Spanish - Spain\', \'Japanese\', \'Korean\', \'Portuguese - Brazil\', \'Russian\', \'Simplified Chinese\', \'Thai\', \'Traditional Chinese\']','http://Playwonderlands.com',2337,760,769),(1286830,'STAR WARS  The Old Republic','2020-07-31','5000000 - 10000000',6502,0,0,1,'[\'English\', \'French\', \'German\']','http://www.swtor.com/',39819,4369,1168),(1288320,'Way of the Hunter','2022-08-16','50000 - 100000',5758,0,39.99,2,'[\'English\', \'French\', \'Italian\', \'German\', \'Spanish - Spain\', \'Arabic\', \'Traditional Chinese\', \'Simplified Chinese\', \'Polish\', \'Russian\', \'Czech\', \'Turkish\', \'Japanese\']','https://wayofthehunter.com',1321,582,717),(1290000,'PowerWash Simulator','2022-07-14','500000 - 1000000',6272,0,24.99,0,'[\'English\', \'Korean\', \'Russian\', \'French\', \'German\', \'Spanish - Spain\', \'Japanese\', \'Simplified Chinese\', \'Traditional Chinese\']','https://futurlab.co.uk/',23136,545,1563),(1293830,'Forza Horizon 4','2021-03-09','2000000 - 5000000',7571,0,59.99,15,'[\'English\', \'French\', \'Italian\', \'German\', \'Spanish - Spain\', \'Czech\', \'Hungarian\', \'Japanese\', \'Korean\', \'Polish\', \'Portuguese - Brazil\', \'Russian\', \'Simplified Chinese\', \'Spanish - Latin America\', \'Traditional Chinese\', \'Turkish\']','http://www.forzamotorsport.net',122539,15095,2518),(1294660,'Divine Knockout (DKO)','2022-12-06','50000 - 100000',12417,0,0,0,'[\'English\', \'French\', \'German\', \'Japanese\', \'Spanish - Latin America\', \'Simplified Chinese\', \'Portuguese - Brazil\']','https://www.divineknockout.com/',707,244,198),(1294810,'Redfall','2023-05-01','200000 - 500000',1419,17,69.99,2,'[\'English\', \'French\', \'Italian\', \'German\', \'Spanish - Spain\', \'Arabic\', \'Japanese\', \'Korean\', \'Portuguese - Brazil\', \'Russian\', \'Simplified Chinese\', \'Spanish - Latin America\', \'Traditional Chinese\', \'Polish\']','https://bethesda.net/en/game/redfall',715,1809,0),(1295510,'DRAGON QUEST   XI S: Echoes of an Elusive Age - Definitive Edition','2020-12-04','200000 - 500000',1057,0,39.99,0,'[\'English\', \'French\', \'Italian\', \'German\', \'Spanish - Spain\', \'Korean\', \'Simplified Chinese\', \'Traditional Chinese\']','https://www.DQ11.com',5361,309,1199),(1295920,'The Mortuary Assistant','2022-08-02','20000 - 50000',1194,0,22.49,1,'[\'English\']','',677,106,163),(1296610,'Peglin','2022-04-25','100000 - 200000',959,0,19.99,0,'[\'English\', \'German\', \'Dutch\', \'Japanese\', \'Portuguese - Brazil\', \'Spanish - Latin America\', \'Swedish\', \'French\', \'Simplified Chinese\', \'Traditional Chinese\', \'Korean\', \'Polish\', \'Russian\']','https://rednexus.games/',3162,881,769),(1300920,'Ghost of Dragon','2022-10-26','20000 - 50000',1916,0,17.99,0,'[\'Simplified Chinese\', \'Traditional Chinese\']','',186,119,0),(1304930,'The Outlast Trials','2023-05-18','200000 - 500000',32920,0,29.99,0,'[\'English\', \'French\', \'Italian\', \'German\', \'Spanish - Spain\', \'Japanese\', \'Korean\', \'Polish\', \'Portuguese - Brazil\', \'Russian\', \'Simplified Chinese\', \'Spanish - Latin America\', \'Turkish\', \'Traditional Chinese\']','https://redbarrelsgames.com/games/the-outlast-trials/',6451,378,276),(1307550,'Craftopia','2020-09-04','500000 - 1000000',1042,0,24.99,1,'[\'English\', \'Japanese\', \'Simplified Chinese\', \'Traditional Chinese\']','',12448,2942,12038),(1310410,'Alone in the Dark','2024-03-20','100000 - 200000',1158,0,53.99,5,'[\'English\', \'French\', \'Italian\', \'German\', \'Spanish - Spain\', \'Arabic\', \'Portuguese - Brazil\', \'Traditional Chinese\', \'Simplified Chinese\', \'Japanese\', \'Korean\', \'Polish\', \'Russian\', \'Hindi\', \'Indonesian\', \'Persian\']','http://aloneinthedarkgame.com/',539,134,0),(1313140,'Cult of the Lamb','2022-08-11','500000 - 1000000',53272,0,24.99,2,'[\'English\', \'French\', \'German\', \'Spanish - Spain\', \'Japanese\', \'Korean\', \'Portuguese - Brazil\', \'Russian\', \'Simplified Chinese\', \'Traditional Chinese\']','http://cultofthelamb.com',7555,985,322),(1313860,'EA SPORTS FIFA 21','2020-10-08','1000000 - 2000000',1888,0,0,0,'[\'English\', \'French\', \'Italian\', \'German\', \'Arabic\', \'Czech\', \'Danish\', \'Japanese\', \'Norwegian\', \'Polish\', \'Portuguese\', \'Portuguese - Brazil\', \'Russian\', \'Simplified Chinese\', \'Spanish - Latin America\', \'Swedish\', \'Traditional Chinese\', \'Turkish\', \'Dutch\', \'Korean\']','https://www.ea.com/games/fifa',43290,13629,9780),(1316680,'VLADiK BRUTAL','2024-08-09','200000 - 500000',1031,0,11.99,1,'[\'English\', \'Simplified Chinese\', \'Russian\', \'French\', \'German\', \'Japanese\', \'Italian\', \'Spanish - Spain\']','https://vk.com/narko_games',3163,405,78),(1321440,'Cassette Beasts','2023-04-26','100000 - 200000',2427,0,17.99,3,'[\'English\', \'French\', \'Italian\', \'German\', \'Spanish - Spain\', \'Japanese\', \'Korean\', \'Simplified Chinese\', \'Spanish - Latin America\', \'Portuguese - Brazil\']','https://www.cassettebeasts.com',509,21,1053),(1324130,'Stranded: Alien Dawn','2022-10-12','0 - 20000',3530,0,29.99,0,'[\'English\']','',274,52,1032),(1324340,'Made in Abyss: Binary Star Falling into Darkness','2022-09-02','0 - 20000',1854,0,59.99,0,'[\'English\', \'Japanese\', \'Simplified Chinese\', \'Traditional Chinese\']','',175,143,719),(1325200,'Nioh 2   The Complete Edition','2021-02-05','500000 - 1000000',2511,17,49.99,0,'[\'English\', \'French\', \'Italian\', \'Spanish - Spain\', \'Spanish - Latin America\', \'Portuguese\', \'Portuguese - Brazil\', \'Polish\', \'Russian\', \'Simplified Chinese\', \'Traditional Chinese\', \'Japanese\', \'Korean\', \'German\']','https://teamninja-studio.com/nioh2/',27191,3674,3559),(1325860,'VTube Studio','2021-03-12','200000 - 500000',5595,0,0,1,'[\'English\', \'Japanese\', \'Simplified Chinese\', \'Traditional Chinese\']','https://denchisoft.com/',1780,147,412),(1326470,'Sons Of The Forest','2023-02-23','2000000 - 5000000',405191,0,29.99,0,'[\'English\', \'French\', \'Italian\', \'German\', \'Spanish - Spain\', \'Czech\', \'Finnish\', \'Japanese\', \'Korean\', \'Polish\', \'Portuguese - Brazil\', \'Russian\', \'Simplified Chinese\', \'Swedish\', \'Traditional Chinese\', \'Turkish\']','',31006,5954,312),(1328670,'Mass Effect Legendary Edition','2021-05-14','500000 - 1000000',3792,17,59.99,0,'[\'English\', \'French\', \'Italian\', \'German\', \'Spanish - Spain\', \'Japanese\', \'Polish\', \'Russian\']','https://www.ea.com/games/mass-effect/mass-effect-legendary-edition',27137,1935,3373),(1329500,'SpiderHeck','2022-09-22','100000 - 200000',2589,0,13.49,0,'[\'English\', \'French\', \'Italian\', \'German\', \'Spanish - Spain\', \'Japanese\', \'Korean\', \'Portuguese - Brazil\', \'Russian\', \'Simplified Chinese\']','https://www.spiderheck.com/',510,56,70),(1329880,'Wild West Dynasty','2023-02-16','50000 - 100000',843,0,21.59,3,'[\'English\', \'French\', \'German\', \'Spanish - Spain\', \'Russian\', \'Turkish\', \'Ukrainian\']','https://www.toplitz-productions.com/home.html',238,632,24),(1331550,'Big Ambitions','2023-03-10','100000 - 200000',10880,0,20.69,0,'[\'English\', \'French\', \'German\', \'Spanish - Spain\', \'Korean\', \'Portuguese - Brazil\', \'Russian\', \'Simplified Chinese\', \'Turkish\']','https://www.bigambitionsgame.com',565,25,462),(1332010,'Stray','2022-07-19','1000000 - 2000000',36912,0,29.99,1,'[\'English\', \'French\', \'Italian\', \'German\', \'Spanish - Spain\', \'Japanese\', \'Korean\', \'Polish\', \'Portuguese - Brazil\', \'Russian\', \'Simplified Chinese\', \'Spanish - Latin America\', \'Traditional Chinese\', \'Turkish\', \'Dutch\', \'Portuguese\']','https://stray.game',39381,912,297),(1335200,'Action Taimanin','2020-10-05','1000000 - 2000000',1164,0,0,0,'[\'English\', \'Japanese\', \'Simplified Chinese\', \'Traditional Chinese\', \'Korean\', \'Spanish - Spain\', \'Spanish - Latin America\']','http://www.actiontaimanin.net',11174,1900,4053),(1336490,'Against the Storm','2022-11-01','100000 - 200000',5156,0,16.99,0,'[\'English\', \'French\', \'German\', \'Spanish - Spain\', \'Polish\', \'Portuguese - Brazil\', \'Russian\', \'Simplified Chinese\', \'Japanese\', \'Korean\', \'Traditional Chinese\']','https://eremitegames.com/',584,14,30),(1337520,'Risk of Rain Returns','2023-11-08','500000 - 1000000',6000,0,14.99,1,'[\'English\', \'French\', \'Italian\', \'German\', \'Spanish - Spain\', \'Japanese\', \'Korean\', \'Portuguese - Brazil\', \'Russian\', \'Turkish\', \'Simplified Chinese\']','',21022,2193,435),(1337760,'Potion Permit','2022-09-22','100000 - 200000',4772,0,19.99,18,'[\'English\', \'French\', \'German\', \'Spanish - Spain\', \'Korean\', \'Portuguese - Brazil\', \'Russian\', \'Simplified Chinese\']','https://pqube.co.uk/potion-permit/',401,158,148),(1338770,'Sniper Ghost Warrior Contracts 2','2021-06-04','200000 - 500000',784,17,39.99,23,'[\'English\', \'French\', \'Italian\', \'German\', \'Spanish - Spain\', \'Korean\', \'Polish\', \'Russian\', \'Simplified Chinese\', \'Portuguese - Brazil\', \'Czech\', \'Japanese\']','',5274,954,805),(1343240,'Thymesia','2022-08-18','200000 - 500000',1957,0,22.49,2,'[\'English\', \'Simplified Chinese\', \'Traditional Chinese\', \'French\', \'Italian\', \'German\', \'Spanish - Spain\', \'Japanese\', \'Korean\', \'Russian\']','https://www.thymesia.info/',1000,197,116),(1343370,'Old School RuneScape','2021-02-24','1000000 - 2000000',1559,0,0,4,'[\'English\']','https://oldschool.runescape.com/',10401,1068,673),(1343400,'RuneScape   ','2020-10-14','1000000 - 2000000',5255,0,0,10,'[\'English\', \'French\', \'German\', \'Portuguese - Brazil\']','https://www.RuneScape.com',15978,2183,8999),(1350650,'FreshWomen - Season 1','2022-08-19','0 - 20000',3092,0,12.59,0,'[\'English\', \'Portuguese - Brazil\', \'Simplified Chinese\', \'French\', \'Turkish\', \'Polish\', \'Spanish - Spain\', \'Russian\', \'German\', \'Italian\', \'Traditional Chinese\']','',0,0,79),(1351080,'Pharaoh: A New Era','2023-02-15','100000 - 200000',5808,0,19.54,0,'[\'English\', \'French\', \'Italian\', \'German\', \'Spanish - Spain\']','',762,345,411),(1351240,'Taxi Life: A City Driving Simulator','2024-03-07','50000 - 100000',784,0,29.99,2,'[\'English\', \'French\', \'Italian\', \'German\', \'Spanish - Spain\', \'Arabic\', \'Dutch\', \'Japanese\', \'Korean\', \'Polish\', \'Portuguese - Brazil\', \'Russian\', \'Simplified Chinese\', \'Traditional Chinese\', \'Catalan\']','https://simteract.com/',575,531,0),(1353230,'Bomb Rush Cyberfunk','2023-08-18','100000 - 200000',1652,0,39.99,2,'[\'English\', \'French\', \'Italian\', \'German\', \'Spanish - Spain\', \'Dutch\', \'Japanese\', \'Portuguese - Brazil\', \'Russian\']','',5570,103,229),(1353300,'Idle Slayer','2020-12-21','200000 - 500000',911,0,0,0,'[\'English\', \'French\', \'Italian\', \'German\', \'Spanish - Spain\', \'Czech\', \'Hungarian\', \'Polish\', \'Portuguese - Brazil\', \'Spanish - Latin America\', \'Korean\', \'Portuguese\', \'Romanian\', \'Russian\', \'Simplified Chinese\', \'Traditional Chinese\', \'Turkish\', \'Vietnamese\', \'Japanese\', \'Dutch\', \'Finnish\', \'Swedish\', \'Ukrainian\', \'Danish\', \'Norwegian\']','https://idleslayer.com',2452,426,3756),(1361210,'Warhammer 40,000: Darktide','2022-11-30','500000 - 1000000',63616,0,39.99,2,'[\'English\', \'French\', \'Italian\', \'German\', \'Spanish - Spain\', \'Polish\', \'Portuguese - Brazil\', \'Russian\', \'Simplified Chinese\', \'Japanese\', \'Korean\', \'Traditional Chinese\']','http://www.playdarktide.com',4486,2104,409),(1363080,'Manor Lords','2024-04-26','0 - 20000',159372,0,29.99,2,'[\'English\', \'German\', \'Polish\', \'Simplified Chinese\', \'French\', \'Japanese\', \'Spanish - Spain\', \'Korean\', \'Portuguese - Brazil\', \'Russian\', \'Traditional Chinese\', \'Italian\', \'Turkish\', \'Czech\', \'Danish\', \'Dutch\', \'Hungarian\', \'Swedish\', \'Ukrainian\']','http://www.manorlords.com',9203,989,258),(1364020,'Boundary','2023-04-13','200000 - 500000',3875,0,22.49,1,'[\'English\', \'Simplified Chinese\']','http://www.boundarygame.com/',7228,2536,326),(1364210,'City Bus Manager','2022-11-10','0 - 20000',963,0,26.69,0,'[\'English\', \'German\', \'French\', \'Italian\', \'Spanish - Spain\', \'Polish\', \'Russian\', \'Simplified Chinese\', \'Portuguese - Brazil\']','',157,34,0),(1364390,'Animaze by FaceRig','2021-11-17','200000 - 500000',923,0,0,0,'[\'English\', \'Japanese\', \'Portuguese - Brazil\', \'Russian\', \'Simplified Chinese\', \'Spanish - Latin America\']','https://www.animaze.us/',1084,701,0),(1364780,'Street Fighter 6','2023-06-01','200000 - 500000',70084,0,59.99,2,'[\'English\', \'Japanese\', \'French\', \'Italian\', \'German\', \'Spanish - Spain\', \'Arabic\', \'Portuguese - Brazil\', \'Polish\', \'Russian\', \'Simplified Chinese\', \'Traditional Chinese\', \'Korean\']','https://www.streetfighter.com/6/en-us/',4374,467,308),(1366540,'Dyson Sphere Program','2021-01-20','2000000 - 5000000',5269,0,19.99,2,'[\'Simplified Chinese\', \'English\']','',62266,1425,3500),(1366800,'Crosshair X','2020-08-17','200000 - 500000',2514,0,3.99,0,'[\'English\', \'German\', \'Portuguese - Brazil\', \'Russian\', \'Simplified Chinese\', \'Spanish - Latin America\']','https://www.centerpointgaming.com',3848,408,5292),(1371980,'No Rest for the Wicked','2024-04-18','0 - 20000',24948,17,35.99,0,'[\'English\', \'French\', \'Italian\', \'German\', \'Spanish - Spain\', \'Japanese\', \'Korean\', \'Polish\', \'Portuguese - Brazil\', \'Simplified Chinese\', \'Traditional Chinese\', \'Russian\']','http://norestforthewicked.com/',5396,3466,245),(1372110,'JoJo\'s Bizarre Adventure: All-Star Battle R','2022-09-01','20000 - 50000',3721,0,49.99,1,'[\'English\', \'French\', \'Italian\', \'German\', \'Spanish - Spain\', \'Simplified Chinese\', \'Traditional Chinese\', \'Japanese\', \'Korean\']','https://jojoasbr.bn-ent.net/',1267,247,180),(1372880,'The Day Before','2023-12-07','5000000 - 10000000',6882,0,39.99,0,'[\'English\', \'French\', \'Italian\', \'German\', \'Spanish - Spain\', \'Portuguese - Brazil\', \'Traditional Chinese\', \'Simplified Chinese\', \'Korean\', \'Polish\', \'Russian\', \'Japanese\', \'Ukrainian\']','http://daybeforegame.com',3506,14077,91),(1377580,'Soulworker','2021-05-12','1000000 - 2000000',1698,0,0,0,'[\'Traditional Chinese\', \'English\']','https://www.facebook.com/LIONGAMES.CO.LTD',6329,2074,2504),(1380910,'Stardeus','2022-10-12','20000 - 50000',1252,0,29.99,2,'[\'English\', \'French\', \'German\', \'Czech\', \'Portuguese - Brazil\', \'Simplified Chinese\', \'Japanese\', \'Ukrainian\', \'Spanish - Spain\', \'Russian\']','https://stardeusgame.com',175,13,679),(1384160,'GUILTY GEAR -STRIVE-','2021-06-11','500000 - 1000000',1865,13,59.99,11,'[\'English\', \'Japanese\', \'Simplified Chinese\', \'Traditional Chinese\', \'French\', \'Italian\', \'German\', \'Spanish - Spain\', \'Korean\']','',26351,2391,6340),(1397920,'Mr.Mine','2020-09-30','500000 - 1000000',1424,0,0,0,'[\'English\', \'German\', \'Spanish - Spain\', \'Russian\', \'Simplified Chinese\', \'French\', \'Japanese\', \'Portuguese - Brazil\', \'Danish\', \'Swedish\', \'Polish\', \'Italian\', \'Czech\', \'Dutch\', \'Korean\', \'Arabic\', \'Portuguese\', \'Turkish\', \'Thai\', \'Hungarian\', \'Spanish - Latin America\', \'Vietnamese\', \'Norwegian\', \'Finnish\']','https://mrmine.com',10604,885,1992),(1399080,'The DioField Chronicle','2022-09-22','0 - 20000',1144,0,59.99,2,'[\'English\', \'French\', \'German\', \'Japanese\', \'Simplified Chinese\', \'Traditional Chinese\']','https://www.diofieldchronicle.com',131,123,25),(1401590,'Disney Dreamlight Valley','2022-09-06','50000 - 100000',9935,0,29.99,0,'[\'English\', \'French\', \'Italian\', \'German\', \'Spanish - Spain\', \'Japanese\', \'Simplified Chinese\']','http://www.disneydreamlightvalley.com/',1071,73,1331),(1404210,'Red Dead Online','2020-12-01','1000000 - 2000000',2322,17,9.99,0,'[\'English\', \'French\', \'Italian\', \'German\', \'Spanish - Spain\', \'Japanese\', \'Korean\', \'Polish\', \'Portuguese\', \'Russian\', \'Simplified Chinese\', \'Spanish - Latin America\', \'Traditional Chinese\']','https://www.rockstargames.com/reddeadredemption2/',39311,7280,2596),(1407200,'World of Tanks','2021-04-28','2000000 - 5000000',3765,0,0,14,'[\'English\', \'French\', \'Italian\', \'German\', \'Czech\', \'Dutch\', \'Finnish\', \'Hungarian\', \'Japanese\', \'Korean\', \'Polish\', \'Portuguese - Brazil\', \'Romanian\', \'Russian\', \'Spanish - Latin America\', \'Swedish\', \'Turkish\', \'Ukrainian\', \'Traditional Chinese\', \'Simplified Chinese\']','https://wargaming.net/wot',27467,6544,755),(1408610,'Call of the Wild: The Angler','2022-08-31','50000 - 100000',4344,0,29.99,0,'[\'English\', \'French\', \'German\', \'Spanish - Spain\', \'Japanese\', \'Polish\', \'Russian\', \'Simplified Chinese\']','https://cotwtheangler.com/',1014,1397,228),(1411910,'Fallen Aces','2024-06-14','0 - 20000',1012,0,9.87,0,'[\'English\']','',0,0,0),(1418630,'Dread Hunger','2022-01-26','1000000 - 2000000',28085,0,29.99,13,'[\'English\', \'French\', \'Italian\', \'German\', \'Spanish - Spain\', \'Japanese\', \'Korean\', \'Polish\', \'Portuguese - Brazil\', \'Russian\', \'Simplified Chinese\', \'Traditional Chinese\', \'Turkish\']','https://dreadhunger.com/',21394,13558,5916),(1422130,'SimRail - The Railway Simulator','2023-01-13','50000 - 100000',1867,0,31.49,0,'[\'English\', \'French\', \'Italian\', \'German\', \'Spanish - Spain\', \'Polish\', \'Czech\']','https://www.facebook.com/simrail2021/',214,44,0),(1426050,'Fractured Online','2022-09-15','50000 - 100000',781,0,25.99,0,'[\'English\', \'French\', \'German\']','https://fracturedonline.com/',88,162,0),(1426210,'It Takes Two','2021-03-25','2000000 - 5000000',10627,0,39.99,0,'[\'English\', \'French\', \'Italian\', \'German\', \'Spanish - Spain\', \'Japanese\', \'Korean\', \'Polish\', \'Portuguese - Brazil\', \'Russian\', \'Simplified Chinese\', \'Traditional Chinese\']','https://www.ea.com/games/it-takes-two',90731,3749,932),(1433140,'The Texas Chain Saw Massacre','2023-08-18','200000 - 500000',9743,0,39.99,2,'[\'English\']','https://www.txchainsawgame.com/',6937,1454,611),(1435790,'Escape Simulator','2021-10-19','200000 - 500000',941,0,14.99,2,'[\'English\', \'Japanese\', \'Korean\', \'Simplified Chinese\', \'Traditional Chinese\', \'French\', \'German\', \'Spanish - Spain\', \'Portuguese\', \'Portuguese - Brazil\', \'Spanish - Latin America\', \'Turkish\']','https://escapesimulator.com/',6967,475,405),(1436700,'Trine 5: A Clockwork Conspiracy','2023-08-31','0 - 20000',1041,0,29.99,1,'[\'English\', \'French\', \'Italian\', \'German\', \'Spanish - Spain\', \'Portuguese - Brazil\', \'Traditional Chinese\', \'Simplified Chinese\', \'Japanese\', \'Korean\', \'Polish\', \'Russian\', \'Spanish - Latin America\', \'Czech\', \'Turkish\', \'Ukrainian\']','https://trine5.thqnordic.com/',139,7,0),(1446780,'MONSTER HUNTER RISE','2022-01-12','1000000 - 2000000',99009,0,59.99,135,'[\'English\', \'French\', \'Italian\', \'German\', \'Spanish - Spain\', \'Arabic\', \'Japanese\', \'Korean\', \'Polish\', \'Portuguese - Brazil\', \'Russian\', \'Simplified Chinese\', \'Traditional Chinese\']','https://www.monsterhunter.com/rise-steam/',37494,5799,4462),(1448440,'Wo Long: Fallen Dynasty','2023-03-03','500000 - 1000000',59368,17,59.99,2,'[\'English\', \'French\', \'Italian\', \'German\', \'Spanish - Spain\', \'Portuguese - Brazil\', \'Russian\', \'Simplified Chinese\', \'Traditional Chinese\', \'Japanese\', \'Korean\']','https://teamninja-studio.com/wolong',4367,7101,434),(1451090,'Tactics Ogre: Reborn','2022-11-11','50000 - 100000',9460,13,49.99,0,'[\'English\', \'French\', \'German\', \'Spanish - Spain\', \'Simplified Chinese\', \'Traditional Chinese\', \'Japanese\', \'Korean\']','',369,77,0),(1451190,'Undisputed','2023-01-31','200000 - 500000',5128,0,29.99,0,'[\'English\', \'French\', \'Italian\', \'German\', \'Spanish - Latin America\']','http://www.playundisputed.com/',2342,525,432),(1451810,'LEGO 2K Drive','2023-05-18','50000 - 100000',767,0,59.99,3,'[\'English\', \'French\', \'Italian\', \'German\', \'Spanish - Spain\', \'Danish\', \'Dutch\', \'Japanese\', \'Korean\', \'Polish\', \'Portuguese - Brazil\', \'Simplified Chinese\', \'Spanish - Latin America\', \'Thai\', \'Traditional Chinese\']','https://lego.2k.com/drive',99,82,7),(1453850,'Pro Cycling Manager 2021','2021-06-03','20000 - 50000',767,0,39.99,0,'[\'English\', \'French\', \'Italian\', \'German\', \'Spanish - Spain\', \'Danish\', \'Dutch\', \'Norwegian\', \'Portuguese\']','',421,123,0),(1454400,'Cookie Clicker','2021-09-01','1000000 - 2000000',12442,0,4.99,1,'[\'English\', \'French\', \'Italian\', \'German\', \'Spanish - Spain\', \'Czech\', \'Dutch\', \'Japanese\', \'Polish\', \'Portuguese - Brazil\', \'Russian\', \'Simplified Chinese\', \'Korean\']','https://orteil.dashnet.org/cookieclicker/',33473,871,17498),(1455840,'Dorfromantik','2022-04-28','200000 - 500000',834,0,13.99,2,'[\'English\', \'German\', \'French\', \'Italian\', \'Portuguese - Brazil\', \'Russian\', \'Simplified Chinese\', \'Spanish - Latin America\', \'Traditional Chinese\', \'Polish\', \'Swedish\', \'Spanish - Spain\', \'Turkish\', \'Arabic\', \'Dutch\', \'Hungarian\', \'Japanese\', \'Norwegian\', \'Portuguese\', \'Ukrainian\']','https://toukana.com/dorfromantik/',15920,490,453),(1457080,'The Mageseeker: A League of Legends Story','2023-04-18','50000 - 100000',2136,0,29.99,4,'[\'English\', \'French\', \'Italian\', \'German\', \'Spanish - Spain\', \'Japanese\', \'Korean\', \'Polish\', \'Portuguese - Brazil\', \'Russian\', \'Simplified Chinese\', \'Spanish - Latin America\', \'Traditional Chinese\']','https://themageseeker.com',731,146,56),(1457320,'Techtonica','2023-07-18','50000 - 100000',3253,0,25.49,1,'[\'English\', \'French\', \'German\', \'Japanese\', \'Polish\', \'Portuguese - Brazil\', \'Russian\', \'Simplified Chinese\', \'Spanish - Latin America\', \'Traditional Chinese\']','https://techtonicagame.com/',331,81,0),(1458140,'Pacific Drive','2024-02-21','200000 - 500000',18275,13,26.99,2,'[\'English\', \'French\', \'German\', \'Spanish - Spain\', \'Japanese\', \'Korean\', \'Russian\', \'Simplified Chinese\', \'Traditional Chinese\']','https://www.pacificdrivegame.com',1799,448,0),(1462040,'FINAL FANTASY VII REMAKE INTERGRADE','2022-06-17','200000 - 500000',2582,0,69.99,0,'[\'English\', \'French\', \'Italian\', \'German\', \'Spanish - Spain\', \'Spanish - Latin America\', \'Portuguese - Brazil\', \'Simplified Chinese\', \'Traditional Chinese\', \'Japanese\', \'Korean\']','https://ffvii-remake-intergrade.square-enix-games.com/en-us/',5510,657,1530),(1465360,'SnowRunner','2021-05-17','200000 - 500000',2811,0,27.49,22,'[\'English\', \'French\', \'Italian\', \'German\', \'Spanish - Spain\', \'Czech\', \'Japanese\', \'Korean\', \'Polish\', \'Portuguese - Brazil\', \'Russian\', \'Simplified Chinese\', \'Traditional Chinese\']','https://www.focus-home.com/games/snowrunner',11119,1584,3429),(1465460,'Infection Free Zone','2024-04-11','0 - 20000',14680,0,22.49,0,'[\'English\', \'French\', \'Italian\', \'German\', \'Spanish - Spain\', \'Japanese\', \'Korean\', \'Polish\', \'Russian\', \'Simplified Chinese\', \'Traditional Chinese\', \'Portuguese - Brazil\', \'Turkish\']','http://infection-free-zone.com/',1197,431,141),(1465470,'The Crust','2024-07-15','50000 - 100000',3600,0,26.99,1,'[\'English\', \'Russian\', \'French\', \'German\', \'Spanish - Spain\', \'Simplified Chinese\', \'Korean\', \'Portuguese - Brazil\', \'Polish\', \'Italian\', \'Spanish - Latin America\', \'Japanese\']','https://veomstudio.com/the-crust/',481,179,0),(1466060,'Tainted Grail: The Fall of Avalon','2023-03-30','50000 - 100000',833,0,26.99,0,'[\'English\', \'Polish\']','',312,88,0),(1466860,'Age of Empires IV','2021-10-28','1000000 - 2000000',6545,0,59.99,2,'[\'English\', \'French\', \'Italian\', \'German\', \'Spanish - Spain\', \'Japanese\', \'Korean\', \'Portuguese - Brazil\', \'Russian\', \'Simplified Chinese\', \'Spanish - Latin America\', \'Traditional Chinese\', \'Turkish\', \'Vietnamese\']','https://www.ageofempires.com/',30472,4748,1719),(1468260,'Leaf Blower Revolution - Idle Game','2020-12-04','500000 - 1000000',3637,0,0,5,'[\'English\']','',15584,789,2075),(1469610,'Last Train Home','2023-11-28','20000 - 50000',3792,0,33.99,2,'[\'English\', \'French\', \'German\', \'Spanish - Spain\', \'Portuguese - Brazil\', \'Traditional Chinese\', \'Simplified Chinese\', \'Japanese\', \'Polish\', \'Russian\', \'Czech\']','https://lasttrainhome.thqnordic.com',230,38,0),(1473480,'A.V.A Global','2022-08-23','500000 - 1000000',9276,0,0,0,'[\'English\', \'Simplified Chinese\', \'Japanese\']','',1102,1151,112),(1476970,'IdleOn - The Idle MMO','2021-04-02','500000 - 1000000',4095,0,0,0,'[\'English\']','https://www.legendsofidleon.com/',7243,858,2754),(1477070,'Depersonalization','2022-12-19','100000 - 200000',1384,0,17.99,0,'[\'Simplified Chinese\', \'English\']','',1190,125,346),(1483870,'Draw & Guess','2021-03-12','1000000 - 2000000',1741,0,2.99,0,'[\'English\', \'German\', \'French\', \'Simplified Chinese\', \'Japanese\', \'Spanish - Spain\', \'Korean\', \'Russian\', \'Italian\', \'Traditional Chinese\']','https://drawandguess.com',22445,4053,540),(1488200,'Symphony of War: The Nephilim Saga','2022-06-10','100000 - 200000',823,0,19.99,2,'[\'English\']','https://www.dancingdragongames.com/',2370,76,643),(1494420,'Silica','2023-05-03','20000 - 50000',923,0,19.99,0,'[\'English\']','https://www.silicagame.com',467,158,56),(1496790,'Gotham Knights','2022-10-21','200000 - 500000',23318,0,59.99,1,'[\'English\', \'French\', \'Italian\', \'German\', \'Spanish - Spain\', \'Arabic\', \'Japanese\', \'Korean\', \'Polish\', \'Simplified Chinese\', \'Spanish - Latin America\', \'Traditional Chinese\', \'Portuguese - Brazil\']','',1942,1057,210),(1501610,'Nova Lands','2023-06-22','50000 - 100000',2269,0,17.99,1,'[\'English\', \'Portuguese - Brazil\', \'French\', \'Spanish - Spain\', \'Russian\', \'Thai\', \'Vietnamese\', \'Italian\', \'Japanese\', \'Polish\', \'Simplified Chinese\', \'Turkish\', \'German\', \'Korean\', \'Traditional Chinese\']','https://novalandsgame.com/',293,22,0),(1501750,'Lords of the Fallen','2023-10-13','200000 - 500000',2542,17,59.99,6,'[\'English\', \'French\', \'Italian\', \'German\', \'Spanish - Spain\', \'Polish\', \'Japanese\', \'Korean\', \'Portuguese - Brazil\', \'Ukrainian\', \'Traditional Chinese\', \'Simplified Chinese\']','',15878,9671,1745),(1506830,'FIFA 22','2021-09-30','2000000 - 5000000',74621,0,59.99,0,'[\'English\', \'French\', \'Italian\', \'German\', \'Spanish - Spain\', \'Arabic\', \'Czech\', \'Danish\', \'Dutch\', \'Japanese\', \'Korean\', \'Norwegian\', \'Polish\', \'Portuguese\', \'Portuguese - Brazil\', \'Russian\', \'Simplified Chinese\', \'Spanish - Latin America\', \'Swedish\', \'Traditional Chinese\', \'Turkish\']','https://www.ea.com/games/fifa',69322,17807,5970),(1509510,'Settlement Survival','2021-10-11','100000 - 200000',763,0,14.99,0,'[\'Simplified Chinese\', \'English\', \'French\', \'German\', \'Russian\', \'Spanish - Latin America\', \'Japanese\', \'Italian\', \'Polish\', \'Portuguese - Brazil\', \'Turkish\', \'Korean\']','',3213,423,564),(1515210,'The Past Within','2022-11-02','50000 - 100000',6613,0,3.59,0,'[\'English\', \'French\', \'Italian\', \'German\', \'Spanish - Spain\', \'Czech\', \'Danish\', \'Dutch\', \'Japanese\', \'Korean\', \'Polish\', \'Portuguese - Brazil\', \'Russian\', \'Simplified Chinese\', \'Swedish\', \'Traditional Chinese\', \'Turkish\', \'Vietnamese\', \'Portuguese - Portugal\', \'Spanish - Latin America\', \'Romanian\']','http://www.rustylake.com',1657,135,144),(1517290,'Battlefield 2042','2021-11-19','10000000 - 20000000',5060,17,29.99,2,'[\'English\', \'French\', \'Italian\', \'German\', \'Spanish - Spain\', \'Arabic\', \'Japanese\', \'Korean\', \'Polish\', \'Portuguese - Brazil\', \'Russian\', \'Simplified Chinese\', \'Spanish - Latin America\', \'Traditional Chinese\']','https://www.ea.com/games/battlefield/battlefield-2042/',39121,106038,1841),(1519090,'Welcome to ParadiZe','2024-02-29','100000 - 200000',1118,17,25.49,7,'[\'English\', \'French\', \'Italian\', \'German\', \'Spanish - Spain\', \'Japanese\', \'Korean\', \'Polish\', \'Portuguese - Brazil\', \'Russian\', \'Simplified Chinese\', \'Traditional Chinese\', \'Dutch\']','',225,130,430),(1519350,'Madden NFL 22','2021-08-19','200000 - 500000',1416,0,59.99,0,'[\'English\']','https://www.ea.com/games/madden-nfl/madden-nfl-22',3272,3025,2537),(1526490,'Fear Surrounds','2021-10-19','200000 - 500000',1205,0,7.99,0,'[\'Simplified Chinese\', \'English\']','',8539,1194,1435),(1527950,'Wartales','2021-12-01','200000 - 500000',5199,0,27.99,0,'[\'English\', \'French\', \'German\', \'Spanish - Spain\', \'Polish\', \'Portuguese - Brazil\', \'Russian\', \'Simplified Chinese\']','https://wartales.net',5681,571,1302),(1533420,'Neon White','2022-06-16','100000 - 200000',794,0,24.99,1,'[\'English\', \'French\', \'Italian\', \'German\', \'Spanish - Spain\', \'Japanese\', \'Korean\', \'Polish\', \'Portuguese\', \'Portuguese - Brazil\', \'Russian\', \'Simplified Chinese\', \'Spanish - Latin America\', \'Traditional Chinese\', \'Turkish\']','',5091,83,1651),(1536090,'Echoes of the Plum Grove','2024-04-29','20000 - 50000',1629,0,17.99,1,'[\'English\', \'Simplified Chinese\']','',568,59,0),(1544020,'The Callisto Protocol','2022-12-01','500000 - 1000000',12523,17,59.99,1,'[\'English\', \'French\', \'Italian\', \'German\', \'Spanish - Spain\', \'Japanese\', \'Korean\', \'Polish\', \'Portuguese - Brazil\', \'Simplified Chinese\', \'Spanish - Latin America\', \'Russian\']','https://callisto.sds.com',6137,5900,172),(1545560,'Shadow Gambit: The Cursed Crew','2023-08-17','100000 - 200000',1338,0,39.99,2,'[\'English\', \'French\', \'Italian\', \'German\', \'Spanish - Spain\', \'Japanese\', \'Korean\', \'Polish\', \'Portuguese - Brazil\', \'Russian\', \'Simplified Chinese\', \'Traditional Chinese\', \'Turkish\']','https://shadowgambit.com',1515,77,1180),(1546320,'Your Chronicle','2021-04-04','100000 - 200000',2122,0,0,1,'[\'English\', \'Japanese\']','',760,176,2777),(1546970,'Grand Theft Auto III The Definitive Edition','2023-01-19','20000 - 50000',774,17,29.99,0,'[\'English\', \'French\', \'Italian\', \'German\', \'Spanish - Spain\', \'Japanese\', \'Korean\', \'Polish\', \'Portuguese - Brazil\', \'Russian\', \'Simplified Chinese\', \'Spanish - Latin America\', \'Traditional Chinese\']','',122,72,0),(1547000,'Grand Theft Auto: San Andreas The Definitive Edition','2023-01-19','20000 - 50000',1018,17,29.99,0,'[\'English\', \'French\', \'Italian\', \'German\', \'Spanish - Spain\', \'Japanese\', \'Korean\', \'Polish\', \'Portuguese - Brazil\', \'Russian\', \'Simplified Chinese\', \'Spanish - Latin America\', \'Traditional Chinese\']','',215,93,249),(1548850,'Six Days in Fallujah','2023-06-22','50000 - 100000',7299,0,39.99,0,'[\'English\', \'French\', \'German\', \'Korean\', \'Simplified Chinese\', \'Spanish - Latin America\', \'Italian\', \'Spanish - Spain\']','https://sixdays.com',2326,526,0),(1551360,'Forza Horizon 5','2021-11-08','2000000 - 5000000',14205,0,59.99,42,'[\'English\', \'French\', \'Italian\', \'German\', \'Spanish - Spain\', \'Czech\', \'Hungarian\', \'Japanese\', \'Korean\', \'Polish\', \'Portuguese - Brazil\', \'Russian\', \'Simplified Chinese\', \'Spanish - Latin America\', \'Traditional Chinese\', \'Turkish\']','http://www.forzamotorsport.net',71315,10363,3325),(1553000,'War Hospital','2024-01-11','20000 - 50000',966,0,26.99,3,'[\'English\', \'French\', \'German\', \'Spanish - Spain\', \'Polish\', \'Italian\', \'Japanese\', \'Korean\', \'Portuguese - Brazil\', \'Simplified Chinese\', \'Traditional Chinese\']','https://warhospitalgame.com/',174,112,0),(1556100,'Killer Klowns from Outer Space: The Game','2024-06-04','100000 - 200000',2041,0,39.99,3,'[\'English\', \'French\', \'Italian\', \'German\', \'Spanish - Spain\', \'Japanese\', \'Portuguese - Brazil\']','',1629,428,0),(1556790,'Isonzo','2022-09-13','100000 - 200000',2548,0,26.99,6,'[\'English\', \'French\', \'Italian\', \'German\', \'Spanish - Spain\', \'Japanese\', \'Polish\', \'Portuguese - Portugal\', \'Portuguese - Brazil\', \'Russian\', \'Simplified Chinese\', \'Turkish\']','https://www.ww1gameseries.com/isonzo/',1650,389,206),(1562430,'DREDGE','2023-03-30','100000 - 200000',10464,0,24.99,3,'[\'English\', \'French\', \'Italian\', \'German\', \'Spanish - Spain\', \'Japanese\', \'Korean\', \'Russian\', \'Simplified Chinese\', \'Traditional Chinese\', \'Portuguese - Brazil\']','https://www.blacksaltgames.com/',1896,84,182),(1566200,'Tape to Tape','2023-05-03','100000 - 200000',1433,0,17.99,0,'[\'English\', \'French\']','',474,70,17),(1566690,'Outpost: Infinity Siege','2024-03-26','50000 - 100000',14387,0,24.99,0,'[\'Simplified Chinese\', \'English\', \'French\', \'German\', \'Japanese\', \'Traditional Chinese\', \'Korean\']','https://www.outpostgame.net/',2712,2695,0),(1567020,'The Dark Pictures Anthology: The Devil in Me','2022-11-17','50000 - 100000',2323,18,39.99,0,'[\'English\', \'French\', \'Italian\', \'German\', \'Spanish - Spain\', \'Korean\', \'Portuguese - Brazil\', \'Russian\', \'Simplified Chinese\', \'Spanish - Latin America\', \'Traditional Chinese\']','https://www.thedarkpictures.com/',290,269,292),(1569040,'Football Manager 2022','2021-11-08','500000 - 1000000',66097,0,54.99,1,'[\'English\', \'French\', \'Italian\', \'German\', \'Spanish - Spain\', \'Danish\', \'Dutch\', \'Greek\', \'Korean\', \'Norwegian\', \'Polish\', \'Portuguese\', \'Russian\', \'Simplified Chinese\', \'Swedish\', \'Traditional Chinese\', \'Turkish\']','http://www.footballmanager.com/',15445,1289,13137),(1575940,'Sins of a Solar Empire II','2024-08-15','100000 - 200000',5654,0,49.99,0,'[\'English\', \'French\', \'Italian\', \'German\', \'Japanese\', \'Korean\', \'Polish\', \'Portuguese - Brazil\', \'Russian\', \'Simplified Chinese\', \'Spanish - Latin America\']','https://www.sinsofasolarempire2.com/',3416,481,126),(1577120,'The Quarry','2022-06-09','50000 - 100000',1524,0,0,1,'[\'English\', \'French\', \'Italian\', \'German\', \'Spanish - Spain\', \'Danish\', \'Finnish\', \'Japanese\', \'Korean\', \'Norwegian\', \'Polish\', \'Portuguese\', \'Portuguese - Brazil\', \'Russian\', \'Simplified Chinese\', \'Spanish - Latin America\', \'Swedish\', \'Traditional Chinese\', \'Turkish\', \'Dutch\']','http://www.QuarryGame.com',3653,1168,455),(1580520,'Lost Eidolons','2022-10-13','50000 - 100000',1180,0,34.99,3,'[\'English\', \'Korean\', \'German\', \'Spanish - Spain\', \'Portuguese - Brazil\', \'Russian\', \'French\', \'Simplified Chinese\']','https://www.oceandrive.studio',235,60,0),(1581770,'SpellForce: Conquest of Eo','2023-02-03','50000 - 100000',3651,0,23.99,0,'[\'English\', \'German\', \'Traditional Chinese\', \'Simplified Chinese\']','https://conquest.spellforce.com',276,77,0),(1583230,'High On Life','2022-12-13','50000 - 100000',9190,18,59.99,0,'[\'English\', \'French\', \'Italian\', \'German\', \'Spanish - Latin America\']','https://squanchgames.com/high-on-life/',1962,247,323),(1583320,'Pro Soccer Online','2021-11-15','100000 - 200000',787,0,9.99,0,'[\'English\']','https://prosocceronline.net/',2739,354,599),(1584940,'Lakeburg Legacies','2023-07-20','20000 - 50000',1296,0,19.54,1,'[\'English\', \'French\', \'German\', \'Simplified Chinese\']','https://ishtar.games/',167,117,0),(1589120,'Above Snakes','2023-05-25','50000 - 100000',2125,0,22.49,1,'[\'English\', \'French\', \'German\', \'Spanish - Spain\', \'Portuguese - Brazil\', \'Russian\', \'Simplified Chinese\', \'Korean\', \'Spanish - Latin America\', \'Traditional Chinese\', \'Polish\']','https://squareglade.games/',279,120,0),(1592190,'BONELAB','2022-09-29','200000 - 500000',7056,17,39.99,1,'[\'English\']','https://www.stresslevelzero.com/',3412,1007,172),(1592280,'Selaco','2024-05-31','0 - 20000',1451,0,22.49,0,'[\'English\']','https://selacogame.com/',499,28,0),(1593030,'Terra Nil','2023-03-28','50000 - 100000',2825,0,24.99,2,'[\'English\', \'French\', \'German\', \'Spanish - Spain\', \'Japanese\', \'Korean\', \'Portuguese - Brazil\', \'Russian\', \'Simplified Chinese\', \'Traditional Chinese\', \'Italian\', \'Arabic\', \'Polish\', \'Spanish - Latin America\', \'Swedish\', \'Thai\', \'Turkish\']','https://freelives.net/',1194,226,521),(1593500,'God of War','2022-01-14','2000000 - 5000000',4123,17,49.99,0,'[\'English\', \'French\', \'Italian\', \'German\', \'Spanish - Spain\', \'Dutch\', \'Japanese\', \'Korean\', \'Polish\', \'Portuguese\', \'Portuguese - Brazil\', \'Russian\', \'Spanish - Latin America\', \'Turkish\', \'Traditional Chinese\', \'Czech\', \'Hungarian\', \'Greek\']','',51719,1621,1855),(1594320,'Captain of Industry','2022-05-31','50000 - 100000',2574,0,29.99,2,'[\'English\', \'French\', \'German\', \'Spanish - Spain\', \'Czech\', \'Dutch\', \'Swedish\', \'Italian\', \'Russian\', \'Simplified Chinese\', \'Japanese\', \'Korean\', \'Polish\', \'Portuguese - Brazil\']','https://www.captain-of-industry.com/',1598,133,3124),(1599340,'Lost Ark','2022-02-11','20000000 - 50000000',287501,17,0,4,'[\'English\', \'French\', \'German\', \'Spanish - Spain\']','https://www.playlostark.com',124308,44066,3335),(1599600,'PlateUp!','2022-08-04','50000 - 100000',1844,0,14.39,0,'[\'English\', \'French\', \'German\', \'Spanish - Spain\', \'Japanese\', \'Polish\', \'Portuguese - Brazil\', \'Russian\', \'Simplified Chinese\', \'Traditional Chinese\']','https://www.plateupgame.com',210,11,283),(1601740,'Corpse Keeper','2023-02-14','0 - 20000',796,0,17.99,0,'[\'English\', \'Simplified Chinese\', \'French\', \'Italian\', \'German\', \'Spanish - Spain\', \'Japanese\', \'Traditional Chinese\']','',407,127,0),(1604030,'V Rising','2022-05-17','2000000 - 5000000',11062,0,19.99,3,'[\'English\', \'French\', \'German\', \'Spanish - Spain\', \'Portuguese - Brazil\', \'Simplified Chinese\', \'Italian\', \'Hungarian\', \'Japanese\', \'Korean\', \'Polish\', \'Russian\', \'Turkish\']','https://playvrising.com/',38828,5034,1649),(1608070,'CRISIS CORE INAL FANTASY VII  REUNION','2022-12-13','50000 - 100000',7073,0,49.99,0,'[\'English\', \'French\', \'Italian\', \'German\', \'Spanish - Spain\', \'Japanese\', \'Korean\', \'Simplified Chinese\', \'Traditional Chinese\']','https://CrisisCoreFF7R.com',1294,150,458),(1612770,'Sweet Transit','2022-07-28','100000 - 200000',1166,0,19.79,1,'[\'English\', \'French\', \'Italian\', \'German\', \'Spanish - Spain\', \'Simplified Chinese\', \'Japanese\', \'Korean\', \'Traditional Chinese\', \'Russian\']','https://www.sweettransitgame.com/',119,36,124),(1614550,'Astro Colony','2022-11-07','50000 - 100000',2670,0,17.99,0,'[\'English\', \'French\', \'Italian\', \'German\', \'Japanese\', \'Polish\', \'Russian\', \'Hungarian\', \'Simplified Chinese\', \'Spanish - Spain\', \'Korean\']','https://AstroColony.com',240,53,784),(1621690,'Core Keeper','2022-03-08','500000 - 1000000',5451,0,12.99,0,'[\'English\', \'Simplified Chinese\', \'Thai\', \'German\', \'Japanese\', \'Korean\']','',12552,1342,1514),(1623730,'Palworld','2024-01-18','2000000 - 5000000',1284268,0,26.99,1,'[\'English\', \'Simplified Chinese\', \'Traditional Chinese\', \'Japanese\', \'French\', \'Italian\', \'German\', \'Spanish - Spain\', \'Portuguese - Brazil\', \'Russian\', \'Korean\']','https://www.pocketpair.jp/palworld',12877,1028,268),(1627720,'Lies of P','2023-09-18','500000 - 1000000',3674,0,59.99,2,'[\'English\', \'French\', \'German\', \'Spanish - Spain\', \'Russian\', \'Japanese\', \'Simplified Chinese\', \'Traditional Chinese\', \'Portuguese - Brazil\', \'Polish\', \'Korean\', \'Italian\']','https://liesofp.com/',20639,1700,1114),(1634860,'Minishoot\' Adventures','2024-04-02','0 - 20000',894,0,13.49,0,'[\'English\', \'French\', \'German\', \'Spanish - Spain\', \'Japanese\', \'Korean\', \'Portuguese - Brazil\', \'Russian\', \'Simplified Chinese\', \'Spanish - Latin America\', \'Italian\', \'Polish\', \'Czech\', \'Traditional Chinese\']','',608,28,0),(1637320,'Dome Keeper','2022-09-27','200000 - 500000',6025,0,16.19,2,'[\'English\', \'Italian\', \'Japanese\', \'French\', \'German\', \'Spanish - Spain\', \'Polish\', \'Portuguese - Brazil\', \'Portuguese - Portugal\', \'Russian\', \'Simplified Chinese\', \'Spanish - Latin America\', \'Ukrainian\', \'Czech\', \'Danish\', \'Dutch\', \'Finnish\', \'Hungarian\', \'Norwegian\', \'Turkish\']','https://rawfury.com/games/dome-keeper/',1017,155,251),(1641960,'Forever Skies','2023-06-22','100000 - 200000',4226,0,23.99,0,'[\'English\', \'French\', \'German\', \'Spanish - Spain\', \'Russian\', \'Polish\', \'Simplified Chinese\', \'Ukrainian\']','https://www.farfromhomegames.com/en/foreverskies',580,72,0),(1643310,'Dungeons 4','2023-11-09','100000 - 200000',817,0,49.99,1,'[\'English\', \'German\', \'French\', \'Italian\', \'Spanish - Spain\', \'Arabic\', \'Japanese\', \'Korean\', \'Polish\', \'Portuguese - Portugal\', \'Russian\', \'Simplified Chinese\', \'Traditional Chinese\', \'Turkish\', \'Portuguese - Brazil\']','https://dungeons4-game.com/',1025,107,922),(1644320,'Railway Empire 2','2023-05-25','20000 - 50000',2347,0,49.99,4,'[\'English\', \'French\', \'Italian\', \'German\', \'Spanish - Spain\', \'Portuguese - Brazil\', \'Traditional Chinese\', \'Simplified Chinese\', \'Japanese\', \'Russian\', \'Arabic\', \'Turkish\']','https://www.kalypsomedia.com',213,128,0),(1644960,'NBA 2K22','2021-09-09','1000000 - 2000000',28478,0,59.99,0,'[\'English\', \'French\', \'Italian\', \'Spanish - Spain\', \'Japanese\', \'Korean\', \'Simplified Chinese\', \'Traditional Chinese\', \'German\']','https://www.nba2k.com/',18546,14194,5204),(1649010,'Miasma Chronicles','2023-05-23','20000 - 50000',1328,0,49.99,0,'[\'English\', \'French\', \'Italian\', \'German\', \'Spanish - Spain\', \'Japanese\', \'Korean\', \'Polish\', \'Portuguese - Brazil\', \'Russian\', \'Simplified Chinese\', \'Traditional Chinese\']','https://miasmachronicles.com/',224,91,0),(1649080,'Two Point Campus','2022-08-09','50000 - 100000',6895,0,39.99,0,'[\'English\', \'French\', \'Italian\', \'German\', \'Spanish - Spain\', \'Korean\', \'Polish\', \'Portuguese - Brazil\', \'Simplified Chinese\', \'Traditional Chinese\', \'Turkish\']','https://www.twopointcampus.com/',656,108,252),(1649240,'Returnal','2023-02-15','50000 - 100000',6444,13,59.99,0,'[\'English\', \'French\', \'Italian\', \'German\', \'Spanish - Spain\', \'Arabic\', \'Danish\', \'Dutch\', \'Finnish\', \'Japanese\', \'Korean\', \'Norwegian\', \'Polish\', \'Portuguese - Portugal\', \'Portuguese - Brazil\', \'Russian\', \'Simplified Chinese\', \'Spanish - Latin America\', \'Swedish\', \'Traditional Chinese\', \'Thai\', \'Vietnamese\', \'Indonesian\']','',1516,360,573),(1657630,'Slime Rancher 2','2022-09-22','200000 - 500000',20178,0,29.99,1,'[\'English\', \'French\', \'German\', \'Japanese\', \'Korean\', \'Russian\', \'Simplified Chinese\', \'Spanish - Latin America\', \'Portuguese - Brazil\']','http://slimerancher.com/',5720,241,320),(1658280,'Eiyuden Chronicle: Hundred Heroes','2024-04-23','0 - 20000',7087,0,49.99,2,'[\'English\', \'French\', \'Italian\', \'German\', \'Spanish - Spain\', \'Japanese\', \'Korean\', \'Portuguese - Brazil\', \'Simplified Chinese\', \'Traditional Chinese\', \'Russian\']','https://eiyudenchronicle.com/',914,238,227),(1659040,'HITMAN 3','2022-01-20','100000 - 200000',1069,17,59.99,12,'[\'English\', \'French\', \'Italian\', \'German\', \'Spanish - Spain\', \'Japanese\', \'Russian\', \'Simplified Chinese\', \'Traditional Chinese\']','https://hitman.com/',3134,1362,1579),(1659420,'UNCHARTED  Legacy of Thieves Collection','2022-10-19','100000 - 200000',9741,0,49.99,0,'[\'English\', \'French\', \'Italian\', \'German\', \'Spanish - Spain\', \'Czech\', \'Danish\', \'Dutch\', \'Finnish\', \'Greek\', \'Japanese\', \'Korean\', \'Norwegian\', \'Polish\', \'Portuguese - Portugal\', \'Portuguese - Brazil\', \'Russian\', \'Simplified Chinese\', \'Spanish - Latin America\', \'Swedish\', \'Traditional Chinese\', \'Turkish\']','',2083,228,389),(1665190,'Monster Prom 3: Monster Roadtrip','2022-10-21','50000 - 100000',1523,0,10.79,4,'[\'English\']','http://monsterprom.pizza',380,2,0),(1669000,'Age of Wonders 4','2023-05-02','200000 - 500000',40019,13,49.99,2,'[\'English\', \'French\', \'German\', \'Spanish - Spain\', \'Japanese\', \'Korean\', \'Polish\', \'Russian\', \'Simplified Chinese\']','https://www.paradoxinteractive.com/games/age-of-wonders-4',3823,737,525),(1672500,'GUNDAM BREAKER 4','2024-08-28','100000 - 200000',21237,0,59.99,4,'[\'English\', \'Japanese\', \'French\', \'Italian\', \'German\', \'Spanish - Spain\', \'Indonesian\', \'Spanish - Latin America\', \'Thai\', \'Portuguese - Brazil\', \'Simplified Chinese\', \'Traditional Chinese\', \'Korean\']','https://gb.ggame.jp/2024/',1136,273,409),(1676840,'For The King II','2023-11-02','200000 - 500000',2030,0,24.99,1,'[\'English\', \'French\', \'Italian\', \'German\', \'Spanish - Spain\', \'Japanese\', \'Korean\', \'Polish\', \'Portuguese - Brazil\', \'Russian\', \'Simplified Chinese\', \'Traditional Chinese\', \'Ukrainian\']','https://www.ironoakgames.com',5721,2437,690),(1677110,'Lightyear Frontier','2024-03-19','200000 - 500000',3136,0,19.99,2,'[\'English\', \'French\', \'Italian\', \'German\', \'Spanish - Spain\', \'Japanese\', \'Korean\', \'Polish\', \'Portuguese - Brazil\', \'Russian\', \'Simplified Chinese\', \'Traditional Chinese\']','https://lightyearfrontier.com/',353,64,0),(1677280,'Company of Heroes 3','2023-02-23','200000 - 500000',28658,18,59.99,0,'[\'English\', \'French\', \'Italian\', \'German\', \'Spanish - Spain\', \'Czech\', \'Korean\', \'Polish\', \'Simplified Chinese\', \'Traditional Chinese\', \'Japanese\', \'Portuguese - Brazil\', \'Turkish\']','https://companyofheroes.com',3171,2152,292),(1677740,'Stumble Guys','2021-10-07','2000000 - 5000000',27703,0,0,0,'[\'English\', \'French\', \'Italian\', \'German\', \'Spanish - Spain\', \'Polish\', \'Portuguese\', \'Portuguese - Brazil\', \'Russian\', \'Japanese\', \'Korean\']','',28671,3498,214),(1680880,'Forspoken','2023-01-24','100000 - 200000',6648,17,69.99,1,'[\'English\', \'French\', \'Italian\', \'German\', \'Spanish - Spain\', \'Arabic\', \'Japanese\', \'Korean\', \'Portuguese - Brazil\', \'Russian\', \'Simplified Chinese\', \'Spanish - Latin America\', \'Thai\', \'Traditional Chinese\']','https://www.forspoken.com',1820,1576,301),(1682060,'Warriors of the Nile 2','2022-08-23','20000 - 50000',2037,0,13.49,0,'[\'English\', \'Simplified Chinese\', \'Japanese\']','',210,65,0),(1683150,'Railroader','2023-12-07','0 - 20000',1895,0,29.99,0,'[\'English\']','',0,0,0),(1687950,'Persona 5 Royal','2022-10-20','200000 - 500000',28661,17,59.99,0,'[\'English\', \'French\', \'Italian\', \'German\', \'Spanish - Spain\', \'Japanese\', \'Korean\', \'Simplified Chinese\', \'Traditional Chinese\']','https://www.atlus.com/p5r',3588,102,381),(1692250,'F1   22','2022-06-30','100000 - 200000',12178,0,59.99,1,'[\'English\', \'French\', \'Italian\', \'German\', \'Spanish - Spain\', \'Dutch\', \'Japanese\', \'Portuguese - Brazil\', \'Simplified Chinese\', \'Polish\', \'Russian\']','https://www.ea.com/games/f1/f1-22',4849,2467,1538),(1693980,'Dead Space','2023-01-27','200000 - 500000',28122,17,59.99,1,'[\'English\', \'French\', \'Italian\', \'German\', \'Spanish - Spain\', \'Japanese\', \'Korean\', \'Polish\', \'Simplified Chinese\', \'Spanish - Latin America\', \'Traditional Chinese\', \'Portuguese - Brazil\']','https://www.ea.com/games/dead-space/dead-space',4478,643,339),(1696440,'The Matchless Kungfu','2023-08-29','50000 - 100000',6174,0,14.99,0,'[\'Simplified Chinese\', \'English\']','https://game.bilibili.com/kungfu/',517,100,0),(1700870,'Clanfolk','2022-07-14','100000 - 200000',1649,0,19.99,0,'[\'English\', \'French\', \'German\', \'Simplified Chinese\', \'Traditional Chinese\', \'Italian\', \'Spanish - Spain\', \'Japanese\', \'Korean\', \'Polish\', \'Portuguese - Brazil\', \'Russian\', \'Thai\', \'Hungarian\']','http://www.clanfolk.com',473,59,397),(1701520,'Afterimage','2023-04-24','20000 - 50000',1597,0,24.99,2,'[\'English\', \'French\', \'Italian\', \'German\', \'Spanish - Spain\', \'Russian\', \'Japanese\', \'Simplified Chinese\', \'Traditional Chinese\', \'Korean\', \'Portuguese - Brazil\']','',700,218,54),(1702010,'Sengoku Dynasty','2023-08-10','50000 - 100000',1091,0,29.99,2,'[\'English\', \'French\', \'German\', \'Spanish - Spain\', \'Russian\', \'Simplified Chinese\', \'Japanese\', \'Ukrainian\', \'Korean\', \'Polish\', \'Portuguese - Brazil\', \'Turkish\']','https://www.toplitz-productions.com/home.html',1505,602,258),(1702330,'Rune Factory 5','2022-07-13','0 - 20000',1309,0,59.99,10,'[\'English\', \'French\', \'German\', \'Japanese\', \'Korean\', \'Simplified Chinese\', \'Traditional Chinese\']','https://www.runefactory-5.com/',427,89,198),(1708520,'F1   Manager 2022','2022-08-30','100000 - 200000',15728,0,54.99,0,'[\'English\', \'French\', \'Italian\', \'German\', \'Spanish - Spain\', \'Dutch\', \'Japanese\', \'Polish\', \'Portuguese - Portugal\', \'Portuguese - Brazil\', \'Russian\', \'Simplified Chinese\', \'Spanish - Latin America\', \'Turkish\']','https://www.f1manager.com',1894,782,1819),(1708850,'Drug Dealer Simulator 2','2024-06-20','100000 - 200000',5657,0,22.49,1,'[\'English\', \'French\', \'Italian\', \'German\', \'Polish\', \'Spanish - Spain\', \'Japanese\', \'Portuguese - Brazil\', \'Russian\', \'Simplified Chinese\', \'Turkish\']','https://mov.gs/',642,188,0),(1716740,'Starfield','2023-09-05','5000000 - 10000000',16006,17,69.99,2,'[\'English\', \'French\', \'Italian\', \'German\', \'Spanish - Spain\', \'Japanese\', \'Polish\', \'Portuguese - Brazil\', \'Simplified Chinese\']','',83406,41287,2629),(1718570,'ASTLIBRA Revision','2022-10-13','50000 - 100000',761,0,22.49,0,'[\'Japanese\', \'English\', \'Simplified Chinese\']','http://www.astlibrarevision.com/',168,13,0),(1721470,'Poppy Playtime','2021-10-12','2000000 - 5000000',1688,0,0,1,'[\'English\']','',30556,9015,147),(1726130,'Pathless Woods','2024-04-02','0 - 20000',811,0,17.99,0,'[\'Simplified Chinese\', \'English\', \'Traditional Chinese\']','',202,43,0),(1731070,'Asterigos: Curse of the Stars','2022-10-11','20000 - 50000',1354,0,31.49,3,'[\'English\', \'Simplified Chinese\', \'Traditional Chinese\', \'French\', \'Italian\', \'German\', \'Spanish - Spain\', \'Japanese\', \'Korean\', \'Portuguese - Brazil\', \'Russian\']','https://www.asterigosgame.com',379,96,120),(1735700,'Back to the Dawn','2023-11-02','50000 - 100000',829,0,19.99,0,'[\'Simplified Chinese\', \'English\', \'Japanese\']','',2258,218,72),(1737100,'Treasure of Nadia','2022-02-15','0 - 20000',823,0,14.99,0,'[\'English\']','https://nlt-media.com',0,0,834),(1739010,'Out of the Park Baseball 23','2022-04-22','0 - 20000',1676,0,39.99,0,'[\'English\', \'Korean\']','https://www.ootpdevelopments.com/out-of-the-park-baseball-home/',363,77,3714),(1741400,'Wander Hero','2023-01-11','20000 - 50000',763,0,8.09,0,'[\'Simplified Chinese\', \'English\']','',184,24,0),(1746030,'Murders on the Yangtze River','2024-01-30','20000 - 50000',1155,0,12.74,1,'[\'Simplified Chinese\']','https://resource.itaotuo.com/website/shanhelvtan/index.html',694,20,0),(1747760,'Momodora: Moonlit Farewell','2024-01-11','0 - 20000',1224,0,15.29,1,'[\'English\', \'Simplified Chinese\', \'Japanese\', \'French\', \'Italian\', \'German\', \'Spanish - Spain\', \'Ukrainian\', \'Portuguese - Brazil\', \'Russian\', \'Traditional Chinese\', \'Korean\']','',471,42,0),(1754870,'Lust Theory Season 2','2023-01-27','0 - 20000',816,0,22.49,0,'[\'English\']','https://incetongames.com/',0,0,0),(1759380,'Bandle Tale: A League of Legends Story','2024-02-21','20000 - 50000',1306,0,24.99,1,'[\'English\', \'French\', \'Italian\', \'German\', \'Spanish - Spain\', \'Japanese\', \'Korean\', \'Polish\', \'Portuguese - Brazil\', \'Russian\', \'Simplified Chinese\', \'Spanish - Latin America\', \'Traditional Chinese\']','https://www.bandletale.com/',269,42,0),(1766740,'Choo-Choo Charles','2022-12-09','50000 - 100000',2816,0,19.99,0,'[\'English\', \'French\', \'German\', \'Spanish - Spain\', \'Japanese\', \'Korean\', \'Polish\', \'Portuguese - Brazil\', \'Russian\', \'Simplified Chinese\', \'Italian\', \'Czech\', \'Danish\', \'Dutch\', \'Hungarian\', \'Portuguese - Portugal\', \'Spanish - Latin America\', \'Swedish\', \'Thai\', \'Traditional Chinese\', \'Turkish\', \'Hindi\', \'Ukrainian\', \'Vietnamese\']','https://twitter.com/TwoStarGames',2696,252,247),(1767560,'Pro Cycling Manager 2022','2022-06-09','20000 - 50000',3046,0,39.99,0,'[\'English\', \'French\', \'Italian\', \'German\', \'Spanish - Spain\', \'Danish\', \'Dutch\', \'Norwegian\', \'Portuguese\']','',220,56,1932),(1774580,'STAR WARS Jedi: Survivor','2024-04-27','0 - 20000',54868,0,69.99,1,'[\'English\', \'French\', \'Italian\', \'German\', \'Spanish - Spain\', \'Japanese\', \'Korean\', \'Polish\', \'Portuguese - Brazil\', \'Simplified Chinese\', \'Spanish - Latin America\', \'Traditional Chinese\']','https://www.ea.com/games/starwars/jedi/jedi-survivor',4536,4652,456),(1775490,'Slice & Dice','2024-03-20','100000 - 200000',870,0,8.99,0,'[\'English\']','',264,4,0),(1776380,'STAR OCEAN THE DIVINE FORCE','2022-10-27','20000 - 50000',4240,0,59.99,2,'[\'English\', \'French\', \'Japanese\', \'Korean\', \'Simplified Chinese\', \'Traditional Chinese\']','http://www.starocean.com/',364,163,439),(1777390,'Robolife2 - Nova Duty','2023-03-10','0 - 20000',786,0,13.49,0,'[\'English\', \'Japanese\', \'Simplified Chinese\', \'Traditional Chinese\']','',0,0,0),(1777620,'Soul Hackers 2','2022-08-25','50000 - 100000',5556,17,59.99,5,'[\'English\', \'French\', \'Italian\', \'German\', \'Spanish - Spain\', \'Japanese\', \'Korean\', \'Simplified Chinese\', \'Traditional Chinese\']','https://soulhackers2.atlus.com/',352,93,497),(1778820,'TEKKEN 8','2024-01-25','200000 - 500000',34654,0,69.99,2,'[\'English\', \'French\', \'Italian\', \'German\', \'Spanish - Spain\', \'Arabic\', \'Japanese\', \'Korean\', \'Portuguese - Brazil\', \'Simplified Chinese\', \'Traditional Chinese\', \'Polish\', \'Russian\', \'Thai\', \'Spanish - Latin America\']','https://tk8.tekken-official.jp/',1987,436,0),(1782120,'ZERO Sievert','2022-11-15','50000 - 100000',5880,0,17.99,0,'[\'English\']','https://modernwolf.net/game-for-cabo-studio/zero-sievert',1128,145,206),(1782570,'Beer Factory','2024-01-10','0 - 20000',1178,0,17.09,0,'[\'English\', \'French\', \'Italian\', \'German\', \'Spanish - Spain\', \'Simplified Chinese\', \'Korean\', \'Spanish - Latin America\', \'Japanese\', \'Polish\', \'Portuguese - Brazil\', \'Portuguese - Portugal\', \'Russian\', \'Turkish\']','',278,221,0),(1785150,'Friends vs Friends','2023-05-30','100000 - 200000',3153,13,5.99,2,'[\'English\', \'French\', \'Italian\', \'German\', \'Spanish - Spain\', \'Japanese\', \'Portuguese - Brazil\', \'Russian\', \'Simplified Chinese\', \'Ukrainian\', \'Czech\', \'Korean\', \'Polish\', \'Portuguese - Portugal\', \'Turkish\', \'Spanish - Latin America\']','https://www.friendsvsfriends.com',1741,420,249),(1787090,'MyDockFinder','2021-11-25','100000 - 200000',2529,0,3.99,0,'[\'English\', \'French\', \'German\', \'Russian\', \'Japanese\', \'Simplified Chinese\', \'Traditional Chinese\', \'Korean\', \'Spanish - Spain\', \'Italian\', \'Ukrainian\', \'Dutch\', \'Portuguese\', \'Swedish\', \'Thai\', \'Portuguese - Brazil\', \'Greek\']','https://www.mydockfinder.com',1248,416,2462),(1789480,'Marauders','2022-10-03','100000 - 200000',11151,0,29.99,0,'[\'English\', \'French\', \'Italian\', \'German\', \'Russian\', \'Simplified Chinese\', \'Traditional Chinese\', \'Spanish - Spain\']','https://www.marauders.game/',2933,746,748),(1793250,'Take Me To The Dungeon!!','2023-06-28','0 - 20000',1789,0,9.89,2,'[\'English\', \'Traditional Chinese\', \'Japanese\', \'Korean\', \'Simplified Chinese\']','',0,0,0),(1794680,'Vampire Survivors','2021-12-17','2000000 - 5000000',15530,0,2.99,0,'[\'English\']','',112499,1252,1309),(1798010,'Mega Man Battle Network Legacy Collection Vol. 1','2023-04-13','20000 - 50000',3935,0,39.99,1,'[\'English\', \'Japanese\', \'Simplified Chinese\', \'Traditional Chinese\']','https://www.capcom-games.com/megaman/exe/',456,38,900),(1798020,'Mega Man Battle Network Legacy Collection Vol. 2','2023-04-13','0 - 20000',928,0,39.99,1,'[\'English\', \'Japanese\', \'Simplified Chinese\', \'Traditional Chinese\']','https://www.capcom-games.com/megaman/exe/',139,11,0),(1805480,'Like a Dragon: Ishin!','2023-02-21','50000 - 100000',7820,17,59.99,7,'[\'English\', \'French\', \'Italian\', \'German\', \'Spanish - Spain\', \'Simplified Chinese\', \'Traditional Chinese\', \'Japanese\', \'Korean\']','https://ishin.sega.com/',1090,201,238),(1809540,'Nine Sols','2024-05-28','0 - 20000',5795,0,26.99,1,'[\'English\', \'Simplified Chinese\', \'Traditional Chinese\', \'Japanese\', \'Korean\']','https://redcandlegames.com/',1253,137,0),(1809700,'Persona 3 Portable','2023-01-18','50000 - 100000',3124,17,19.99,0,'[\'English\', \'French\', \'Italian\', \'German\', \'Spanish - Spain\', \'Japanese\', \'Korean\', \'Simplified Chinese\', \'Traditional Chinese\']','https://persona.atlus.com',893,334,146),(1810580,'Nobody - The Turnaround','2022-11-16','200000 - 500000',53559,0,0,0,'[\'English\', \'Simplified Chinese\']','',3469,2096,508),(1810820,'Etrian Odyssey III HD','2023-05-31','0 - 20000',1327,0,39.99,1,'[\'English\', \'French\', \'Italian\', \'German\', \'Spanish - Spain\', \'Japanese\', \'Simplified Chinese\', \'Traditional Chinese\', \'Korean\']','https://atlus.com/etrianorigins',75,5,0),(1811260,'EA SPORTS FIFA 23','2022-09-29','0 - 20000',65603,0,69.99,0,'[\'English\', \'French\', \'Italian\', \'German\', \'Spanish - Spain\', \'Arabic\', \'Czech\', \'Danish\', \'Dutch\', \'Japanese\', \'Korean\', \'Norwegian\', \'Polish\', \'Portuguese - Portugal\', \'Portuguese - Brazil\', \'Russian\', \'Simplified Chinese\', \'Spanish - Latin America\', \'Swedish\', \'Traditional Chinese\', \'Turkish\']','https://www.ea.com/games/fifa',1997,3934,856),(1811990,'Wildfrost','2023-04-12','100000 - 200000',3455,0,19.99,1,'[\'English\', \'Japanese\', \'Korean\', \'Simplified Chinese\', \'Traditional Chinese\']','http://wildfrostgame.com',2572,935,0),(1812300,'Aquatico','2023-01-12','0 - 20000',860,0,22.49,2,'[\'English\', \'French\', \'German\', \'Spanish - Spain\', \'Japanese\', \'Portuguese - Brazil\', \'Simplified Chinese\', \'Polish\', \'Russian\', \'Turkish\']','https://www.overseer-games.com/aquatico',135,51,0),(1816300,'HARVESTELLA','2022-11-04','0 - 20000',3189,0,59.99,0,'[\'English\', \'French\', \'German\', \'Spanish - Spain\', \'Japanese\', \'Korean\', \'Simplified Chinese\', \'Traditional Chinese\']','',244,140,26),(1817070,'Marvel  Spider-Man Remastered','2022-08-12','500000 - 1000000',62756,0,59.99,0,'[\'English\', \'French\', \'Italian\', \'German\', \'Spanish - Spain\', \'Czech\', \'Danish\', \'Dutch\', \'Finnish\', \'Greek\', \'Hungarian\', \'Japanese\', \'Korean\', \'Norwegian\', \'Polish\', \'Portuguese\', \'Portuguese - Brazil\', \'Russian\', \'Spanish - Latin America\', \'Swedish\', \'Traditional Chinese\']','',11105,437,189),(1817190,'Marvel  Spider-Man: Miles Morales','2022-11-18','50000 - 100000',12476,0,49.99,0,'[\'English\', \'French\', \'Italian\', \'German\', \'Spanish - Spain\', \'Czech\', \'Danish\', \'Dutch\', \'Finnish\', \'Greek\', \'Hungarian\', \'Japanese\', \'Korean\', \'Norwegian\', \'Polish\', \'Portuguese - Brazil\', \'Portuguese - Portugal\', \'Russian\', \'Simplified Chinese\', \'Spanish - Latin America\', \'Swedish\', \'Traditional Chinese\']','',1759,99,644),(1817230,'Hi-Fi RUSH','2023-01-25','50000 - 100000',5634,0,29.99,1,'[\'English\', \'French\', \'Italian\', \'German\', \'Spanish - Spain\', \'Arabic\', \'Spanish - Latin America\', \'Portuguese - Brazil\', \'Polish\', \'Russian\', \'Simplified Chinese\', \'Traditional Chinese\', \'Japanese\', \'Korean\']','',2395,36,125),(1818750,'MultiVersus','2022-07-19','500000 - 1000000',51283,0,39.99,3,'[\'English\', \'French\', \'Italian\', \'German\', \'Spanish - Spain\', \'Polish\', \'Portuguese - Brazil\', \'Russian\', \'Simplified Chinese\', \'Spanish - Latin America\']','https://www.multiversus.com/',9490,831,313),(1823950,'Laysara: Summit Kingdom','2024-04-10','0 - 20000',777,0,15.99,1,'[\'English\', \'French\', \'German\', \'Spanish - Spain\', \'Polish\', \'Ukrainian\', \'Simplified Chinese\', \'Japanese\', \'Portuguese - Brazil\']','https://quiteokgames.com',137,36,42),(1824220,'Chivalry 2','2022-06-12','1000000 - 2000000',3703,17,39.99,1,'[\'English\', \'French\', \'Italian\', \'German\', \'Spanish - Spain\', \'Japanese\', \'Korean\', \'Polish\', \'Portuguese - Brazil\', \'Russian\', \'Simplified Chinese\', \'Traditional Chinese\']','https://chivalry2.com/',9944,2192,1086),(1830970,'The Last Flame','2024-01-17','0 - 20000',1913,0,16.19,0,'[\'English\', \'Simplified Chinese\', \'Traditional Chinese\', \'French\', \'German\']','',0,0,0),(1832640,'Mirror 2: Project X','2022-01-20','1000000 - 2000000',1221,0,1.19,11,'[\'Japanese\', \'English\', \'Simplified Chinese\', \'Traditional Chinese\', \'Korean\', \'Russian\']','',35562,2331,629),(1839950,'Terminator: Dark Fate - Defiance','2024-02-21','100000 - 200000',3058,0,35.99,0,'[\'English\', \'French\', \'German\', \'Spanish - Spain\', \'Dutch\', \'Russian\', \'Simplified Chinese\']','https://www.slitherine.com/steam',416,152,0),(1840080,'Homeworld 3','2024-05-13','100000 - 200000',2895,10,59.99,4,'[\'English\', \'French\', \'Italian\', \'German\', \'Japanese\', \'Korean\', \'Polish\', \'Portuguese - Brazil\', \'Russian\', \'Simplified Chinese\', \'Spanish - Latin America\', \'Traditional Chinese\', \'Turkish\']','https://homeworlduniverse.com',2041,2346,0),(1843760,'Rogue Tower','2022-01-28','500000 - 1000000',802,0,14.99,1,'[\'English\']','',2622,538,738),(1846380,'Need for Speed Unbound','2022-12-01','50000 - 100000',13699,0,69.99,1,'[\'English\', \'French\', \'Italian\', \'German\', \'Spanish - Spain\', \'Arabic\', \'Japanese\', \'Korean\', \'Polish\', \'Portuguese - Brazil\', \'Simplified Chinese\', \'Traditional Chinese\']','https://www.ea.com/games/need-for-speed/need-for-speed-unbound/',1929,564,647),(1847150,'Touhou Genso Wanderer -FORESIGHT-','2024-05-14','0 - 20000',872,0,31.49,1,'[\'Japanese\', \'English\', \'Simplified Chinese\', \'Traditional Chinese\']','',88,69,0),(1849250,'EA SPORTS WRC','2023-11-02','50000 - 100000',1306,0,49.99,1,'[\'English\', \'French\', \'Italian\', \'German\', \'Spanish - Spain\']','https://www.ea.com/games/ea-sports-wrc/wrc/',2412,894,981),(1850160,'Poly Bridge 3','2023-05-30','0 - 20000',795,0,17.99,0,'[\'English\', \'French\', \'Italian\', \'German\', \'Spanish - Spain\', \'Japanese\', \'Korean\', \'Russian\', \'Simplified Chinese\']','',159,10,306),(1850510,'TRIANGLE STRATEGY','2022-10-13','0 - 20000',2080,0,59.99,0,'[\'English\', \'French\', \'Italian\', \'German\', \'Spanish - Spain\', \'Simplified Chinese\', \'Traditional Chinese\', \'Japanese\', \'Korean\']','https://www.jp.square-enix.com/trianglestrategy/',155,26,0),(1850570,'DEATH STRANDING DIRECTOR\'S CUT','2022-03-30','100000 - 200000',1423,0,39.99,1,'[\'English\', \'French\', \'Italian\', \'German\', \'Spanish - Spain\', \'Arabic\', \'Czech\', \'Dutch\', \'Greek\', \'Hungarian\', \'Japanese\', \'Korean\', \'Polish\', \'Portuguese\', \'Portuguese - Brazil\', \'Russian\', \'Simplified Chinese\', \'Spanish - Latin America\', \'Traditional Chinese\', \'Turkish\']','http://www.kojimaproductions.jp/en/',4075,370,711),(1850740,'Ghost Watchers','2022-07-28','50000 - 100000',3942,0,11.99,0,'[\'English\', \'French\', \'Italian\', \'German\', \'Spanish - Spain\', \'Danish\', \'Traditional Chinese\', \'Korean\', \'Dutch\', \'Norwegian\', \'Polish\', \'Portuguese\', \'Russian\', \'Thai\', \'Turkish\', \'Ukrainian\', \'Finnish\', \'Czech\', \'Swedish\', \'Japanese\', \'Simplified Chinese\']','https://renderise-games.com/',936,294,166),(1857090,'Norland','2024-07-18','100000 - 200000',6139,0,23.99,0,'[\'English\', \'French\', \'Italian\', \'German\', \'Spanish - Spain\', \'Japanese\', \'Korean\', \'Polish\', \'Portuguese - Brazil\', \'Simplified Chinese\', \'Traditional Chinese\', \'Ukrainian\', \'Turkish\', \'Russian\', \'Czech\', \'Hungarian\']','https://www.norlandgame.com/',2441,780,1375),(1863670,'Mystwood Manor','2022-09-30','0 - 20000',1679,0,19.99,1,'[\'English\', \'French\', \'German\', \'Spanish - Spain\', \'Portuguese - Brazil\', \'Simplified Chinese\', \'Traditional Chinese\', \'Russian\']','http://www.faeringames.com',0,0,0),(1866180,'Hooked on You: A Dead by Daylight Dating Sim','2022-07-03','50000 - 100000',1567,0,9.99,0,'[\'English\', \'French\', \'German\', \'Japanese\', \'Korean\', \'Portuguese - Brazil\', \'Simplified Chinese\', \'Spanish - Latin America\']','https://www.hookedonyoudbd.com/',2492,268,152),(1868140,'DAVE THE DIVER','2022-10-26','20000 - 50000',2518,0,17.99,0,'[\'English\', \'Korean\', \'Japanese\', \'Simplified Chinese\']','https://mintrocketgames.com/',557,27,200),(1868180,'Etrian Odyssey HD','2023-05-31','20000 - 50000',2696,0,39.99,1,'[\'English\', \'French\', \'Italian\', \'German\', \'Spanish - Spain\', \'Japanese\', \'Korean\', \'Simplified Chinese\', \'Traditional Chinese\']','https://atlus.com/etrianorigins',158,5,0),(1874490,'Potionomics','2022-10-17','100000 - 200000',2955,0,22.49,1,'[\'English\']','https://potionomics.com/',1166,201,163),(1875060,'Reus 2','2024-05-28','20000 - 50000',1105,0,22.49,1,'[\'English\']','https://firesquid.games/games/reus-2',366,9,0),(1875830,'Shin Megami Tensei V: Vengeance','2024-06-13','0 - 20000',17528,17,59.99,6,'[\'English\', \'French\', \'Italian\', \'German\', \'Spanish - Spain\', \'Traditional Chinese\', \'Japanese\', \'Korean\', \'Polish\', \'Portuguese - Brazil\', \'Simplified Chinese\', \'Turkish\', \'Russian\']','https://atlus.com/',0,0,0),(1876890,'Wandering Sword','2023-09-14','200000 - 500000',1280,0,24.99,0,'[\'Simplified Chinese\', \'English\', \'Traditional Chinese\']','',10554,891,1026),(1877020,'Jujutsu Kaisen Cursed Clash','2024-02-01','20000 - 50000',1848,0,59.99,0,'[\'English\', \'French\', \'Italian\', \'German\', \'Spanish - Spain\', \'Japanese\', \'Korean\', \'Portuguese - Brazil\', \'Simplified Chinese\', \'Traditional Chinese\', \'Spanish - Latin America\']','',741,506,0),(1879330,'WARRIORS OROCHI 3 Ultimate Definitive Edition','2022-07-12','50000 - 100000',2129,0,39.99,0,'[\'English\', \'Simplified Chinese\', \'Traditional Chinese\', \'Japanese\']','https://www.gamecity.ne.jp/orochi2/ultimate/index.html',494,68,0),(1881420,'Cardfight!! Vanguard Dear Days','2022-11-16','0 - 20000',1311,0,69.99,17,'[\'English\', \'Japanese\']','https://vgdd.cf-vanguard.com',160,17,0),(1888160,'ARMORED CORE VI FIRES OF RUBICON','2023-08-24','500000 - 1000000',85852,13,59.99,0,'[\'English\', \'French\', \'Italian\', \'German\', \'Spanish - Spain\', \'Japanese\', \'Korean\', \'Polish\', \'Portuguese - Brazil\', \'Russian\', \'Simplified Chinese\', \'Spanish - Latin America\', \'Traditional Chinese\']','',23716,4194,716),(1888930,'The Last of Us Part I','2023-03-28','500000 - 1000000',17498,17,59.99,0,'[\'English\', \'Italian\', \'Spanish - Spain\', \'Czech\', \'Dutch\', \'Greek\', \'French\', \'German\', \'Danish\', \'Finnish\', \'Hungarian\', \'Japanese\', \'Korean\', \'Norwegian\', \'Polish\', \'Portuguese - Brazil\', \'Portuguese - Portugal\', \'Russian\', \'Simplified Chinese\', \'Spanish - Latin America\', \'Swedish\', \'Thai\', \'Traditional Chinese\', \'Turkish\', \'Croatian\']','https://www.playstation.com/en-us/the-last-of-us/',9067,12035,592),(1893810,'Solium Infernum','2024-02-22','50000 - 100000',1006,0,33.99,1,'[\'English\', \'French\', \'Italian\', \'German\', \'Spanish - Spain\', \'Japanese\', \'Korean\', \'Polish\', \'Portuguese - Brazil\', \'Russian\', \'Simplified Chinese\', \'Traditional Chinese\']','https://www.soliuminfernum.com',197,17,0),(1894430,'Plan B: Terraform','2023-02-15','50000 - 100000',2081,0,8.99,0,'[\'English\', \'French\', \'German\', \'Japanese\', \'Korean\', \'Russian\', \'Simplified Chinese\', \'Portuguese - Brazil\', \'Spanish - Spain\']','http://gaddygames.com',441,49,47),(1895880,'Ratchet & Clank: Rift Apart','2023-07-26','50000 - 100000',7552,0,59.99,0,'[\'English\', \'French\', \'Italian\', \'German\', \'Spanish - Spain\', \'Czech\', \'Danish\', \'Dutch\', \'Finnish\', \'Greek\', \'Hungarian\', \'Japanese\', \'Korean\', \'Norwegian\', \'Polish\', \'Portuguese - Brazil\', \'Portuguese - Portugal\', \'Romanian\', \'Russian\', \'Simplified Chinese\', \'Spanish - Latin America\', \'Swedish\', \'Traditional Chinese\', \'Turkish\', \'Croatian\']','',2301,422,22),(1904540,'Football Manager 2023','2022-11-07','100000 - 200000',41798,0,47.99,0,'[\'English\', \'French\', \'Italian\', \'German\', \'Spanish - Spain\', \'Danish\', \'Dutch\', \'Korean\', \'Norwegian\', \'Polish\', \'Portuguese - Portugal\', \'Simplified Chinese\', \'Swedish\', \'Turkish\', \'Greek\', \'Russian\']','',1471,226,1267),(1919590,'NBA 2K23','2022-09-08','200000 - 500000',19572,0,59.99,0,'[\'English\', \'French\', \'Italian\', \'German\', \'Spanish - Spain\', \'Japanese\', \'Korean\', \'Simplified Chinese\', \'Traditional Chinese\']','https://www.nba2k.com/',583,852,378),(1924490,'Gigantic: Rampage Edition','2024-04-09','0 - 20000',4537,0,15.99,0,'[\'English\', \'French\', \'Italian\', \'German\', \'Spanish - Spain\', \'Korean\', \'Portuguese - Brazil\', \'Russian\', \'Simplified Chinese\']','',1887,633,153),(1928870,'Minecraft Legends','2023-04-18','50000 - 100000',2103,0,39.99,0,'[\'English\', \'French\', \'Italian\', \'German\', \'Spanish - Spain\', \'Arabic\', \'Bulgarian\', \'Czech\', \'Danish\', \'Dutch\', \'Finnish\', \'Greek\', \'Hungarian\', \'Japanese\', \'Korean\', \'Norwegian\', \'Polish\', \'Portuguese - Portugal\', \'Portuguese - Brazil\', \'Russian\', \'Simplified Chinese\', \'Spanish - Latin America\', \'Swedish\', \'Traditional Chinese\', \'Turkish\', \'Ukrainian\']','https://Minecraft.net/legends',833,532,231),(1928980,'Nightingale','2024-02-20','500000 - 1000000',36167,0,26.99,1,'[\'English\', \'French\', \'Italian\', \'German\', \'Spanish - Spain\', \'Japanese\', \'Korean\', \'Portuguese - Brazil\', \'Simplified Chinese\', \'Spanish - Latin America\', \'Traditional Chinese\']','http://www.playnightingale.com',3946,2684,0),(1929870,'Nomad Survival','2022-04-28','50000 - 100000',1166,0,2.99,0,'[\'English\', \'French\', \'German\', \'Spanish - Spain\', \'Portuguese\', \'Portuguese - Brazil\', \'Russian\', \'Spanish - Latin America\', \'Traditional Chinese\']','',833,66,465),(1937500,'Let\'s School','2023-07-26','100000 - 200000',6702,0,17.99,0,'[\'English\', \'Simplified Chinese\', \'German\', \'Japanese\', \'Traditional Chinese\', \'Korean\']','',1032,116,0),(1938010,'WILD HEARTS','2023-02-16','200000 - 500000',28008,0,69.99,1,'[\'English\', \'French\', \'Italian\', \'German\', \'Spanish - Spain\', \'Japanese\', \'Korean\', \'Polish\', \'Simplified Chinese\', \'Spanish - Latin America\', \'Traditional Chinese\', \'Portuguese - Brazil\']','https://www.ea.com/games/wild-hearts/wild-hearts',1872,2645,479),(1938090,'Call of Duty: Modern Warfare II','2022-10-27','2000000 - 5000000',233454,18,69.99,1,'[\'English\', \'French\', \'Italian\', \'German\', \'Spanish - Spain\', \'Korean\', \'Polish\', \'Russian\', \'Traditional Chinese\', \'Japanese\', \'Spanish - Latin America\', \'Arabic\', \'Simplified Chinese\', \'Portuguese - Brazil\']','https://www.callofduty.com/modernwarfare2',16018,12744,787),(1940340,'Darkest Dungeon II','2023-05-08','200000 - 500000',20971,0,39.99,1,'[\'English\', \'French\', \'Italian\', \'German\', \'Czech\', \'Polish\', \'Portuguese - Brazil\', \'Russian\', \'Spanish - Latin America\', \'Japanese\', \'Korean\', \'Simplified Chinese\', \'Ukrainian\']','https://www.darkestdungeon.com/',3265,1058,998),(1942280,'Brotato','2022-09-27','200000 - 500000',8432,0,4.99,0,'[\'English\', \'French\', \'German\', \'Spanish - Spain\', \'Japanese\', \'Korean\', \'Polish\', \'Portuguese - Brazil\', \'Russian\', \'Simplified Chinese\', \'Traditional Chinese\']','https://thomasgervraud.com/press/brotato/',768,29,431),(1942660,'WWE 2K23','2023-03-16','50000 - 100000',5885,13,59.99,4,'[\'English\', \'French\', \'Italian\', \'German\', \'Spanish - Spain\', \'Arabic\']','https://wwe.2k.com/',410,78,468),(1943950,'Escape the Backrooms','2022-08-11','20000 - 50000',871,0,8.99,0,'[\'English\']','',625,223,0),(1944430,'Amnesia: The Bunker','2023-06-06','50000 - 100000',1263,0,24.99,0,'[\'English\', \'French\', \'Italian\', \'German\', \'Spanish - Spain\', \'Portuguese - Brazil\', \'Russian\', \'Simplified Chinese\']','',1368,141,0),(1944790,'Train Sim World   3','2022-09-06','0 - 20000',1325,0,39.99,58,'[\'English\', \'French\', \'German\', \'Spanish - Spain\', \'Russian\', \'Simplified Chinese\', \'Italian\', \'Polish\']','http://trainsimworld.com/',303,70,428),(1948280,'Stacklands','2022-04-08','200000 - 500000',1878,0,4.99,0,'[\'English\', \'French\', \'Italian\', \'German\', \'Spanish - Spain\', \'Dutch\', \'Japanese\', \'Korean\', \'Polish\', \'Portuguese - Brazil\', \'Simplified Chinese\', \'Traditional Chinese\']','https://sokpop.co',0,0,298),(1949190,'Necrosmith','2022-07-13','100000 - 200000',1962,0,2.99,0,'[\'Russian\', \'English\', \'Simplified Chinese\']','',1385,231,104),(1954200,'Kena: Bridge of Spirits','2022-09-26','20000 - 50000',1558,0,29.99,2,'[\'English\', \'French\', \'Italian\', \'German\', \'Spanish - Spain\', \'Japanese\', \'Polish\', \'Portuguese - Brazil\', \'Russian\', \'Simplified Chinese\', \'Traditional Chinese\', \'Korean\']','https://www.emberlab.com/',726,68,85),(1956040,'Kingdom Eighties','2023-06-26','100000 - 200000',837,0,10.79,2,'[\'English\', \'French\', \'German\', \'Spanish - Spain\', \'Korean\', \'Portuguese - Brazil\', \'Simplified Chinese\', \'Traditional Chinese\', \'Italian\', \'Russian\']','http://www.kingdomthegame.com/',544,213,0),(1964360,'Sexy Mystic Survivors','2022-11-18','0 - 20000',1372,0,8.99,0,'[\'English\', \'Japanese\', \'Korean\', \'Russian\', \'Simplified Chinese\', \'Traditional Chinese\', \'German\', \'Thai\', \'Vietnamese\']','',0,0,0),(1966720,'Lethal Company','2023-10-23','5000000 - 10000000',169110,0,9.99,0,'[\'English\']','',110177,1342,472),(1966900,'20 Minutes Till Dawn','2022-06-07','500000 - 1000000',2874,0,2.99,0,'[\'English\', \'Japanese\', \'Simplified Chinese\', \'Portuguese - Brazil\', \'French\', \'Italian\', \'German\', \'Spanish - Spain\', \'Polish\', \'Russian\', \'Spanish - Latin America\', \'Traditional Chinese\', \'Turkish\']','',9280,692,521),(1967430,'Ghost Trick: Phantom Detective','2023-06-29','0 - 20000',1449,0,29.99,0,'[\'English\', \'French\', \'Italian\', \'German\', \'Spanish - Spain\', \'Simplified Chinese\', \'Traditional Chinese\', \'Japanese\', \'Korean\']','',74,4,0),(1967630,'Survival: Fountain of Youth','2023-04-19','20000 - 50000',923,0,20.69,0,'[\'English\', \'Simplified Chinese\', \'French\', \'German\', \'Russian\']','https://odinsoft.com/',144,31,0),(1970580,'Backpack Hero','2022-08-15','50000 - 100000',2474,0,15.29,0,'[\'English\', \'German\', \'Czech\', \'Dutch\', \'Polish\', \'Portuguese - Brazil\', \'Romanian\', \'Russian\', \'Simplified Chinese\', \'Spanish - Latin America\', \'Turkish\', \'Japanese\', \'Korean\', \'Italian\', \'French\', \'Traditional Chinese\']','',727,59,187),(1971650,'OCTOPATH TRAVELER II','2023-02-24','50000 - 100000',14953,0,59.99,0,'[\'English\', \'French\', \'Italian\', \'German\', \'Spanish - Spain\', \'Japanese\', \'Korean\', \'Simplified Chinese\', \'Traditional Chinese\']','',426,29,138),(1971870,'Mortal Kombat 1','2023-09-19','500000 - 1000000',3783,18,69.99,7,'[\'English\', \'French\', \'Italian\', \'German\', \'Spanish - Spain\', \'Arabic\', \'Polish\', \'Portuguese - Brazil\', \'Russian\', \'Simplified Chinese\', \'Spanish - Latin America\', \'Traditional Chinese\', \'Korean\']','https://www.mortalkombat.com/',13500,4783,845),(1985810,'Call of Duty  : Black Ops Cold War','2023-03-08','20000 - 50000',1642,18,29.99,10,'[\'English\', \'French\', \'Italian\', \'German\', \'Spanish - Spain\', \'Arabic\', \'Japanese\', \'Korean\', \'Polish\', \'Portuguese - Brazil\', \'Russian\', \'Spanish - Latin America\', \'Traditional Chinese\']','https://www.callofduty.com/blackopscoldwar',486,164,193),(1988550,'To The Core','2023-08-10','50000 - 100000',3279,0,7.99,0,'[\'English\']','',1379,95,498),(1995520,'Pax Dei','2024-06-18','100000 - 200000',10444,0,39.99,2,'[\'English\']','https://playpaxdei.com',1357,564,0),(1996430,'Dicefolk','2024-02-27','20000 - 50000',945,0,14.99,1,'[\'English\', \'French\', \'German\', \'Russian\', \'Simplified Chinese\', \'Spanish - Latin America\', \'Japanese\', \'Korean\', \'Traditional Chinese\', \'Portuguese - Brazil\']','',165,9,132),(1999770,'Atelier Ryza 3: Alchemist of the End & the Secret Key','2023-03-23','20000 - 50000',2631,0,59.99,3,'[\'English\', \'Simplified Chinese\', \'Traditional Chinese\', \'Japanese\', \'Korean\']','https://www.koeitecmoamerica.com/ryza3/',347,17,0),(2000950,'Call of Duty: Modern Warfare','2023-03-08','20000 - 50000',844,18,29.99,3,'[\'English\', \'French\', \'Italian\', \'German\', \'Spanish - Spain\', \'Arabic\', \'Japanese\', \'Korean\', \'Polish\', \'Portuguese - Brazil\', \'Russian\', \'Spanish - Latin America\', \'Traditional Chinese\']','https://www.callofduty.com/modernwarfare',261,160,0),(2005010,'Warhammer 40,000: Boltgun','2023-05-23','100000 - 200000',4282,0,19.79,0,'[\'English\', \'French\', \'Italian\', \'German\', \'Spanish - Spain\', \'Czech\', \'Japanese\', \'Korean\', \'Polish\', \'Portuguese - Brazil\', \'Russian\', \'Simplified Chinese\', \'Spanish - Latin America\', \'Traditional Chinese\']','https://www.focus-entmt.com/games/warhammer-40000-boltgun',4008,230,116),(2015270,'Rotwood','2024-04-24','0 - 20000',17030,0,9.89,0,'[\'English\', \'Simplified Chinese\']','',1415,616,259),(2020710,'Havendock','2023-04-20','0 - 20000',1203,0,15.29,0,'[\'English\', \'Japanese\', \'Simplified Chinese\', \'Traditional Chinese\', \'Spanish - Spain\', \'Thai\', \'Ukrainian\', \'French\', \'German\', \'Korean\']','',109,5,0),(2050650,'Resident Evil 4','2023-03-23','0 - 20000',153726,17,59.99,9,'[\'English\', \'French\', \'Italian\', \'German\', \'Spanish - Spain\', \'Arabic\', \'Japanese\', \'Korean\', \'Portuguese - Brazil\', \'Russian\', \'Simplified Chinese\', \'Traditional Chinese\', \'Spanish - Latin America\']','https://www.residentevil.com/re4/',21231,723,365),(2052410,'WITCH ON THE HOLY NIGHT','2023-12-14','0 - 20000',970,0,35.99,0,'[\'English\', \'Simplified Chinese\', \'Traditional Chinese\', \'Japanese\']','http://typemoon.com/products/mahoyo/',658,13,0),(2054970,'Dragon\'s Dogma 2','2024-03-21','1000000 - 2000000',216742,17,69.99,21,'[\'English\', \'French\', \'Italian\', \'German\', \'Spanish - Spain\', \'Arabic\', \'Spanish - Latin America\', \'Portuguese - Brazil\', \'Russian\', \'Simplified Chinese\', \'Traditional Chinese\', \'Japanese\', \'Korean\']','https://www.dragonsdogma.com/2/',24305,23379,0),(2056210,'LONESTAR','2024-01-18','20000 - 50000',1402,0,8.99,0,'[\'English\', \'Simplified Chinese\']','',185,4,0),(2058180,'Judgment','2022-09-14','50000 - 100000',3730,17,39.99,0,'[\'English\', \'French\', \'Italian\', \'German\', \'Spanish - Spain\', \'Japanese\', \'Korean\', \'Simplified Chinese\', \'Traditional Chinese\']','https://yakuza.sega.com/judgment',635,31,181),(2060130,'Return to Monkey Island','2022-09-19','100000 - 200000',7883,0,24.99,0,'[\'English\', \'French\', \'Italian\', \'German\', \'Spanish - Spain\', \'Japanese\', \'Russian\', \'Portuguese - Brazil\', \'Korean\', \'Simplified Chinese\']','https://returntomonkeyisland.com/',2667,184,80),(2066020,'Soulstone Survivors','2022-11-07','100000 - 200000',18586,0,9.99,1,'[\'English\', \'Japanese\', \'Portuguese - Brazil\', \'Russian\', \'Simplified Chinese\', \'French\', \'German\', \'Spanish - Spain\', \'Korean\', \'Polish\']','http://www.soulstonesurvivors.com',2293,306,588),(2067920,'Rogue : Genesia','2022-09-19','50000 - 100000',1733,0,2.69,0,'[\'English\', \'French\', \'Simplified Chinese\', \'German\']','',476,23,0),(2071280,'Ravenswatch','2023-04-06','100000 - 200000',3828,0,17.99,0,'[\'English\', \'French\', \'Italian\', \'German\', \'Spanish - Spain\', \'Korean\', \'Polish\', \'Portuguese - Brazil\', \'Russian\', \'Japanese\', \'Simplified Chinese\', \'Traditional Chinese\']','',1039,510,81),(2072450,'Like a Dragon: Infinite Wealth','2024-01-25','100000 - 200000',39071,17,69.99,19,'[\'English\', \'French\', \'Italian\', \'German\', \'Spanish - Spain\', \'Japanese\', \'Korean\', \'Simplified Chinese\', \'Traditional Chinese\', \'Portuguese - Brazil\', \'Russian\']','https://infinitewealth.sega.com/',1203,135,0),(2074800,'Richman 11','2022-10-19','0 - 20000',2374,0,17.09,0,'[\'English\', \'Japanese\', \'Simplified Chinese\', \'Traditional Chinese\']','',110,117,0),(2076010,'UNDER NIGHT IN-BIRTH II Sys:Celes','2024-01-24','20000 - 50000',1010,0,49.99,2,'[\'English\', \'French\', \'Italian\', \'German\', \'Spanish - Spain\', \'Japanese\', \'Korean\', \'Simplified Chinese\', \'Traditional Chinese\']','',255,290,0),(2080690,'Sunkenland','2023-08-25','200000 - 500000',17944,0,19.99,0,'[\'English\', \'Simplified Chinese\', \'French\', \'German\', \'Spanish - Spain\', \'Japanese\', \'Korean\', \'Russian\', \'Turkish\']','https://www.sunkenlandgame.com/',2521,942,88),(2085000,'SaGa Emerald Beyond','2024-04-25','0 - 20000',1304,0,49.99,0,'[\'English\', \'Japanese\']','https://saga-franchise.square-enix-games.com/en-gb/games/sgeb',38,7,0),(2101080,'East Trade Tycoon','2023-02-22','20000 - 50000',767,0,3.59,0,'[\'English\', \'Simplified Chinese\', \'Traditional Chinese\']','',153,36,0),(2103140,'Magicraft','2023-11-01','200000 - 500000',2217,0,9.99,0,'[\'English\', \'Simplified Chinese\', \'Traditional Chinese\', \'Japanese\']','',3076,358,858),(2106670,'Gatekeeper','2024-05-13','0 - 20000',1533,0,11.99,1,'[\'English\', \'French\', \'German\', \'Spanish - Spain\', \'Japanese\', \'Korean\', \'Portuguese - Brazil\', \'Russian\', \'Simplified Chinese\', \'Traditional Chinese\', \'Ukrainian\', \'Basque\']','https://www.gravitylagoon.com/',469,57,0),(2108330,'F1   23','2023-06-15','100000 - 200000',11615,0,69.99,1,'[\'English\', \'French\', \'Italian\', \'German\', \'Spanish - Spain\', \'Japanese\', \'Polish\', \'Portuguese - Brazil\', \'Simplified Chinese\', \'Spanish - Latin America\', \'Dutch\', \'Arabic\']','https://www.ea.com/en-gb/games/f1/f1-23',770,115,517),(2109370,'The Great War: Western Front','2023-03-30','20000 - 50000',2147,0,34.99,2,'[\'English\', \'French\', \'Italian\', \'German\', \'Spanish - Spain\', \'Polish\', \'Russian\', \'Simplified Chinese\', \'Turkish\']','',455,123,15),(2111170,'STORY OF SEASONS: A Wonderful Life','2023-06-27','0 - 20000',1073,0,49.99,1,'[\'English\', \'French\', \'German\', \'Spanish - Spain\', \'Japanese\', \'Korean\', \'Simplified Chinese\', \'Traditional Chinese\']','https://www.storyofseasons.com/awl/',245,81,0),(2111190,'MULLET MADJACK','2024-05-15','50000 - 100000',774,0,17.99,2,'[\'English\', \'Japanese\', \'Portuguese - Brazil\', \'Spanish - Spain\', \'Russian\', \'Korean\', \'Polish\', \'Simplified Chinese\', \'Traditional Chinese\', \'Spanish - Latin America\', \'Ukrainian\']','http://www.hammer95.com',1494,28,0),(2113850,'Spirit City: Lofi Sessions','2024-04-08','0 - 20000',2994,0,9.59,0,'[\'English\', \'French\', \'Italian\', \'German\', \'Spanish - Spain\', \'Simplified Chinese\', \'Japanese\', \'Korean\', \'Portuguese - Brazil\']','',1423,30,282),(2113920,'The Legend of Heroes: Kuro no Kiseki -CRIMSON SiN-','2023-01-25','0 - 20000',780,0,53.99,80,'[\'Traditional Chinese\', \'Korean\']','',89,13,2160),(2114740,'Blasphemous 2','2023-08-24','100000 - 200000',3740,0,29.99,2,'[\'English\', \'French\', \'Italian\', \'German\', \'Spanish - Spain\', \'Japanese\', \'Portuguese - Brazil\', \'Russian\', \'Simplified Chinese\', \'Traditional Chinese\', \'Korean\']','https://www.blasphemous2game.com/',2390,163,827),(2116120,'Incursion Red River','2024-04-10','0 - 20000',2094,0,13.59,0,'[\'English\']','https://incursionredriver.com/',607,201,0),(2126680,'Lust Academy - Season 2','2023-05-09','0 - 20000',795,0,14.99,1,'[\'English\', \'French\', \'Spanish - Spain\', \'Simplified Chinese\', \'Russian\']','http://lust-academy.com/',0,0,0),(2130460,'FATAL FRAME / PROJECT ZERO: Mask of the Lunar Eclipse','2023-03-08','20000 - 50000',1038,0,49.99,2,'[\'English\', \'French\', \'German\', \'Simplified Chinese\', \'Traditional Chinese\', \'Japanese\']','https://www.koeitecmoamerica.com/fatalframe/mask/',381,50,120),(2134770,'SteamWorld Build','2023-12-01','50000 - 100000',2626,0,26.99,1,'[\'English\', \'French\', \'German\', \'Spanish - Spain\', \'Japanese\', \'Korean\', \'Portuguese - Brazil\', \'Russian\', \'Simplified Chinese\', \'Italian\', \'Polish\', \'Traditional Chinese\', \'Turkish\']','https://steamworldgames.com/',144,30,0),(2138710,'Sifu','2023-03-28','50000 - 100000',2196,17,35.99,3,'[\'English\', \'French\', \'Italian\', \'German\', \'Spanish - Spain\', \'Japanese\', \'Korean\', \'Portuguese - Brazil\', \'Russian\', \'Simplified Chinese\', \'Traditional Chinese\', \'Turkish\', \'Polish\']','https://www.sifugame.com/',1069,72,87),(2140020,'Stronghold: Definitive Edition','2023-11-07','200000 - 500000',1894,0,14.99,0,'[\'English\', \'French\', \'Italian\', \'German\', \'Spanish - Spain\', \'Czech\', \'Hungarian\', \'Japanese\', \'Korean\', \'Polish\', \'Portuguese - Brazil\', \'Russian\', \'Simplified Chinese\', \'Thai\', \'Traditional Chinese\', \'Turkish\', \'Ukrainian\']','https://www.playstronghold.com/',4564,651,1072),(2140330,'Madden NFL 24','2023-08-17','100000 - 200000',3417,0,69.99,0,'[\'English\', \'French\', \'Italian\', \'German\', \'Spanish - Spain\', \'Arabic\', \'Czech\', \'Danish\', \'Dutch\', \'Japanese\', \'Korean\', \'Norwegian\', \'Polish\', \'Portuguese - Brazil\', \'Portuguese - Portugal\', \'Russian\', \'Simplified Chinese\', \'Spanish - Latin America\', \'Swedish\', \'Traditional Chinese\', \'Turkish\']','https://www.ea.com/games/madden-nfl/madden-nfl-24',411,952,0),(2142790,'Fields of Mistria','2024-08-05','200000 - 500000',6252,0,13.99,0,'[\'English\']','https://fieldsofmistria.com',6810,119,0),(2155180,'Pioneers of Pagonia','2023-12-13','100000 - 200000',4753,0,25.49,1,'[\'English\', \'German\', \'French\', \'Spanish - Spain\', \'Portuguese - Brazil\', \'Polish\', \'Italian\', \'Traditional Chinese\', \'Simplified Chinese\', \'Japanese\', \'Korean\', \'Dutch\', \'Thai\', \'Czech\', \'Turkish\', \'Ukrainian\', \'Slovak\']','https://pioneersofpagonia.com',1105,137,0),(2157560,'Granblue Fantasy Versus: Rising','2023-12-13','50000 - 100000',5934,0,49.99,5,'[\'Japanese\', \'English\', \'French\', \'German\', \'Spanish - Spain\', \'Portuguese - Brazil\', \'Simplified Chinese\', \'Traditional Chinese\', \'Korean\']','https://rising.granbluefantasy.jp/',812,195,0),(2157680,'Lunar Mirror:The Pavilion of Desire','2023-03-04','20000 - 50000',963,0,8.99,1,'[\'Simplified Chinese\']','',432,22,0),(2161440,'Sailing Era','2023-01-11','50000 - 100000',4928,0,22.49,1,'[\'English\', \'Japanese\', \'Simplified Chinese\', \'Traditional Chinese\']','',868,288,1346),(2166060,'Amanda the Adventurer','2023-04-25','100000 - 200000',1062,0,8.09,0,'[\'English\', \'French\', \'Italian\', \'German\', \'Japanese\', \'Korean\', \'Polish\', \'Portuguese - Brazil\', \'Portuguese - Portugal\', \'Russian\', \'Simplified Chinese\', \'Spanish - Latin America\', \'Traditional Chinese\', \'Turkish\']','',447,21,0),(2186680,'Warhammer 40,000: Rogue Trader','2023-12-07','200000 - 500000',43342,0,49.99,4,'[\'English\', \'French\', \'German\', \'Spanish - Spain\', \'Russian\', \'Simplified Chinese\', \'Japanese\']','https://roguetrader.owlcat.games/',2063,360,631),(2187220,'Apollo Justice: Ace Attorney Trilogy','2024-01-24','20000 - 50000',3571,0,49.99,0,'[\'English\', \'French\', \'German\', \'Japanese\', \'Korean\', \'Simplified Chinese\', \'Traditional Chinese\']','https://www.ace-attorney.com/aj-trilogy/',303,13,0),(2190220,'Touhou Danmaku Kagura Phantasia Lost','2024-02-07','20000 - 50000',1607,0,26.99,7,'[\'English\', \'Japanese\', \'Simplified Chinese\', \'Traditional Chinese\']','https://danmaku.jp/phantasia-lost/',575,188,0),(2194530,'Yog-Sothoth  Yard','2023-10-19','100000 - 200000',1152,0,10.99,0,'[\'English\', \'Simplified Chinese\']','',3703,246,607),(2195120,'Go-Go Town!','2024-06-18','20000 - 50000',1612,0,22.49,0,'[\'English\', \'French\', \'German\', \'Japanese\', \'Simplified Chinese\', \'Korean\', \'Thai\', \'Portuguese - Brazil\', \'Spanish - Latin America\', \'Traditional Chinese\']','https://www.gogotowngame.com/',357,36,0),(2195250,'EA SPORTS FC 24','2023-09-28','200000 - 500000',52328,0,69.99,0,'[\'English\', \'French\', \'Italian\', \'German\', \'Spanish - Spain\', \'Japanese\', \'Korean\', \'Polish\', \'Portuguese - Brazil\', \'Simplified Chinese\', \'Spanish - Latin America\', \'Traditional Chinese\', \'Arabic\', \'Czech\', \'Danish\', \'Dutch\', \'Norwegian\', \'Portuguese - Portugal\', \'Russian\', \'Swedish\', \'Turkish\']','https://www.ea.com/games/FC',15458,11278,6667),(2198510,'New Cycle','2024-01-18','50000 - 100000',1890,0,26.99,2,'[\'English\', \'Simplified Chinese\', \'French\', \'German\', \'Japanese\', \'Korean\', \'Russian\', \'Traditional Chinese\', \'Turkish\']','https://newcyclegame.com/',233,67,0),(2201710,'Three Kingdoms Zhao Yun','2024-01-17','50000 - 100000',8272,0,17.99,1,'[\'Simplified Chinese\', \'Traditional Chinese\', \'English\']','',1179,331,0),(2201940,'Ship Graveyard Simulator 2','2023-08-16','50000 - 100000',957,0,19.99,0,'[\'English\', \'French\', \'Italian\', \'German\', \'Spanish - Spain\', \'Japanese\', \'Korean\', \'Polish\', \'Portuguese - Brazil\', \'Russian\', \'Simplified Chinese\', \'Traditional Chinese\', \'Turkish\']','https://games-i.com/',408,98,0),(2208920,'Assassin\'s Creed Valhalla','2022-12-06','50000 - 100000',10553,17,19.8,4,'[\'English\', \'French\', \'Italian\', \'German\', \'Spanish - Spain\', \'Arabic\', \'Simplified Chinese\', \'Traditional Chinese\', \'Korean\', \'Spanish - Latin America\', \'Japanese\', \'Polish\', \'Portuguese - Brazil\', \'Russian\']','http://www.assassinscreed.com',828,518,250),(2212330,'Your Only Move Is HUSTLE','2023-02-02','100000 - 200000',2650,0,4.99,0,'[\'English\']','https://ivysly.com',1283,37,153),(2215430,'Ghost of Tsushima DIRECTOR\'S CUT','2024-05-16','200000 - 500000',71574,17,59.99,0,'[\'English\', \'French\', \'Italian\', \'German\', \'Spanish - Spain\', \'Arabic\', \'Czech\', \'Danish\', \'Dutch\', \'Finnish\', \'Greek\', \'Hungarian\', \'Japanese\', \'Korean\', \'Norwegian\', \'Polish\', \'Portuguese - Brazil\', \'Portuguese - Portugal\', \'Russian\', \'Simplified Chinese\', \'Spanish - Latin America\', \'Swedish\', \'Thai\', \'Traditional Chinese\', \'Turkish\', \'Croatian\']','',10919,1522,66),(2221490,'Tom Clancy  The Division   2','2023-01-12','50000 - 100000',9026,17,9,1,'[\'English\', \'French\', \'Italian\', \'German\', \'Spanish - Spain\', \'Arabic\', \'Japanese\', \'Korean\', \'Polish\', \'Portuguese - Brazil\', \'Russian\', \'Simplified Chinese\', \'Spanish - Latin America\', \'Traditional Chinese\']','https://www.ubisoft.com/en-gb/game/the-division',528,414,29),(2224640,'Artisan TD','2024-07-22','20000 - 50000',1492,0,15.29,0,'[\'English\', \'French\', \'German\', \'Simplified Chinese\', \'Traditional Chinese\', \'Spanish - Spain\', \'Korean\', \'Japanese\', \'Portuguese - Brazil\', \'Russian\', \'Italian\', \'Polish\']','',618,60,0),(2230980,'Caribbean Legend','2024-02-15','20000 - 50000',1006,0,22.49,0,'[\'English\', \'Russian\']','',281,70,0),(2231380,'Tom Clancy\'s Ghost Recon   Breakpoint','2023-01-23','50000 - 100000',9048,17,12,1,'[\'English\', \'French\', \'Italian\', \'German\', \'Spanish - Spain\', \'Arabic\', \'Czech\', \'Dutch\', \'Japanese\', \'Korean\', \'Portuguese - Brazil\', \'Russian\', \'Simplified Chinese\', \'Spanish - Latin America\', \'Thai\', \'Traditional Chinese\']','https://ghost-recon.ubisoft.com/',864,824,281),(2231450,'Pizza Tower','2023-01-26','20000 - 50000',1334,0,19.99,0,'[\'English\']','',1375,7,0),(2239150,'Thronefall','2023-08-02','100000 - 200000',6590,0,6.29,0,'[\'English\', \'French\', \'German\', \'Spanish - Spain\', \'Japanese\', \'Polish\', \'Portuguese - Brazil\', \'Russian\', \'Simplified Chinese\', \'Turkish\']','',1594,52,108),(2239550,'Watch Dogs  : Legion','2023-01-26','50000 - 100000',4906,0,12,2,'[\'English\', \'French\', \'Italian\', \'German\', \'Spanish - Spain\', \'Arabic\', \'Dutch\', \'Japanese\', \'Polish\', \'Russian\', \'Simplified Chinese\', \'Spanish - Latin America\', \'Traditional Chinese\', \'Korean\', \'Portuguese - Brazil\']','https://watchdogs.ubisoft.com/',272,232,462),(2244130,'Ratopia','2023-11-05','50000 - 100000',1918,0,19.99,1,'[\'English\', \'Korean\', \'Japanese\', \'Simplified Chinese\', \'Traditional Chinese\', \'French\', \'German\', \'Russian\']','https://www.casselgames.com/',1342,169,167),(2252570,'Football Manager 2024','2023-11-06','200000 - 500000',67697,0,59.99,1,'[\'English\', \'French\', \'Italian\', \'German\', \'Spanish - Spain\', \'Danish\', \'Dutch\', \'Greek\', \'Japanese\', \'Korean\', \'Norwegian\', \'Polish\', \'Portuguese - Portugal\', \'Russian\', \'Simplified Chinese\', \'Swedish\', \'Turkish\']','https://www.footballmanager.com/',4659,671,5105),(2262080,'Omega Crafter','2024-03-28','0 - 20000',961,0,22.49,0,'[\'English\', \'Japanese\', \'French\', \'German\', \'Spanish - Spain\', \'Thai\', \'Portuguese - Portugal\', \'Simplified Chinese\', \'Traditional Chinese\']','',89,5,0),(2262770,'Garten of Banban 2','2023-03-03','0 - 20000',1100,0,4.99,0,'[\'English\', \'Spanish - Spain\', \'Portuguese - Brazil\', \'Portuguese - Portugal\', \'Russian\', \'Spanish - Latin America\']','https://www.euphoricbrothers.com/contact-us',374,262,127),(2273430,'BlazBlue Entropy Effect','2023-08-15','50000 - 100000',854,0,19.99,0,'[\'Simplified Chinese\', \'English\', \'Japanese\']','',2371,391,510),(2277320,'Necrosmith 2','2024-03-27','50000 - 100000',2157,0,6.79,1,'[\'English\', \'French\', \'German\', \'Spanish - Spain\', \'Portuguese - Brazil\', \'Traditional Chinese\', \'Simplified Chinese\', \'Korean\', \'Polish\', \'Russian\', \'Japanese\']','https://necrosmith.com/',200,56,0),(2285150,'The Front','2023-10-11','200000 - 500000',5414,0,19.99,0,'[\'English\', \'French\', \'German\', \'Russian\', \'Japanese\', \'Simplified Chinese\', \'Traditional Chinese\', \'Portuguese - Brazil\', \'Italian\', \'Polish\', \'Spanish - Latin America\', \'Korean\']','https://www.playthefront.com/',4842,1873,4866),(2287520,'Five Nights at Freddy\'s: Help Wanted 2','2023-12-14','20000 - 50000',1876,0,39.99,0,'[\'English\', \'French\', \'Italian\', \'German\', \'Spanish - Spain\', \'Portuguese - Brazil\', \'Spanish - Latin America\']','',862,84,0),(2290180,'Riders Republic','2023-06-08','50000 - 100000',2569,0,15,1,'[\'English\', \'French\', \'Italian\', \'German\', \'Spanish - Spain\', \'Simplified Chinese\', \'Traditional Chinese\', \'Korean\', \'Japanese\']','https://www.ubisoft.com/en-gb/game/riders-republic',379,182,32),(2291060,'EARTH DEFENSE FORCE 6','2024-07-25','100000 - 200000',13591,0,53.99,12,'[\'English\', \'Traditional Chinese\', \'Japanese\', \'Korean\', \'Simplified Chinese\']','https://www.d3p.co.jp/edf6/',758,1306,432),(2291680,'The Arrogant Kaiju Princess and The Detective Servant','2023-12-20','0 - 20000',1135,0,13.49,2,'[\'Traditional Chinese\', \'Japanese\', \'Simplified Chinese\', \'Korean\', \'English\']','',0,0,725),(2311190,'Garten of Banban 3','2023-05-05','0 - 20000',2182,0,4.99,0,'[\'English\', \'French\', \'Italian\', \'German\', \'Spanish - Spain\', \'Japanese\', \'Korean\', \'Polish\', \'Portuguese - Brazil\', \'Portuguese - Portugal\', \'Russian\', \'Simplified Chinese\', \'Spanish - Latin America\', \'Turkish\', \'Indonesian\']','https://www.euphoricbrothers.com/contact-us',413,238,0),(2315690,'WWE 2K24','2024-03-07','100000 - 200000',5080,13,59.99,4,'[\'English\', \'French\', \'Italian\', \'German\', \'Spanish - Spain\', \'Arabic\']','https://wwe.2k.com/',1044,621,1865),(2319030,'Lotus Lantern: Rescue Mother','2024-04-11','0 - 20000',1878,0,8.99,0,'[\'Simplified Chinese\', \'English\', \'Traditional Chinese\']','',180,16,0),(2321210,'Neon Echo','2023-04-20','20000 - 50000',3683,0,14.99,0,'[\'Simplified Chinese\', \'English\', \'Japanese\', \'Korean\']','',860,95,318),(2321470,'Deep Rock Galactic: Survivor','2024-02-14','200000 - 500000',52144,0,8.99,1,'[\'English\', \'French\', \'German\', \'Spanish - Spain\', \'Simplified Chinese\', \'Italian\', \'Korean\', \'Portuguese - Brazil\', \'Portuguese - Portugal\', \'Traditional Chinese\', \'Ukrainian\', \'Hungarian\', \'Russian\', \'Japanese\']','https://www.fundaygames.dk/drgs',4498,903,165),(2322440,'METAL SLUG ATTACK RELOADED','2024-06-18','0 - 20000',1439,0,9.99,0,'[\'English\', \'French\', \'Italian\', \'German\', \'Spanish - Spain\', \'Russian\', \'Simplified Chinese\', \'Traditional Chinese\', \'Japanese\', \'Korean\', \'Spanish - Latin America\', \'Portuguese - Portugal\']','',255,78,0),(2322560,'Love Is All Around','2023-10-17','1000000 - 2000000',3368,0,9.99,0,'[\'Simplified Chinese\', \'English\', \'Traditional Chinese\']','',34626,1678,234),(2328310,'CUSTOM MECH WARS','2023-12-14','20000 - 50000',780,0,44.99,2,'[\'English\', \'Japanese\', \'Simplified Chinese\', \'Traditional Chinese\', \'Korean\']','https://www.d3p.co.jp/cmw/',146,251,0),(2331330,'The Bridge Curse 2: The Extrication','2024-05-09','0 - 20000',1512,0,22.49,2,'[\'English\', \'German\', \'Japanese\', \'Thai\', \'Simplified Chinese\', \'Traditional Chinese\', \'Portuguese - Brazil\', \'Korean\', \'Spanish - Spain\', \'Russian\']','https://pqube.co.uk/games/the-bridge-curse-2-the-extrication/',447,57,0),(2334730,'Death Must Die','2023-11-14','200000 - 500000',5326,0,6.99,0,'[\'English\']','',3664,319,660),(2336220,'Feed the Cups','2024-02-20','100000 - 200000',2938,0,14.39,0,'[\'English\', \'Simplified Chinese\']','',586,19,0),(2338770,'NBA 2K24','2023-09-07','200000 - 500000',8069,0,26.99,2,'[\'English\', \'French\', \'Italian\', \'German\', \'Spanish - Spain\', \'Japanese\', \'Korean\', \'Simplified Chinese\', \'Traditional Chinese\']','https://www.nba2k.com/',2018,10905,694),(2344520,'Diablo   IV','2023-10-17','200000 - 500000',11839,17,69.99,5,'[\'English\', \'French\', \'Italian\', \'German\', \'Spanish - Spain\', \'Japanese\', \'Korean\', \'Polish\', \'Portuguese - Brazil\', \'Russian\', \'Spanish - Latin America\', \'Traditional Chinese\', \'Simplified Chinese\', \'Turkish\']','https://diablo4.blizzard.com/',8686,6321,1448),(2356560,'Monster Hunter Stories','2024-06-13','0 - 20000',1678,0,29.99,0,'[\'English\', \'French\', \'Italian\', \'German\', \'Spanish - Spain\', \'Arabic\', \'Portuguese - Brazil\', \'Polish\', \'Russian\', \'Simplified Chinese\', \'Traditional Chinese\', \'Japanese\', \'Korean\']','https://www.monsterhunter.com/stories/',0,0,0),(2358720,'Black Myth: Wukong','2024-08-19','50000000 - 100000000',1214621,0,59.99,1,'[\'English\', \'French\', \'German\', \'Spanish - Spain\', \'Japanese\', \'Korean\', \'Polish\', \'Portuguese - Brazil\', \'Russian\', \'Simplified Chinese\', \'Traditional Chinese\', \'Italian\']','https://www.heishenhua.com/',663109,28700,1855),(2369390,'Far Cry   6','2023-05-11','100000 - 200000',12534,17,15,7,'[\'English\', \'French\', \'Italian\', \'German\', \'Spanish - Spain\', \'Arabic\', \'Japanese\', \'Korean\', \'Portuguese - Brazil\', \'Russian\', \'Simplified Chinese\', \'Spanish - Latin America\', \'Thai\', \'Traditional Chinese\']','https://www.ubisoft.com/en-en/game/far-cry/far-cry-6',935,347,173),(2375550,'Like a Dragon Gaiden: The Man Who Erased His Name','2023-11-08','100000 - 200000',1053,0,49.99,1,'[\'English\', \'Japanese\', \'Korean\', \'Simplified Chinese\', \'Traditional Chinese\', \'French\', \'Italian\', \'German\', \'Spanish - Spain\', \'Portuguese - Brazil\', \'Russian\']','https://gaiden.sega.com/',5371,136,1888),(2379390,'Tom Clancy  Rainbow Six   Extraction','2023-06-15','50000 - 100000',1957,0,10,1,'[\'English\', \'French\', \'Italian\', \'German\', \'Spanish - Spain\', \'Arabic\', \'Simplified Chinese\', \'Traditional Chinese\', \'Korean\', \'Spanish - Latin America\', \'Japanese\', \'Polish\', \'Portuguese - Brazil\', \'Russian\', \'Thai\', \'Turkish\']','',237,140,69),(2379780,'Balatro','2024-02-20','200000 - 500000',31708,0,14.99,1,'[\'English\']','https://www.playbalatro.com/',6756,120,0),(2384620,'Out of the Park Baseball 25','2024-03-15','0 - 20000',1125,0,34.99,0,'[\'English\', \'Korean\']','https://www.ootpdevelopments.com/out-of-the-park-baseball-home/',23,0,0),(2399420,'Le Mans Ultimate','2024-02-20','20000 - 50000',2892,0,32.99,0,'[\'English\', \'French\', \'Italian\', \'German\', \'Spanish - Spain\']','http://lemansultimate.com',1212,304,0),(2399830,'ARK: Survival Ascended','2023-10-25','1000000 - 2000000',39814,0,44.99,0,'[\'English\', \'French\', \'Italian\', \'German\', \'Spanish - Spain\', \'Danish\', \'Dutch\', \'Japanese\', \'Korean\', \'Portuguese - Brazil\', \'Portuguese - Portugal\', \'Russian\', \'Simplified Chinese\', \'Spanish - Latin America\', \'Traditional Chinese\', \'Turkish\']','http://www.playark.com',20354,14079,3308),(2400510,'Dungeons & Degenerate Gamblers','2024-08-08','20000 - 50000',1895,0,13.49,1,'[\'English\', \'Simplified Chinese\', \'Traditional Chinese\', \'French\', \'German\', \'Spanish - Spain\', \'Japanese\', \'Portuguese - Brazil\', \'Russian\']','',337,82,0),(2418520,'Farm Together 2','2024-05-07','50000 - 100000',3124,0,17.99,0,'[\'English\', \'Spanish - Spain\', \'Hungarian\', \'Russian\', \'French\', \'German\', \'Simplified Chinese\', \'Korean\', \'Ukrainian\', \'Dutch\', \'Japanese\', \'Portuguese - Brazil\', \'Turkish\', \'Thai\', \'Portuguese - Portugal\', \'Polish\', \'Czech\']','',667,93,0),(2420110,'Horizon Forbidden West Complete Edition','2024-03-21','200000 - 500000',40218,13,59.99,0,'[\'English\', \'French\', \'Italian\', \'German\', \'Spanish - Spain\', \'Arabic\', \'Czech\', \'Danish\', \'Dutch\', \'Finnish\', \'Greek\', \'Hungarian\', \'Japanese\', \'Korean\', \'Norwegian\', \'Polish\', \'Portuguese - Brazil\', \'Portuguese - Portugal\', \'Russian\', \'Simplified Chinese\', \'Spanish - Latin America\', \'Swedish\', \'Thai\', \'Traditional Chinese\', \'Turkish\']','',2530,161,0),(2427700,'Backpack Battles','2024-03-08','200000 - 500000',35926,0,11.69,0,'[\'English\', \'German\', \'Japanese\', \'Korean\', \'Simplified Chinese\', \'Traditional Chinese\']','https://playwithfurcifer.github.io/backpack-battles-presskit/',4035,181,333),(2429860,'Living With Sister: Monochrome Fantasy','2024-03-22','0 - 20000',3082,0,10.39,0,'[\'English\', \'Japanese\', \'Simplified Chinese\']','',0,0,0),(2440510,'Forza Motorsport','2023-10-09','100000 - 200000',847,0,69.99,13,'[\'English\', \'French\', \'Italian\', \'German\', \'Spanish - Spain\', \'Czech\', \'Hungarian\', \'Japanese\', \'Korean\', \'Polish\', \'Portuguese - Brazil\', \'Simplified Chinese\', \'Spanish - Latin America\', \'Traditional Chinese\', \'Turkish\', \'Dutch\', \'Finnish\', \'Norwegian\', \'Portuguese - Portugal\', \'Russian\', \'Swedish\']','http://www.forzamotorsport.net',1776,2728,560),(2445690,'Lost Castle 2','2024-07-24','200000 - 500000',3354,0,14.99,1,'[\'English\', \'Simplified Chinese\', \'Traditional Chinese\']','',3006,1141,182),(2446550,'STAR WARS  Battlefront Classic Collection','2024-03-13','500000 - 1000000',2085,0,35.01,0,'[\'English\', \'French\', \'Italian\', \'German\', \'Spanish - Spain\', \'Russian\', \'Simplified Chinese\']','',1152,4428,105),(2455140,'Wings of Seduction: Bust \'em out!','2024-07-19','0 - 20000',1115,0,11.04,2,'[\'English\', \'Japanese\', \'Simplified Chinese\', \'Traditional Chinese\', \'Korean\', \'Turkish\', \'Russian\', \'Polish\', \'Portuguese - Brazil\']','',0,0,0),(2458860,'Summer Clover','2024-06-26','0 - 20000',1839,0,17.99,2,'[\'Traditional Chinese\', \'English\', \'Japanese\', \'Simplified Chinese\', \'Korean\']','',0,0,0),(2461850,'Senua Saga: Hellblade II','2024-05-21','50000 - 100000',1063,17,49.99,0,'[\'English\', \'French\', \'Italian\', \'German\', \'Spanish - Spain\', \'Arabic\', \'Czech\', \'Danish\', \'Dutch\', \'Finnish\', \'Greek\', \'Hungarian\', \'Japanese\', \'Korean\', \'Norwegian\', \'Polish\', \'Portuguese - Brazil\', \'Portuguese - Portugal\', \'Russian\', \'Simplified Chinese\', \'Spanish - Latin America\', \'Swedish\', \'Traditional Chinese\', \'Turkish\', \'Ukrainian\', \'Hebrew\', \'Icelandic\']','',1701,240,449),(2477340,'Expeditions: A MudRunner Game','2024-03-05','200000 - 500000',1219,0,39.99,4,'[\'English\', \'French\', \'Italian\', \'German\', \'Spanish - Spain\', \'Simplified Chinese\', \'Traditional Chinese\', \'Russian\', \'Czech\', \'Japanese\', \'Korean\', \'Portuguese - Brazil\', \'Polish\']','https://www.focus-entmt.com/en/games/expeditions-a-mudrunner-game',816,642,943),(2478970,'Tomb Raider I-III Remastered Starring Lara Croft','2024-02-13','50000 - 100000',5326,0,29.99,0,'[\'English\', \'French\', \'German\', \'Russian\', \'Czech\', \'Danish\', \'Dutch\', \'Finnish\', \'Greek\', \'Hungarian\', \'Polish\', \'Portuguese - Brazil\', \'Swedish\', \'Turkish\', \'Ukrainian\', \'Slovak\', \'Japanese\', \'Simplified Chinese\', \'Italian\', \'Spanish - Spain\']','https://tombraider.com',1852,276,349),(2479810,'Gray Zone Warfare','2024-04-30','500000 - 1000000',63613,0,34.99,0,'[\'English\']','https://www.grayzonewarfare.com',17335,8291,426),(2487060,'Anonymous Hacker Simulator','2024-04-03','0 - 20000',1093,0,15.99,0,'[\'English\', \'French\', \'Italian\', \'German\', \'Spanish - Spain\', \'Japanese\', \'Polish\', \'Portuguese - Brazil\', \'Portuguese - Portugal\', \'Russian\', \'Simplified Chinese\', \'Spanish - Latin America\', \'Turkish\', \'Korean\']','',157,21,0),(2488620,'F1   24','2024-05-31','0 - 20000',4599,0,69.99,1,'[\'English\', \'French\', \'Italian\', \'German\', \'Spanish - Spain\', \'Dutch\', \'Japanese\', \'Simplified Chinese\', \'Spanish - Latin America\', \'Polish\', \'Portuguese - Brazil\']','https://www.ea.com/games/f1/f1-24/',699,454,0),(2490990,'Visions of Mana','2024-08-29','20000 - 50000',5276,0,59.99,3,'[\'English\', \'French\', \'German\', \'Spanish - Spain\', \'Japanese\', \'Korean\', \'Simplified Chinese\', \'Traditional Chinese\']','',448,67,93),(2494350,'Pro Cycling Manager 2024','2024-06-06','0 - 20000',1188,0,39.99,0,'[\'English\', \'French\', \'Italian\', \'German\', \'Spanish - Spain\', \'Danish\', \'Dutch\', \'Norwegian\', \'Portuguese - Portugal\']','',3,4,0),(2497920,'A Difficult Game About Climbing','2024-03-06','50000 - 100000',1012,0,9.99,0,'[\'English\']','',1362,176,140),(2511500,'Dominions 6 - Rise of the Pantokrator','2024-01-17','20000 - 50000',1028,0,38.24,0,'[\'English\']','https://www.illwinter.com/dom6/',231,37,0),(2552430,'KINGDOM HEARTS -HD 1.5+2.5 ReMIX-','2024-06-13','0 - 20000',8795,0,34.49,0,'[\'English\', \'French\', \'Italian\', \'German\', \'Spanish - Spain\', \'Japanese\']','https://www.kingdomhearts.com/',0,0,214),(2552450,'KINGDOM HEARTS III + Re Mind (DLC)','2024-06-13','0 - 20000',1130,0,41.39,0,'[\'English\', \'French\', \'Italian\', \'German\', \'Spanish - Spain\', \'Japanese\', \'Korean\', \'Traditional Chinese\']','https://www.kingdomhearts.com/',0,0,401),(2567870,'Chained Together','2024-06-19','200000 - 500000',21402,0,4.49,0,'[\'English\']','https://twitter.com/AnegarG',893,100,0),(2581700,'MotoGP 4','2024-05-02','0 - 20000',807,0,49.99,2,'[\'English\', \'French\', \'Italian\', \'German\', \'Spanish - Spain\', \'Indonesian\', \'Japanese\', \'Portuguese - Brazil\', \'Simplified Chinese\', \'Thai\', \'Traditional Chinese\']','http://motogpvideogame.com/',83,20,0),(2582560,'EA SPORTS Madden NFL 25','2024-08-15','20000 - 50000',2795,0,69.99,0,'[\'English\']','https://www.ea.com/games/madden-nfl/madden-nfl-25',326,309,0),(2638370,'Five Nights at Freddy\'s: Into the Pit','2024-08-07','50000 - 100000',3167,0,19.99,0,'[\'English\', \'French\', \'Italian\', \'German\', \'Spanish - Spain\', \'Japanese\', \'Korean\', \'Polish\', \'Portuguese - Brazil\', \'Russian\', \'Simplified Chinese\', \'Spanish - Latin America\', \'Turkish\']','https://megacatstudios.com/pages/five-nights-at-freddys-into-the-pit',2562,92,0),(2653790,'The Exit 8','2023-11-29','0 - 20000',969,0,3.59,0,'[\'English\', \'Japanese\']','',0,0,0),(2659900,'Sixty Four','2024-03-04','20000 - 50000',1158,0,5.99,0,'[\'English\', \'French\', \'Italian\', \'German\', \'Spanish - Spain\', \'Czech\', \'Japanese\', \'Korean\', \'Polish\', \'Portuguese - Brazil\', \'Russian\', \'Simplified Chinese\', \'Traditional Chinese\', \'Thai\', \'Dutch\', \'Hungarian\']','https://sunandstuff.com/sixtyfour/',541,212,538),(2670630,'Supermarket Simulator','2024-02-20','100000 - 200000',11267,0,10.39,0,'[\'English\', \'French\', \'Italian\', \'German\', \'Spanish - Spain\', \'Simplified Chinese\', \'Portuguese - Brazil\', \'Dutch\', \'Japanese\', \'Korean\', \'Portuguese - Portugal\', \'Russian\', \'Turkish\']','',825,39,0),(2671970,'My Suika - Watermelon Game','2023-11-29','0 - 20000',1386,0,0.89,0,'[\'English\', \'Japanese\']','https://www.watashigames.com/',0,0,0),(2695490,'Age of Water','2024-04-25','0 - 20000',1944,0,29.99,0,'[\'English\', \'German\', \'Russian\', \'French\', \'Spanish - Spain\', \'Simplified Chinese\']','https://ageofwater.net/',320,186,0),(2695940,'PANICORE','2024-05-31','0 - 20000',1700,0,4.49,1,'[\'English\', \'French\', \'Italian\', \'German\', \'Spanish - Spain\', \'Arabic\', \'Portuguese - Brazil\', \'Bulgarian\', \'Simplified Chinese\', \'Danish\', \'Finnish\', \'Greek\', \'Indonesian\', \'Japanese\', \'Korean\', \'Dutch\', \'Norwegian\', \'Polish\', \'Portuguese - Portugal\', \'Romanian\', \'Russian\', \'Swedish\', \'Thai\', \'Czech\', \'Turkish\', \'Ukrainian\', \'Hungarian\', \'Vietnamese\']','',201,50,0),(2739590,'Mad Island','2024-05-23','0 - 20000',2749,0,16.99,0,'[\'Japanese\', \'English\', \'Simplified Chinese\']','https://emadeplus.com/',0,0,186),(2816950,'Yaoling: Mythical Journey','2024-07-15','50000 - 100000',1019,0,19.99,0,'[\'English\', \'Simplified Chinese\', \'Traditional Chinese\', \'Japanese\']','',1469,152,0),(2835570,'Buckshot Roulette','2024-04-04','0 - 20000',7025,0,2.69,0,'[\'English\', \'French\', \'Italian\', \'German\', \'Spanish - Spain\', \'Japanese\', \'Korean\', \'Polish\', \'Portuguese - Brazil\', \'Portuguese - Portugal\', \'Russian\', \'Simplified Chinese\', \'Spanish - Latin America\', \'Traditional Chinese\', \'Turkish\', \'Estonian\', \'Ukrainian\']','',5944,240,0),(2849080,'Kingdom Rush 5: Alliance TD','2024-07-25','200000 - 500000',1791,0,19.99,0,'[\'English\', \'French\', \'German\', \'Japanese\', \'Korean\', \'Portuguese - Brazil\', \'Russian\', \'Simplified Chinese\', \'Spanish - Latin America\', \'Traditional Chinese\']','https://www.kingdomrushalliance.com/',4284,692,882),(2857880,'Yakuza Rogue: Yokohama massage parlor chapter','2024-05-28','0 - 20000',912,0,11.69,0,'[\'English\', \'Japanese\', \'Traditional Chinese\', \'Simplified Chinese\']','',0,0,0),(2862610,'Superscout','2024-07-18','50000 - 100000',2038,0,16.19,2,'[\'English\', \'Japanese\', \'Simplified Chinese\', \'Traditional Chinese\', \'Korean\']','',1154,63,0),(2864890,'Magic Research 2','2024-05-21','20000 - 50000',1125,0,5.39,0,'[\'English\']','',25,3,0),(2881650,'Content Warning','2024-04-01','0 - 20000',53471,0,7.99,0,'[\'English\']','http://landfall.se',37733,1824,0),(2923390,'Clothing Store Simulator','2024-06-17','0 - 20000',773,0,10.39,0,'[\'English\', \'French\', \'Italian\', \'German\', \'Spanish - Spain\', \'Arabic\', \'Dutch\', \'Japanese\', \'Korean\', \'Polish\', \'Portuguese - Brazil\', \'Portuguese - Portugal\', \'Russian\', \'Simplified Chinese\', \'Traditional Chinese\', \'Turkish\', \'Ukrainian\']','https://clothingstoresimulator.com',206,15,0),(2933080,'Crime Boss: Rockay City','2024-06-18','100000 - 200000',5351,0,15.99,4,'[\'English\', \'French\', \'Italian\', \'German\', \'Spanish - Spain\', \'Japanese\', \'Korean\', \'Portuguese - Brazil\', \'Russian\', \'Simplified Chinese\', \'Traditional Chinese\']','https://visitrockaycity.com/',1063,299,0);
/*!40000 ALTER TABLE `games` ENABLE KEYS */;
UNLOCK TABLES;

--
-- Table structure for table `genres`
--

DROP TABLE IF EXISTS `genres`;
/*!40101 SET @saved_cs_client     = @@character_set_client */;
/*!50503 SET character_set_client = utf8mb4 */;
CREATE TABLE `genres` (
  `Genre_ID` int NOT NULL,
  `Genres` varchar(255) DEFAULT NULL,
  PRIMARY KEY (`Genre_ID`)
) ENGINE=InnoDB DEFAULT CHARSET=utf8mb4 COLLATE=utf8mb4_0900_ai_ci;
/*!40101 SET character_set_client = @saved_cs_client */;

--
-- Dumping data for table `genres`
--

LOCK TABLES `genres` WRITE;
/*!40000 ALTER TABLE `genres` DISABLE KEYS */;
INSERT INTO `genres` VALUES (1,'Action'),(2,'Free to Play'),(3,'Strategy'),(4,'Adventure'),(5,'Animation & Modeling'),(6,'Video Production'),(7,'Indie'),(8,'Simulation'),(9,'Massively Multiplayer'),(10,'RPG'),(11,'Early Access'),(12,'God Game'),(13,'Open World'),(14,'Exploration'),(15,'Sandbox'),(16,'Colony Sim'),(17,'Casual'),(18,'Cute'),(19,'Space'),(20,'Science'),(21,'Funny'),(22,'Sci-fi'),(23,'Aliens'),(24,'Colorful'),(25,'Cartoony'),(26,'Family Friendly'),(27,'Comedy'),(28,'Resource Management'),(29,'Cartoon'),(30,'Racing'),(31,'Sports'),(32,'Utilities'),(33,'Design & Illustration'),(34,'Web Publishing'),(35,'Audio Production'),(36,'Photo Editing'),(37,'Game Development'),(38,'Education'),(39,'Software Training');
/*!40000 ALTER TABLE `genres` ENABLE KEYS */;
UNLOCK TABLES;

--
-- Table structure for table `genres_and_games`
--

DROP TABLE IF EXISTS `genres_and_games`;
/*!40101 SET @saved_cs_client     = @@character_set_client */;
/*!50503 SET character_set_client = utf8mb4 */;
CREATE TABLE `genres_and_games` (
  `GameID` int NOT NULL,
  `Genre_ID` int NOT NULL,
  PRIMARY KEY (`GameID`,`Genre_ID`),
  KEY `genre_id` (`Genre_ID`),
  CONSTRAINT `genres_and_games_ibfk_1` FOREIGN KEY (`Genre_ID`) REFERENCES `genres` (`Genre_ID`)
) ENGINE=InnoDB DEFAULT CHARSET=utf8mb4 COLLATE=utf8mb4_0900_ai_ci;
/*!40101 SET character_set_client = @saved_cs_client */;

--
-- Dumping data for table `genres_and_games`
--

LOCK TABLES `genres_and_games` WRITE;
/*!40000 ALTER TABLE `genres_and_games` DISABLE KEYS */;
INSERT INTO `genres_and_games` VALUES (10,1),(220,1),(240,1),(440,1),(500,1),(550,1),(570,1),(620,1),(730,1),(8500,1),(12210,1),(16900,1),(20900,1),(21690,1),(22380,1),(42700,1),(48700,1),(49520,1),(105600,1),(107410,1),(109600,1),(200210,1),(203160,1),(208650,1),(211820,1),(212500,1),(216150,1),(218230,1),(218620,1),(219990,1),(221040,1),(221100,1),(225540,1),(227940,1),(228200,1),(228380,1),(230410,1),(232090,1),(233860,1),(234140,1),(235460,1),(236390,1),(238960,1),(239140,1),(242760,1),(244450,1),(244850,1),(250900,1),(251570,1),(252490,1),(252950,1),(253710,1),(254700,1),(261550,1),(268910,1),(269210,1),(271590,1),(273110,1),(275850,1),(285900,1),(287700,1),(289650,1),(291480,1),(291550,1),(304050,1),(304390,1),(304930,1),(306130,1),(310950,1),(311210,1),(311690,1),(312660,1),(315210,1),(322170,1),(326460,1),(330020,1),(333420,1),(335300,1),(342200,1),(346110,1),(349040,1),(356190,1),(359320,1),(359550,1),(360430,1),(362890,1),(364360,1),(367520,1),(374320,1),(376210,1),(379430,1),(379720,1),(381210,1),(386180,1),(387990,1),(389430,1),(389730,1),(391220,1),(392160,1),(393380,1),(397540,1),(400750,1),(412220,1),(418370,1),(418460,1),(427410,1),(433340,1),(440900,1),(444200,1),(445220,1),(447040,1),(454650,1),(460930,1),(466240,1),(475150,1),(476600,1),(476620,1),(482400,1),(489520,1),(493340,1),(493520,1),(495420,1),(502500,1),(504230,1),(505460,1),(513710,1),(524220,1),(534380,1),(537180,1),(544550,1),(546560,1),(548430,1),(550650,1),(552500,1),(552520,1),(552990,1),(553850,1),(555160,1),(570940,1),(578080,1),(581320,1),(582010,1),(582160,1),(582660,1),(588650,1),(594570,1),(594650,1),(601150,1),(602960,1),(627690,1),(629730,1),(629760,1),(632360,1),(633230,1),(636480,1),(637090,1),(638970,1),(646910,1),(668580,1),(669330,1),(671860,1),(677620,1),(678950,1),(680420,1),(686810,1),(698670,1),(699130,1),(700330,1),(707010,1),(714010,1),(715400,1),(728880,1),(729040,1),(736590,1),(739630,1),(740130,1),(744900,1),(750920,1),(756800,1),(767560,1),(768200,1),(774171,1),(774801,1),(779340,1),(780310,1),(782330,1),(784080,1),(788100,1),(812140,1),(813230,1),(814000,1),(814370,1),(814380,1),(815370,1),(820520,1),(824270,1),(824550,1),(834910,1),(835960,1),(843380,1),(851850,1),(863550,1),(868270,1),(870780,1),(880940,1),(881020,1),(881100,1),(883710,1),(892970,1),(895400,1),(899770,1),(905370,1),(919640,1),(920210,1),(924970,1),(934700,1),(960170,1),(961200,1),(962130,1),(973230,1),(976310,1),(976730,1),(986130,1),(990080,1),(1007040,1),(1013140,1),(1013320,1),(1029690,1),(1030840,1),(1040200,1),(1056640,1),(1057090,1),(1061910,1),(1063730,1),(1065310,1),(1084160,1),(1085660,1),(1089090,1),(1097150,1),(1101120,1),(1118200,1),(1128860,1),(1129580,1),(1142710,1),(1144200,1),(1145350,1),(1145360,1),(1147560,1),(1149460,1),(1150440,1),(1151640,1),(1159690,1),(1164940,1),(1167630,1),(1170950,1),(1171690,1),(1172380,1),(1172470,1),(1172620,1),(1174180,1),(1179580,1),(1180380,1),(1182900,1),(1194810,1),(1196590,1),(1197260,1),(1201240,1),(1203220,1),(1203620,1),(1206610,1),(1211020,1),(1211600,1),(1214650,1),(1216060,1),(1217060,1),(1222140,1),(1222680,1),(1222690,1),(1235140,1),(1237320,1),(1237950,1),(1237970,1),(1238810,1),(1238840,1),(1238860,1),(1240440,1),(1245620,1),(1253920,1),(1254120,1),(1259420,1),(1260320,1),(1266700,1),(1268750,1),(1272080,1),(1276760,1),(1282100,1),(1282150,1),(1282410,1),(1283400,1),(1286320,1),(1286580,1),(1286680,1),(1294660,1),(1294810,1),(1304930,1),(1307550,1),(1310410,1),(1313140,1),(1316680,1),(1324340,1),(1325200,1),(1326470,1),(1328670,1),(1329500,1),(1335200,1),(1337520,1),(1337760,1),(1338770,1),(1343240,1),(1353230,1),(1361210,1),(1364020,1),(1364780,1),(1366800,1),(1371980,1),(1372110,1),(1372880,1),(1377580,1),(1384160,1),(1404210,1),(1407200,1),(1411910,1),(1418630,1),(1426050,1),(1426210,1),(1433140,1),(1436700,1),(1446780,1),(1448440,1),(1451190,1),(1457080,1),(1458140,1),(1462040,1),(1465460,1),(1466060,1),(1473480,1),(1494420,1),(1496790,1),(1501750,1),(1517290,1),(1519090,1),(1533420,1),(1544020,1),(1546970,1),(1547000,1),(1548850,1),(1551360,1),(1556100,1),(1556790,1),(1566200,1),(1566690,1),(1583230,1),(1592190,1),(1592280,1),(1593500,1),(1599340,1),(1599600,1),(1601740,1),(1604030,1),(1608070,1),(1614550,1),(1623730,1),(1627720,1),(1634860,1),(1637320,1),(1641960,1),(1649010,1),(1649240,1),(1657630,1),(1658280,1),(1659040,1),(1672500,1),(1677280,1),(1677740,1),(1680880,1),(1693980,1),(1701520,1),(1708850,1),(1718570,1),(1721470,1),(1731070,1),(1747760,1),(1766740,1),(1774580,1),(1776380,1),(1778820,1),(1782120,1),(1785150,1),(1789480,1),(1794680,1),(1798010,1),(1798020,1),(1805480,1),(1809540,1),(1816300,1),(1817070,1),(1817190,1),(1817230,1),(1818750,1),(1824220,1),(1846380,1),(1850570,1),(1877020,1),(1879330,1),(1888160,1),(1888930,1),(1895880,1),(1924490,1),(1928870,1),(1928980,1),(1929870,1),(1938010,1),(1938090,1),(1942280,1),(1944430,1),(1954200,1),(1956040,1),(1964360,1),(1966720,1),(1966900,1),(1967430,1),(1967630,1),(1971870,1),(1985810,1),(2000950,1),(2005010,1),(2015270,1),(2050650,1),(2054970,1),(2058180,1),(2066020,1),(2067920,1),(2071280,1),(2072450,1),(2076010,1),(2080690,1),(2103140,1),(2106670,1),(2111190,1),(2114740,1),(2116120,1),(2138710,1),(2157560,1),(2190220,1),(2201710,1),(2201940,1),(2208920,1),(2212330,1),(2215430,1),(2221490,1),(2231380,1),(2231450,1),(2239150,1),(2239550,1),(2262080,1),(2262770,1),(2273430,1),(2285150,1),(2291060,1),(2311190,1),(2319030,1),(2321210,1),(2321470,1),(2328310,1),(2334730,1),(2344520,1),(2358720,1),(2369390,1),(2375550,1),(2379390,1),(2399830,1),(2420110,1),(2445690,1),(2446550,1),(2455140,1),(2461850,1),(2478970,1),(2479810,1),(2490990,1),(2497920,1),(2552430,1),(2552450,1),(2638370,1),(2695490,1),(2695940,1),(2739590,1),(2835570,1),(2881650,1),(2933080,1),(440,2),(570,2),(730,2),(8500,2),(9900,2),(109600,2),(200210,2),(203770,2),(212500,2),(216150,2),(218230,2),(223750,2),(227940,2),(230410,2),(236390,2),(238960,2),(253710,2),(273110,2),(291480,2),(291550,2),(304050,2),(304930,2),(331470,2),(335240,2),(342200,2),(346900,2),(363970,2),(380600,2),(386180,2),(389430,2),(397900,2),(400040,2),(412220,2),(436150,2),(438040,2),(438100,2),(444200,2),(453480,2),(459820,2),(466170,2),(466240,2),(471710,2),(489520,2),(537180,2),(544810,2),(550650,2),(552990,2),(578080,2),(588430,2),(601510,2),(610080,2),(627690,2),(663090,2),(677620,2),(700330,2),(702320,2),(707010,2),(714010,2),(736590,2),(744900,2),(761890,2),(766570,2),(767560,2),(784950,2),(843380,2),(868270,2),(881020,2),(905370,2),(977400,2),(992070,2),(1013320,2),(1022450,2),(1046930,2),(1049590,2),(1056640,2),(1085660,2),(1128810,2),(1147690,2),(1172470,2),(1180380,2),(1184140,2),(1197260,2),(1201240,2),(1240440,2),(1254120,2),(1258080,2),(1279610,2),(1284210,2),(1284410,2),(1286830,2),(1335200,2),(1343370,2),(1343400,2),(1353300,2),(1377580,2),(1397920,2),(1407200,2),(1468260,2),(1473480,2),(1476970,2),(1546320,2),(1599340,2),(1818750,2),(570,3),(3590,3),(3900,3),(3910,3),(4700,3),(4760,3),(8500,3),(8800,3),(8930,3),(9420,3),(9450,3),(10500,3),(32470,3),(34030,3),(34330,3),(40970,3),(42960,3),(105450,3),(107410,3),(200510,3),(203770,3),(212680,3),(214950,3),(221380,3),(227940,3),(228200,3),(231430,3),(233450,3),(233860,3),(236850,3),(242920,3),(244450,3),(244850,3),(251060,3),(251570,3),(255710,3),(261550,3),(262060,3),(266840,3),(268500,3),(281990,3),(286160,3),(287450,3),(289070,3),(291480,3),(294100,3),(297000,3),(305620,3),(311260,3),(323190,3),(325610,3),(326460,3),(333420,3),(342200,3),(359320,3),(363970,3),(364360,3),(365360,3),(368260,3),(373420,3),(383120,3),(392110,3),(392160,3),(393380,3),(394360,3),(397900,3),(400750,3),(415200,3),(418460,3),(427520,3),(435150,3),(438040,3),(440900,3),(453480,3),(464920,3),(466170,3),(466560,3),(469600,3),(489520,3),(492720,3),(493340,3),(503940,3),(505460,3),(508440,3),(526870,3),(527230,3),(529340,3),(538030,3),(544730,3),(544810,3),(551170,3),(553540,3),(582660,3),(590380,3),(594570,3),(601510,3),(602960,3),(610080,3),(627690,3),(637090,3),(641990,3),(644930,3),(646570,3),(669330,3),(686810,3),(690830,3),(702320,3),(703080,3),(719040,3),(736590,3),(736820,3),(774801,3),(779340,3),(780290,3),(780310,3),(784150,3),(784950,3),(799600,3),(813780,3),(814370,3),(820520,3),(867210,3),(885970,3),(905370,3),(919640,3),(933110,3),(955900,3),(960090,3),(961200,3),(973230,3),(975370,3),(983870,3),(1013320,3),(1016950,3),(1017900,3),(1022450,3),(1029780,3),(1041320,3),(1044720,3),(1046930,3),(1049590,3),(1060230,3),(1062090,3),(1062810,3),(1066780,3),(1069660,3),(1084160,3),(1086940,3),(1092790,3),(1096530,3),(1102190,3),(1109680,3),(1113120,3),(1121640,3),(1124300,3),(1127400,3),(1127700,3),(1128810,3),(1128860,3),(1142710,3),(1150440,3),(1158160,3),(1158310,3),(1161590,3),(1162520,3),(1167630,3),(1176470,3),(1184370,3),(1194810,3),(1197260,3),(1202130,3),(1213210,3),(1222690,3),(1244460,3),(1254320,3),(1268590,3),(1282410,3),(1284410,3),(1296610,3),(1313140,3),(1324130,3),(1336490,3),(1351080,3),(1353300,3),(1363080,3),(1366540,3),(1380910,3),(1399080,3),(1453850,3),(1454400,3),(1455840,3),(1457320,3),(1465460,3),(1465470,3),(1466860,3),(1469610,3),(1477070,3),(1488200,3),(1494420,3),(1509510,3),(1519350,3),(1527950,3),(1545560,3),(1553000,3),(1556790,3),(1566690,3),(1575940,3),(1580520,3),(1581770,3),(1584940,3),(1593030,3),(1594320,3),(1599600,3),(1601740,3),(1612770,3),(1614550,3),(1643310,3),(1644320,3),(1649010,3),(1658280,3),(1665190,3),(1669000,3),(1676840,3),(1677280,3),(1682060,3),(1683150,3),(1696440,3),(1700870,3),(1708520,3),(1708850,3),(1726130,3),(1735700,3),(1739010,3),(1741400,3),(1767560,3),(1775490,3),(1793250,3),(1809700,3),(1810580,3),(1811990,3),(1812300,3),(1823950,3),(1830970,3),(1839950,3),(1840080,3),(1843760,3),(1850510,3),(1857090,3),(1874490,3),(1875060,3),(1876890,3),(1879330,3),(1881420,3),(1893810,3),(1894430,3),(1928870,3),(1940340,3),(1949190,3),(1956040,3),(1966900,3),(1996430,3),(2020710,3),(2056210,3),(2067920,3),(2074800,3),(2109370,3),(2134770,3),(2140020,3),(2140330,3),(2155180,3),(2161440,3),(2186680,3),(2195120,3),(2198510,3),(2212330,3),(2224640,3),(2239150,3),(2244130,3),(2252570,3),(2277320,3),(2322440,3),(2322560,3),(2379780,3),(2384620,3),(2400510,3),(2427700,3),(2458860,3),(2511500,3),(2582560,3),(2659900,3),(2671970,3),(2816950,3),(2849080,3),(2857880,3),(2862610,3),(620,4),(12210,4),(17390,4),(21690,4),(105600,4),(109600,4),(203160,4),(208650,4),(211820,4),(212500,4),(216150,4),(219740,4),(219990,4),(221040,4),(221100,4),(225540,4),(228280,4),(234140,4),(238960,4),(242760,4),(251570,4),(252490,4),(253710,4),(254700,4),(257350,4),(264710,4),(269210,4),(271590,4),(275850,4),(285900,4),(287700,4),(289650,4),(291480,4),(304050,4),(304930,4),(305620,4),(306130,4),(311210,4),(311690,4),(312660,4),(322330,4),(330020,4),(331470,4),(333420,4),(346110,4),(349040,4),(356190,4),(359320,4),(360430,4),(361420,4),(362890,4),(363970,4),(367520,4),(373420,4),(376210,4),(379430,4),(383120,4),(387990,4),(389430,4),(391220,4),(418370,4),(427410,4),(433340,4),(435150,4),(438040,4),(438100,4),(440900,4),(447040,4),(454650,4),(460930,4),(471710,4),(477160,4),(482400,4),(489520,4),(493340,4),(504230,4),(513710,4),(518790,4),(526870,4),(527230,4),(534380,4),(537180,4),(546560,4),(547710,4),(551170,4),(552520,4),(578080,4),(582160,4),(582660,4),(599140,4),(615530,4),(627690,4),(629730,4),(637090,4),(638970,4),(648800,4),(666140,4),(668580,4),(680420,4),(698670,4),(714010,4),(715400,4),(719890,4),(745920,4),(750920,4),(756800,4),(766570,4),(768200,4),(774801,4),(780290,4),(780310,4),(788100,4),(812140,4),(813230,4),(814000,4),(814370,4),(814380,4),(815370,4),(834910,4),(835960,4),(843380,4),(848450,4),(850190,4),(867210,4),(870780,4),(881020,4),(881100,4),(892970,4),(895400,4),(899770,4),(920210,4),(934700,4),(962130,4),(972660,4),(990080,4),(1013320,4),(1029690,4),(1030840,4),(1061910,4),(1063730,4),(1065310,4),(1084600,4),(1085660,4),(1086940,4),(1092790,4),(1096530,4),(1127700,4),(1129580,4),(1144200,4),(1147690,4),(1149460,4),(1150690,4),(1151640,4),(1158160,4),(1159420,4),(1159690,4),(1161590,4),(1171690,4),(1172380,4),(1172470,4),(1172620,4),(1174180,4),(1177980,4),(1179580,4),(1182900,4),(1184370,4),(1203220,4),(1203620,4),(1205520,4),(1211020,4),(1214470,4),(1214650,4),(1217060,4),(1222140,4),(1222680,4),(1222690,4),(1235140,4),(1237320,4),(1237950,4),(1244090,4),(1253920,4),(1258080,4),(1259420,4),(1266700,4),(1267910,4),(1272080,4),(1276760,4),(1282100,4),(1283400,4),(1284190,4),(1284210,4),(1286680,4),(1288320,4),(1294810,4),(1295510,4),(1295920,4),(1300920,4),(1304930,4),(1307550,4),(1310410,4),(1313140,4),(1316680,4),(1326470,4),(1329880,4),(1332010,4),(1335200,4),(1337760,4),(1343370,4),(1350650,4),(1353230,4),(1361210,4),(1364780,4),(1371980,4),(1372880,4),(1401590,4),(1404210,4),(1408610,4),(1418630,4),(1426210,4),(1435790,4),(1436700,4),(1448440,4),(1457320,4),(1458140,4),(1462040,4),(1465360,4),(1466060,4),(1477070,4),(1488200,4),(1496790,4),(1501610,4),(1501750,4),(1515210,4),(1517290,4),(1519090,4),(1527950,4),(1533420,4),(1544020,4),(1545560,4),(1546970,4),(1547000,4),(1551360,4),(1562430,4),(1567020,4),(1577120,4),(1583230,4),(1589120,4),(1592190,4),(1592280,4),(1593500,4),(1599340,4),(1601740,4),(1604030,4),(1614550,4),(1621690,4),(1623730,4),(1627720,4),(1634860,4),(1641960,4),(1657630,4),(1658280,4),(1659040,4),(1659420,4),(1676840,4),(1677110,4),(1680880,4),(1693980,4),(1701520,4),(1702010,4),(1702330,4),(1708850,4),(1718570,4),(1721470,4),(1726130,4),(1731070,4),(1735700,4),(1737100,4),(1746030,4),(1747760,4),(1754870,4),(1766740,4),(1774580,4),(1782120,4),(1793250,4),(1805480,4),(1809540,4),(1809700,4),(1810820,4),(1817070,4),(1817190,4),(1830970,4),(1832640,4),(1847150,4),(1850570,4),(1850740,4),(1863670,4),(1868140,4),(1868180,4),(1875830,4),(1876890,4),(1888930,4),(1895880,4),(1928980,4),(1938010,4),(1944430,4),(1949190,4),(1954200,4),(1966720,4),(1966900,4),(1967430,4),(1967630,4),(1988550,4),(1999770,4),(2015270,4),(2050650,4),(2052410,4),(2056210,4),(2058180,4),(2060130,4),(2071280,4),(2072450,4),(2103140,4),(2106670,4),(2114740,4),(2126680,4),(2130460,4),(2157680,4),(2161440,4),(2186680,4),(2187220,4),(2190220,4),(2201710,4),(2201940,4),(2208920,4),(2215430,4),(2221490,4),(2231380,4),(2239550,4),(2244130,4),(2262080,4),(2262770,4),(2273430,4),(2277320,4),(2311190,4),(2319030,4),(2321210,4),(2322560,4),(2331330,4),(2358720,4),(2369390,4),(2375550,4),(2399830,4),(2445690,4),(2455140,4),(2458860,4),(2461850,4),(2477340,4),(2478970,4),(2479810,4),(2552430,4),(2552450,4),(2567870,4),(2638370,4),(2653790,4),(2695490,4),(2695940,4),(2816950,4),(2862610,4),(2881650,4),(1840,5),(365670,5),(431730,5),(431960,5),(665300,5),(1279610,5),(1283970,5),(1325860,5),(1364390,5),(1840,6),(365670,6),(400040,6),(665300,6),(1279610,6),(1325860,6),(1364390,6),(4000,7),(16900,7),(105600,7),(108600,7),(200210,7),(211820,7),(212680,7),(219740,7),(219990,7),(220200,7),(227300,7),(227940,7),(228380,7),(233450,7),(233860,7),(238960,7),(242760,7),(242920,7),(244210,7),(244850,7),(251060,7),(251570,7),(252490,7),(252950,7),(262060,7),(264710,7),(268910,7),(269210,7),(270880,7),(284950,7),(285900,7),(286160,7),(291550,7),(294100,7),(304930,7),(305620,7),(311690,7),(322170,7),(322330,7),(326460,7),(330020,7),(331470,7),(335240,7),(346110,7),(346900,7),(361420,7),(362890,7),(363970,7),(365360,7),(367520,7),(373420,7),(376210,7),(382310,7),(383120,7),(387990,7),(391540,7),(393380,7),(397900,7),(412220,7),(413150,7),(427520,7),(431240,7),(431960,7),(433340,7),(438040,7),(445220,7),(457140,7),(459820,7),(466170,7),(466240,7),(466560,7),(469600,7),(477160,7),(489520,7),(504230,7),(505460,7),(508440,7),(513710,7),(516750,7),(526870,7),(527230,7),(535930,7),(544550,7),(544810,7),(547710,7),(552500,7),(553540,7),(555160,7),(571740,7),(588650,7),(590380,7),(599140,7),(602960,7),(613100,7),(615530,7),(620980,7),(621060,7),(627690,7),(629730,7),(629760,7),(632360,7),(636480,7),(641990,7),(646570,7),(648800,7),(666140,7),(673950,7),(677620,7),(686810,7),(690830,7),(698670,7),(707010,7),(714010,7),(719890,7),(728880,7),(736590,7),(739630,7),(744900,7),(745920,7),(768200,7),(774171,7),(774801,7),(780310,7),(784150,7),(784950,7),(788100,7),(813230,7),(814370,7),(815370,7),(820520,7),(824270,7),(843380,7),(848450,7),(880940,7),(881100,7),(892970,7),(895400,7),(899770,7),(919640,7),(954850,7),(955900,7),(972660,7),(973230,7),(977950,7),(983870,7),(986130,7),(1009560,7),(1013320,7),(1022450,7),(1029780,7),(1044720,7),(1049590,7),(1060230,7),(1062090,7),(1062520,7),(1069160,7),(1069660,7),(1084600,7),(1092790,7),(1097150,7),(1109680,7),(1113120,7),(1118200,7),(1144200,7),(1145350,7),(1145360,7),(1147560,7),(1147690,7),(1150690,7),(1158160,7),(1159420,7),(1159690,7),(1161590,7),(1164940,7),(1167630,7),(1170950,7),(1177980,7),(1179580,7),(1180380,7),(1184370,7),(1190970,7),(1197260,7),(1206560,7),(1206610,7),(1211020,7),(1211600,7),(1214470,7),(1217060,7),(1229240,7),(1244090,7),(1245560,7),(1253920,7),(1254320,7),(1260320,7),(1267910,7),(1268750,7),(1274570,7),(1283230,7),(1286580,7),(1290000,7),(1295920,7),(1296610,7),(1300920,7),(1304930,7),(1307550,7),(1313140,7),(1321440,7),(1325860,7),(1326470,7),(1329500,7),(1331550,7),(1332010,7),(1350650,7),(1353230,7),(1353300,7),(1361210,7),(1366540,7),(1380910,7),(1397920,7),(1411910,7),(1418630,7),(1433140,7),(1435790,7),(1436700,7),(1451190,7),(1454400,7),(1455840,7),(1457080,7),(1457320,7),(1458140,7),(1465460,7),(1466060,7),(1468260,7),(1476970,7),(1477070,7),(1483870,7),(1488200,7),(1494420,7),(1501610,7),(1515210,7),(1526490,7),(1527950,7),(1533420,7),(1536090,7),(1556790,7),(1580520,7),(1593030,7),(1594320,7),(1599600,7),(1601740,7),(1612770,7),(1614550,7),(1621690,7),(1623730,7),(1637320,7),(1641960,7),(1649080,7),(1657630,7),(1658280,7),(1665190,7),(1676840,7),(1677110,7),(1677740,7),(1682060,7),(1696440,7),(1701520,7),(1708850,7),(1721470,7),(1726130,7),(1735700,7),(1739010,7),(1741400,7),(1746030,7),(1747760,7),(1766740,7),(1775490,7),(1782570,7),(1785150,7),(1793250,7),(1794680,7),(1809540,7),(1811990,7),(1823950,7),(1830970,7),(1832640,7),(1847150,7),(1863670,7),(1874490,7),(1875060,7),(1876890,7),(1893810,7),(1894430,7),(1929870,7),(1937500,7),(1940340,7),(1942280,7),(1943950,7),(1944430,7),(1948280,7),(1949190,7),(1954200,7),(1964360,7),(1966720,7),(1966900,7),(1967630,7),(1988550,7),(1996430,7),(2005010,7),(2020710,7),(2056210,7),(2066020,7),(2080690,7),(2103140,7),(2106670,7),(2111190,7),(2113850,7),(2114740,7),(2126680,7),(2138710,7),(2142790,7),(2157680,7),(2166060,7),(2186680,7),(2190220,7),(2194530,7),(2195120,7),(2198510,7),(2201940,7),(2212330,7),(2231450,7),(2239150,7),(2244130,7),(2262080,7),(2262770,7),(2273430,7),(2277320,7),(2285150,7),(2287520,7),(2291680,7),(2311190,7),(2319030,7),(2321210,7),(2322560,7),(2334730,7),(2336220,7),(2379780,7),(2384620,7),(2399830,7),(2400510,7),(2418520,7),(2429860,7),(2445690,7),(2455140,7),(2458860,7),(2487060,7),(2497920,7),(2567870,7),(2638370,7),(2653790,7),(2659900,7),(2670630,7),(2671970,7),(2695940,7),(2739590,7),(2816950,7),(2835570,7),(2849080,7),(2857880,7),(2862610,7),(2864890,7),(2881650,7),(2923390,7),(4000,8),(16900,8),(17390,8),(24010,8),(40970,8),(47890,8),(105450,8),(107410,8),(108600,8),(203770,8),(212680,8),(219740,8),(220200,8),(221680,8),(223750,8),(227300,8),(228380,8),(233450,8),(233860,8),(236390,8),(236850,8),(242760,8),(242920,8),(244210,8),(244450,8),(244850,8),(251060,8),(251570,8),(252530,8),(253710,8),(255710,8),(261550,8),(266840,8),(269950,8),(270880,8),(281990,8),(284160,8),(284950,8),(285900,8),(286160,8),(287450,8),(291480,8),(294100,8),(305620,8),(311260,8),(314160,8),(322330,8),(323190,8),(342200,8),(359320,8),(363150,8),(363970,8),(376210,8),(380600,8),(382310,8),(383120,8),(387990,8),(392160,8),(394360,8),(400750,8),(413150,8),(415200,8),(418460,8),(427410,8),(427520,8),(433340,8),(436150,8),(438100,8),(440900,8),(445220,8),(447020,8),(457140,8),(464920,8),(466170,8),(466560,8),(477160,8),(492720,8),(493340,8),(495420,8),(502500,8),(503940,8),(508440,8),(516750,8),(518790,8),(526870,8),(529340,8),(535930,8),(538030,8),(544550,8),(552100,8),(552990,8),(571740,8),(573090,8),(582660,8),(588430,8),(590380,8),(599140,8),(602960,8),(613100,8),(621060,8),(629730,8),(635260,8),(641990,8),(648800,8),(655500,8),(666140,8),(669330,8),(673950,8),(686810,8),(690790,8),(690830,8),(703080,8),(714010,8),(719890,8),(736590,8),(736820,8),(756800,8),(766570,8),(780310,8),(784080,8),(784150,8),(787860,8),(799600,8),(805550,8),(815370,8),(824270,8),(850190,8),(872410,8),(872790,8),(881100,8),(919640,8),(949230,8),(954850,8),(955900,8),(972660,8),(973230,8),(975370,8),(977400,8),(983870,8),(1009560,8),(1013320,8),(1016120,8),(1029780,8),(1040200,8),(1044720,8),(1060230,8),(1062090,8),(1062520,8),(1066780,8),(1069660,8),(1080110,8),(1084600,8),(1100600,8),(1101120,8),(1109680,8),(1113120,8),(1118200,8),(1121640,8),(1128860,8),(1129580,8),(1134570,8),(1147690,8),(1149460,8),(1158160,8),(1158310,8),(1159690,8),(1161580,8),(1161590,8),(1167630,8),(1176470,8),(1177980,8),(1190000,8),(1190970,8),(1206560,8),(1211020,8),(1211600,8),(1214470,8),(1222670,8),(1225330,8),(1230170,8),(1244460,8),(1245560,8),(1248130,8),(1250410,8),(1254320,8),(1255630,8),(1258080,8),(1263850,8),(1266540,8),(1268590,8),(1273400,8),(1283230,8),(1288320,8),(1290000,8),(1295920,8),(1300920,8),(1313860,8),(1324130,8),(1326470,8),(1329880,8),(1331550,8),(1336490,8),(1351080,8),(1351240,8),(1363080,8),(1364210,8),(1366540,8),(1380910,8),(1397920,8),(1401590,8),(1407200,8),(1408610,8),(1422130,8),(1435790,8),(1451090,8),(1451190,8),(1453850,8),(1454400,8),(1455840,8),(1457320,8),(1458140,8),(1465360,8),(1465460,8),(1465470,8),(1476970,8),(1501610,8),(1506830,8),(1509510,8),(1519350,8),(1536090,8),(1551360,8),(1556790,8),(1569040,8),(1575940,8),(1584940,8),(1589120,8),(1592190,8),(1594320,8),(1612770,8),(1614550,8),(1641960,8),(1643310,8),(1644320,8),(1644960,8),(1649080,8),(1657630,8),(1665190,8),(1677110,8),(1683150,8),(1700870,8),(1702010,8),(1702330,8),(1708520,8),(1708850,8),(1726130,8),(1735700,8),(1739010,8),(1759380,8),(1777390,8),(1782570,8),(1810580,8),(1811260,8),(1812300,8),(1816300,8),(1823950,8),(1840080,8),(1849250,8),(1850160,8),(1850510,8),(1857090,8),(1863670,8),(1874490,8),(1875060,8),(1894430,8),(1904540,8),(1919590,8),(1937500,8),(1942660,8),(1944790,8),(1948280,8),(1949190,8),(1967630,8),(1999770,8),(2020710,8),(2101080,8),(2111170,8),(2113850,8),(2134770,8),(2140020,8),(2140330,8),(2142790,8),(2155180,8),(2161440,8),(2194530,8),(2195120,8),(2195250,8),(2198510,8),(2201940,8),(2212330,8),(2244130,8),(2252570,8),(2262080,8),(2277320,8),(2285150,8),(2287520,8),(2315690,8),(2322440,8),(2322560,8),(2336220,8),(2338770,8),(2384620,8),(2418520,8),(2458860,8),(2477340,8),(2487060,8),(2494350,8),(2567870,8),(2582560,8),(2653790,8),(2659900,8),(2670630,8),(2671970,8),(2739590,8),(2816950,8),(2835570,8),(2857880,8),(2862610,8),(2864890,8),(2923390,8),(8500,9),(9900,9),(39210,9),(109600,9),(200210,9),(212500,9),(216150,9),(218230,9),(221100,9),(227940,9),(236390,9),(238960,9),(252490,9),(269210,9),(273110,9),(291480,9),(304050,9),(306130,9),(326460,9),(335240,9),(342200,9),(346110,9),(359320,9),(376210,9),(380600,9),(386180,9),(389430,9),(397900,9),(418460,9),(436150,9),(438040,9),(438100,9),(440900,9),(444200,9),(454650,9),(471710,9),(505460,9),(513710,9),(537180,9),(552990,9),(578080,9),(582660,9),(635260,9),(646910,9),(663090,9),(669330,9),(671860,9),(686810,9),(702320,9),(707010,9),(719890,9),(744900,9),(745920,9),(761890,9),(766570,9),(784950,9),(834910,9),(843380,9),(868270,9),(895400,9),(905370,9),(961200,9),(1022450,9),(1041320,9),(1056640,9),(1063730,9),(1097150,9),(1170950,9),(1171690,9),(1180380,9),(1203220,9),(1238840,9),(1254120,9),(1284210,9),(1286830,9),(1343370,9),(1343400,9),(1372880,9),(1377580,9),(1407200,9),(1426050,9),(1473480,9),(1476970,9),(1556790,9),(1599340,9),(1604030,9),(1995520,9),(2285150,9),(2290180,9),(2399830,9),(2479810,9),(2695490,9),(8500,10),(9900,10),(20900,10),(20920,10),(22330,10),(22370,10),(22380,10),(39210,10),(47810,10),(48700,10),(49520,10),(72850,10),(105600,10),(108600,10),(109600,10),(200210,10),(203770,10),(211820,10),(212500,10),(216150,10),(218620,10),(219990,10),(228280,10),(230410,10),(233860,10),(238960,10),(239140,10),(251570,10),(252490,10),(257350,10),(261550,10),(262060,10),(269210,10),(286160,10),(291480,10),(291650,10),(292030,10),(297000,10),(304050,10),(306130,10),(311260,10),(330020,10),(335300,10),(346110,10),(356190,10),(359320,10),(359870,10),(363970,10),(365360,10),(368260,10),(373420,10),(377160,10),(379430,10),(389430,10),(391540,10),(397540,10),(413150,10),(427410,10),(435150,10),(438040,10),(440900,10),(475150,10),(489520,10),(489830,10),(495420,10),(505460,10),(524220,10),(527230,10),(534380,10),(537180,10),(551170,10),(553540,10),(560130,10),(578650,10),(582160,10),(582660,10),(588430,10),(590380,10),(599140,10),(610080,10),(629730,10),(632470,10),(637650,10),(638970,10),(640820,10),(663090,10),(666140,10),(668580,10),(680420,10),(702320,10),(704450,10),(707010,10),(715400,10),(719040,10),(729040,10),(740130,10),(744900,10),(745920,10),(761890,10),(766570,10),(768200,10),(780290,10),(780310,10),(788100,10),(794260,10),(812140,10),(814000,10),(814370,10),(824550,10),(834910,10),(851850,10),(871980,10),(881020,10),(881100,10),(892970,10),(899770,10),(955900,10),(973230,10),(975370,10),(986130,10),(990080,10),(1013320,10),(1029780,10),(1041320,10),(1056640,10),(1062520,10),(1062810,10),(1063730,10),(1065310,10),(1069160,10),(1069660,10),(1084600,10),(1086940,10),(1091500,10),(1096530,10),(1113000,10),(1127700,10),(1129580,10),(1145350,10),(1145360,10),(1150690,10),(1151340,10),(1151640,10),(1158160,10),(1158310,10),(1159420,10),(1159690,10),(1161590,10),(1170950,10),(1171690,10),(1179580,10),(1180380,10),(1184370,10),(1201240,10),(1203620,10),(1211600,10),(1217060,10),(1222690,10),(1229240,10),(1235140,10),(1244090,10),(1245560,10),(1245620,10),(1253920,10),(1254120,10),(1258080,10),(1267910,10),(1272080,10),(1282100,10),(1282410,10),(1283400,10),(1284210,10),(1284410,10),(1286680,10),(1286830,10),(1295510,10),(1296610,10),(1300920,10),(1307550,10),(1321440,10),(1325200,10),(1328670,10),(1329880,10),(1335200,10),(1337760,10),(1343370,10),(1343400,10),(1371980,10),(1377580,10),(1380910,10),(1399080,10),(1426050,10),(1436700,10),(1448440,10),(1451090,10),(1457080,10),(1462040,10),(1466060,10),(1476970,10),(1477070,10),(1488200,10),(1496790,10),(1501750,10),(1519090,10),(1526490,10),(1527950,10),(1545560,10),(1546320,10),(1562430,10),(1580520,10),(1581770,10),(1584940,10),(1589120,10),(1593500,10),(1599340,10),(1601740,10),(1608070,10),(1621690,10),(1623730,10),(1627720,10),(1634860,10),(1658280,10),(1672500,10),(1676840,10),(1680880,10),(1687950,10),(1696440,10),(1702010,10),(1702330,10),(1716740,10),(1718570,10),(1726130,10),(1731070,10),(1735700,10),(1741400,10),(1746030,10),(1754870,10),(1759380,10),(1775490,10),(1776380,10),(1777620,10),(1793250,10),(1794680,10),(1798010,10),(1798020,10),(1809700,10),(1810820,10),(1816300,10),(1830970,10),(1832640,10),(1847150,10),(1850510,10),(1868140,10),(1868180,10),(1874490,10),(1875830,10),(1876890,10),(1928980,10),(1940340,10),(1942280,10),(1964360,10),(1971650,10),(1995520,10),(1999770,10),(2015270,10),(2054970,10),(2056210,10),(2066020,10),(2067920,10),(2072450,10),(2085000,10),(2103140,10),(2111170,10),(2113920,10),(2142790,10),(2161440,10),(2186680,10),(2194530,10),(2201710,10),(2208920,10),(2221490,10),(2230980,10),(2262080,10),(2291680,10),(2319030,10),(2321210,10),(2322440,10),(2322560,10),(2334730,10),(2344520,10),(2356560,10),(2358720,10),(2399830,10),(2400510,10),(2420110,10),(2445690,10),(2458860,10),(2490990,10),(2552430,10),(2552450,10),(2739590,10),(2816950,10),(2862610,10),(2864890,10),(16900,11),(108600,11),(251570,11),(261550,11),(284160,11),(376210,11),(382310,11),(387990,11),(427410,11),(438100,11),(505460,11),(513710,11),(516750,11),(526870,11),(538030,11),(544550,11),(552100,11),(555160,11),(571740,11),(602960,11),(629730,11),(636480,11),(655500,11),(669330,11),(671860,11),(690830,11),(707010,11),(714010,11),(715400,11),(719890,11),(736590,11),(739630,11),(745920,11),(768200,11),(774801,11),(784150,11),(786520,11),(799600,11),(834910,11),(867210,11),(892970,11),(895400,11),(899770,11),(954850,11),(961200,11),(962130,11),(973230,11),(983870,11),(986130,11),(1009560,11),(1013320,11),(1022450,11),(1029780,11),(1044720,11),(1049590,11),(1060230,11),(1062090,11),(1062520,11),(1062810,11),(1069660,11),(1084600,11),(1086940,11),(1101120,11),(1121640,11),(1144200,11),(1145350,11),(1158160,11),(1159690,11),(1171690,11),(1173510,11),(1176470,11),(1179580,11),(1180380,11),(1197260,11),(1203620,11),(1206560,11),(1211020,11),(1211600,11),(1254320,11),(1266540,11),(1268750,11),(1284190,11),(1296610,11),(1300920,11),(1304930,11),(1307550,11),(1324130,11),(1326470,11),(1329880,11),(1331550,11),(1336490,11),(1363080,11),(1364020,11),(1364210,11),(1366540,11),(1371980,11),(1372880,11),(1380910,11),(1401590,11),(1411910,11),(1422130,11),(1426050,11),(1451190,11),(1457320,11),(1465460,11),(1465470,11),(1466060,11),(1476970,11),(1477070,11),(1494420,11),(1509510,11),(1527950,11),(1548850,11),(1566200,11),(1583320,11),(1592280,11),(1594320,11),(1601740,11),(1604030,11),(1612770,11),(1614550,11),(1621690,11),(1623730,11),(1641960,11),(1657630,11),(1677110,11),(1683150,11),(1696440,11),(1700870,11),(1702010,11),(1726130,11),(1735700,11),(1741400,11),(1782120,11),(1789480,11),(1794680,11),(1810580,11),(1823950,11),(1830970,11),(1832640,11),(1850740,11),(1857090,11),(1868140,11),(1894430,11),(1928980,11),(1929870,11),(1942280,11),(1943950,11),(1964360,11),(1966720,11),(1966900,11),(1967630,11),(1970580,11),(1995520,11),(2015270,11),(2020710,11),(2056210,11),(2066020,11),(2067920,11),(2071280,11),(2080690,11),(2103140,11),(2106670,11),(2116120,11),(2142790,11),(2155180,11),(2195120,11),(2198510,11),(2239150,11),(2244130,11),(2262080,11),(2273430,11),(2285150,11),(2321210,11),(2321470,11),(2334730,11),(2336220,11),(2399420,11),(2399830,11),(2418520,11),(2427700,11),(2445690,11),(2479810,11),(2670630,11),(2695490,11),(2739590,11),(2816950,11),(2923390,11),(17390,12),(17390,13),(17390,14),(17390,15),(17390,16),(17390,17),(211820,17),(216150,17),(221680,17),(252530,17),(273110,17),(284950,17),(285900,17),(286160,17),(304050,17),(304930,17),(326460,17),(331470,17),(346900,17),(363970,17),(397900,17),(427520,17),(431240,17),(431960,17),(436150,17),(438040,17),(438100,17),(454650,17),(459820,17),(466170,17),(469600,17),(470220,17),(471710,17),(477160,17),(493340,17),(537180,17),(544730,17),(544810,17),(571740,17),(615530,17),(666140,17),(673950,17),(703080,17),(714010,17),(728880,17),(736590,17),(766570,17),(774171,17),(774801,17),(814000,17),(843380,17),(850190,17),(880940,17),(945360,17),(960170,17),(977400,17),(992070,17),(1009560,17),(1013320,17),(1046930,17),(1084600,17),(1097150,17),(1118200,17),(1128810,17),(1158160,17),(1162520,17),(1171690,17),(1177980,17),(1190970,17),(1201240,17),(1205520,17),(1206610,17),(1211020,17),(1214470,17),(1216060,17),(1222670,17),(1258080,17),(1260320,17),(1267910,17),(1273400,17),(1276760,17),(1290000,17),(1296610,17),(1316680,17),(1337760,17),(1353300,17),(1364210,17),(1397920,17),(1401590,17),(1408610,17),(1435790,17),(1453850,17),(1454400,17),(1455840,17),(1457320,17),(1468260,17),(1476970,17),(1477070,17),(1483870,17),(1517290,17),(1519350,17),(1526490,17),(1536090,17),(1593030,17),(1599600,17),(1614550,17),(1621690,17),(1634860,17),(1657630,17),(1665190,17),(1677110,17),(1677740,17),(1726130,17),(1754870,17),(1767560,17),(1775490,17),(1793250,17),(1794680,17),(1817070,17),(1843760,17),(1863670,17),(1866180,17),(1937500,17),(1942280,17),(1948280,17),(1964360,17),(1966900,17),(1988550,17),(1996430,17),(1999770,17),(2020710,17),(2060130,17),(2067920,17),(2074800,17),(2101080,17),(2111170,17),(2113850,17),(2126680,17),(2190220,17),(2201940,17),(2224640,17),(2244130,17),(2262770,17),(2291680,17),(2311190,17),(2334730,17),(2336220,17),(2379780,17),(2400510,17),(2418520,17),(2458860,17),(2567870,17),(2659900,17),(2670630,17),(2671970,17),(2816950,17),(2857880,17),(2862610,17),(2923390,17),(17390,18),(17390,19),(17390,20),(17390,21),(17390,22),(17390,23),(17390,24),(17390,25),(17390,26),(17390,27),(17390,28),(17390,29),(228380,30),(244210,30),(252950,30),(284160,30),(386180,30),(412220,30),(415200,30),(516750,30),(635260,30),(646910,30),(655500,30),(690790,30),(774801,30),(805550,30),(1080110,30),(1134570,30),(1184140,30),(1190000,30),(1222680,30),(1293830,30),(1451810,30),(1453850,30),(1458140,30),(1551360,30),(1692250,30),(1767560,30),(1846380,30),(1849250,30),(2108330,30),(2399420,30),(2440510,30),(2477340,30),(2488620,30),(2581700,30),(228380,31),(244210,31),(252950,31),(253710,31),(380600,31),(389730,31),(415200,31),(431240,31),(438100,31),(518790,31),(571740,31),(635260,31),(655500,31),(690790,31),(766570,31),(805550,31),(872790,31),(960170,31),(1016120,31),(1016950,31),(1080110,31),(1097150,31),(1100600,31),(1134570,31),(1161590,31),(1222680,31),(1225330,31),(1255630,31),(1259970,31),(1263850,31),(1288320,31),(1313860,31),(1408610,31),(1451190,31),(1453850,31),(1506830,31),(1519350,31),(1551360,31),(1566200,31),(1569040,31),(1583320,31),(1644960,31),(1692250,31),(1739010,31),(1767560,31),(1811260,31),(1849250,31),(1904540,31),(1919590,31),(1942660,31),(2108330,31),(2140330,31),(2195250,31),(2252570,31),(2290180,31),(2315690,31),(2338770,31),(2384620,31),(2488620,31),(2494350,31),(2581700,31),(2582560,31),(268850,32),(400040,32),(431960,32),(629520,32),(665300,32),(786520,32),(1009850,32),(1068820,32),(1173510,32),(1279610,32),(1283970,32),(1366800,32),(1787090,32),(363890,33),(365670,33),(400040,33),(431730,33),(431960,33),(665300,33),(1283970,33),(363890,34),(400040,34),(665300,34),(400040,35),(629520,35),(665300,35),(400040,36),(431960,36),(431730,37),(1283970,38),(1283970,39);
/*!40000 ALTER TABLE `genres_and_games` ENABLE KEYS */;
UNLOCK TABLES;

--
-- Table structure for table `metacritic`
--

DROP TABLE IF EXISTS `metacritic`;
/*!40101 SET @saved_cs_client     = @@character_set_client */;
/*!50503 SET character_set_client = utf8mb4 */;
CREATE TABLE `metacritic` (
  `GameID` int NOT NULL,
  `Metacritic_url` varchar(255) NOT NULL,
  `Metacritic_score` int DEFAULT NULL,
  PRIMARY KEY (`GameID`,`Metacritic_url`)
) ENGINE=InnoDB DEFAULT CHARSET=utf8mb4 COLLATE=utf8mb4_0900_ai_ci;
/*!40101 SET character_set_client = @saved_cs_client */;

--
-- Dumping data for table `metacritic`
--

LOCK TABLES `metacritic` WRITE;
/*!40000 ALTER TABLE `metacritic` DISABLE KEYS */;
INSERT INTO `metacritic` VALUES (10,'https://www.metacritic.com/game/pc/counter-strike?ftag=MCD-06-10aaa1f',88),(220,'https://www.metacritic.com/game/pc/half-life-2?ftag=MCD-06-10aaa1f',96),(240,'https://www.metacritic.com/game/pc/counter-strike-source?ftag=MCD-06-10aaa1f',88),(440,'https://www.metacritic.com/game/pc/team-fortress-2?ftag=MCD-06-10aaa1f',92),(500,'https://www.metacritic.com/game/pc/left-4-dead?ftag=MCD-06-10aaa1f',89),(550,'https://www.metacritic.com/game/pc/left-4-dead-2?ftag=MCD-06-10aaa1f',89),(570,'https://www.metacritic.com/game/pc/dota-2?ftag=MCD-06-10aaa1f',90),(620,'https://www.metacritic.com/game/pc/portal-2?ftag=MCD-06-10aaa1f',95),(730,'https://www.metacritic.com/game/pc/counter-strike-global-offensive?ftag=MCD-06-10aaa1f',83),(3590,'https://www.metacritic.com/game/pc/plants-vs-zombies?ftag=MCD-06-10aaa1f',87),(3900,'https://www.metacritic.com/game/pc/sid-meiers-civilization-iv?ftag=MCD-06-10aaa1f',94),(3910,'https://www.metacritic.com/game/pc/sid-meiers-civilization-iii?ftag=MCD-06-10aaa1f',90),(4760,'https://www.metacritic.com/game/pc/rome-total-war?ftag=MCD-06-10aaa1f',92),(8500,'https://www.metacritic.com/game/pc/eve-online-special-edition?ftag=MCD-06-10aaa1f',88),(8800,'https://www.metacritic.com/game/pc/sid-meiers-civilization-iv-beyond-the-sword?ftag=MCD-06-10aaa1f',86),(8930,'https://www.metacritic.com/game/pc/sid-meiers-civilization-v?ftag=MCD-06-10aaa1f',90),(9420,'https://www.metacritic.com/game/pc/supreme-commander-forged-alliance?ftag=MCD-06-10aaa1f',81),(9900,'https://www.metacritic.com/game/pc/star-trek-online?ftag=MCD-06-10aaa1f',66),(10500,'https://www.metacritic.com/game/pc/empire-total-war?ftag=MCD-06-10aaa1f',90),(12210,'https://www.metacritic.com/game/pc/grand-theft-auto-iv?ftag=MCD-06-10aaa1f',90),(17390,'https://www.metacritic.com/game/pc/spore?ftag=MCD-06-10aaa1f',84),(20900,'https://www.metacritic.com/game/pc/the-witcher-enhanced-edition?ftag=MCD-06-10aaa1f',86),(20920,'https://www.metacritic.com/game/pc/the-witcher-2-assassins-of-kings?ftag=MCD-06-10aaa1f',88),(21690,'https://www.metacritic.com/game/pc/resident-evil-5?ftag=MCD-06-10aaa1f',86),(22330,'https://www.metacritic.com/game/pc/the-elder-scrolls-iv-oblivion?ftag=MCD-06-10aaa1f',94),(22370,'https://www.metacritic.com/game/pc/fallout-3?ftag=MCD-06-10aaa1f',91),(22380,'https://www.metacritic.com/game/pc/fallout-new-vegas?ftag=MCD-06-10aaa1f',84),(34030,'https://www.metacritic.com/game/pc/napoleon-total-war?ftag=MCD-06-10aaa1f',81),(34330,'https://www.metacritic.com/game/pc/total-war-shogun-2?ftag=MCD-06-10aaa1f',90),(39210,'https://www.metacritic.com/game/pc/final-fantasy-xiv-online-a-realm-reborn?ftag=MCD-06-10aaa1f',83),(40970,'http://www.metacritic.com/game/pc/stronghold-crusader',78),(42700,'https://www.metacritic.com/game/pc/call-of-duty-black-ops?ftag=MCD-06-10aaa1f',81),(42960,'https://www.metacritic.com/game/pc/victoria-ii?ftag=MCD-06-10aaa1f',75),(47810,'https://www.metacritic.com/game/pc/dragon-age-origins?ftag=MCD-06-10aaa1f',91),(47890,'https://www.metacritic.com/game/pc/the-sims-3?ftag=MCD-06-10aaa1f',86),(48700,'https://www.metacritic.com/game/pc/mount-blade-warband?ftag=MCD-06-10aaa1f',78),(49520,'https://www.metacritic.com/game/pc/borderlands-2?ftag=MCD-06-10aaa1f',89),(72850,'https://www.metacritic.com/game/pc/the-elder-scrolls-v-skyrim?ftag=MCD-06-10aaa1f',94),(105450,'https://www.metacritic.com/game/pc/age-of-empires-iii?ftag=MCD-06-10aaa1f',81),(105600,'https://www.metacritic.com/game/pc/terraria?ftag=MCD-06-10aaa1f',83),(107410,'http://www.metacritic.com/game/pc/arma-iii?ftag=MCD-06-10aaa1f',74),(109600,'https://www.metacritic.com/game/pc/neverwinter?ftag=MCD-06-10aaa1f',74),(200210,'https://www.metacritic.com/game/pc/realm-of-the-mad-god?ftag=MCD-06-10aaa1f',82),(200510,'https://www.metacritic.com/game/pc/xcom-enemy-unknown?ftag=MCD-06-10aaa1f',89),(203160,'https://www.metacritic.com/game/pc/tomb-raider?ftag=MCD-06-10aaa1f',86),(203770,'https://www.metacritic.com/game/pc/crusader-kings-ii?ftag=MCD-06-10aaa1f',82),(211820,'https://www.metacritic.com/game/pc/starbound?ftag=MCD-06-10aaa1f',81),(212680,'https://www.metacritic.com/game/pc/ftl-faster-than-light?ftag=MCD-06-10aaa1f',84),(214950,'https://www.metacritic.com/game/pc/total-war-rome-ii?ftag=MCD-06-10aaa1f',76),(218230,'https://www.metacritic.com/game/pc/planetside-2?ftag=MCD-06-10aaa1f',84),(218620,'https://www.metacritic.com/game/pc/payday-2?ftag=MCD-06-10aaa1f',79),(219740,'https://www.metacritic.com/game/pc/dont-starve?ftag=MCD-06-10aaa1f',79),(219990,'https://www.metacritic.com/game/pc/grim-dawn?ftag=MCD-06-10aaa1f',83),(220200,'https://www.metacritic.com/game/pc/kerbal-space-program?ftag=MCD-06-10aaa1f',88),(221040,'https://www.metacritic.com/game/pc/resident-evil-6?ftag=MCD-06-10aaa1f',69),(221380,'https://www.metacritic.com/game/pc/age-of-empires-ii-hd-edition?ftag=MCD-06-10aaa1f',68),(225540,'https://www.metacritic.com/game/pc/just-cause-3?ftag=MCD-06-10aaa1f',74),(227300,'https://www.metacritic.com/game/pc/euro-truck-simulator-2?ftag=MCD-06-10aaa1f',79),(228200,'https://www.metacritic.com/game/pc/company-of-heroes?ftag=MCD-06-10aaa1f',93),(228280,'https://www.metacritic.com/game/pc/baldurs-gate-enhanced-edition?ftag=MCD-06-10aaa1f',78),(228380,'https://www.metacritic.com/game/pc/wreckfest?ftag=MCD-06-10aaa1f',81),(230410,'https://www.metacritic.com/game/pc/warframe?ftag=MCD-06-10aaa1f',69),(231430,'https://www.metacritic.com/game/pc/company-of-heroes-2?ftag=MCD-06-10aaa1f',80),(232090,'https://www.metacritic.com/game/pc/killing-floor-2?ftag=MCD-06-10aaa1f',75),(233450,'https://www.metacritic.com/game/pc/prison-architect?ftag=MCD-06-10aaa1f',83),(233860,'https://www.metacritic.com/game/pc/kenshi?ftag=MCD-06-10aaa1f',75),(234140,'https://www.metacritic.com/game/pc/mad-max?ftag=MCD-06-10aaa1f',73),(235460,'https://www.metacritic.com/game/pc/metal-gear-rising-revengeance?ftag=MCD-06-10aaa1f',83),(236390,'https://www.metacritic.com/game/pc/war-thunder?ftag=MCD-06-10aaa1f',81),(236850,'https://www.metacritic.com/game/pc/europa-universalis-iv?ftag=MCD-06-10aaa1f',87),(238960,'https://www.metacritic.com/game/pc/path-of-exile?ftag=MCD-06-10aaa1f',86),(239140,'https://www.metacritic.com/game/pc/dying-light-the-following---enhanced-edition?ftag=MCD-06-10aaa1f',87),(242760,'https://www.metacritic.com/game/pc/the-forest?ftag=MCD-06-10aaa1f',83),(242920,'https://www.metacritic.com/game/pc/banished?ftag=MCD-06-10aaa1f',73),(244210,'https://www.metacritic.com/game/pc/assetto-corsa?ftag=MCD-06-10aaa1f',85),(244450,'https://www.metacritic.com/game/pc/men-of-war-assault-squad-2?ftag=MCD-06-10aaa1f',68),(251060,'https://www.metacritic.com/game/pc/wargame-red-dragon?ftag=MCD-06-10aaa1f',78),(252490,'https://www.metacritic.com/game/pc/rust?ftag=MCD-06-10aaa1f',69),(252950,'https://www.metacritic.com/game/pc/rocket-league?ftag=MCD-06-10aaa1f',86),(254700,'https://www.metacritic.com/game/pc/resident-evil-4-ultimate-hd-edition?ftag=MCD-06-10aaa1f',79),(255710,'https://www.metacritic.com/game/pc/cities-skylines?ftag=MCD-06-10aaa1f',85),(257350,'https://www.metacritic.com/game/pc/baldurs-gate-ii-enhanced-edition?ftag=MCD-06-10aaa1f',78),(262060,'https://www.metacritic.com/game/pc/darkest-dungeon?ftag=MCD-06-10aaa1f',84),(264710,'https://www.metacritic.com/game/pc/subnautica?ftag=MCD-06-10aaa1f',87),(266840,'https://www.metacritic.com/game/pc/age-of-mythology-extended-edition?ftag=MCD-06-10aaa1f',66),(268500,'https://www.metacritic.com/game/pc/xcom-2?ftag=MCD-06-10aaa1f',88),(268910,'https://www.metacritic.com/game/pc/cuphead?ftag=MCD-06-10aaa1f',88),(270880,'https://www.metacritic.com/game/pc/american-truck-simulator?ftag=MCD-06-10aaa1f',76),(271590,'https://www.metacritic.com/game/pc/grand-theft-auto-v?ftag=MCD-06-10aaa1f',96),(275850,'https://www.metacritic.com/game/pc/no-mans-sky?ftag=MCD-06-10aaa1f',61),(281990,'https://www.metacritic.com/game/pc/stellaris?ftag=MCD-06-10aaa1f',78),(287450,'https://www.metacritic.com/game/pc/rise-of-nations?ftag=MCD-06-10aaa1f',89),(287700,'https://www.metacritic.com/game/pc/metal-gear-solid-v-the-phantom-pain?ftag=MCD-06-10aaa1f',91),(289070,'https://www.metacritic.com/game/pc/sid-meiers-civilization-vi?ftag=MCD-06-10aaa1f',88),(291480,'https://www.metacritic.com/game/pc/warface?ftag=MCD-06-10aaa1f',62),(291650,'https://www.metacritic.com/game/pc/pillars-of-eternity?ftag=MCD-06-10aaa1f',89),(292030,'https://www.metacritic.com/game/pc/the-witcher-3-wild-hunt?ftag=MCD-06-10aaa1f',93),(294100,'https://www.metacritic.com/game/pc/rimworld?ftag=MCD-06-10aaa1f',87),(297000,'https://www.metacritic.com/game/pc/heroes-of-might-magic-iii---hd-edition?ftag=MCD-06-10aaa1f',65),(304390,'https://www.metacritic.com/game/pc/for-honor?ftag=MCD-06-10aaa1f',76),(306130,'https://www.metacritic.com/game/pc/the-elder-scrolls-online-tamriel-unlimited?ftag=MCD-06-10aaa1f',80),(310950,'https://www.metacritic.com/game/pc/street-fighter-v-arcade-edition?ftag=MCD-06-10aaa1f',89),(311210,'https://www.metacritic.com/game/pc/call-of-duty-black-ops-iii?ftag=MCD-06-10aaa1f',73),(311260,'https://www.metacritic.com/game/pc/the-guild-3?ftag=MCD-06-10aaa1f',67),(311690,'https://www.metacritic.com/game/pc/enter-the-gungeon?ftag=MCD-06-10aaa1f',84),(312660,'https://www.metacritic.com/game/pc/sniper-elite-4?ftag=MCD-06-10aaa1f',78),(322330,'https://www.metacritic.com/game/pc/dont-starve-together?ftag=MCD-06-10aaa1f',83),(323190,'https://www.metacritic.com/game/pc/frostpunk?ftag=MCD-06-10aaa1f',84),(325610,'https://www.metacritic.com/game/pc/total-war-attila?ftag=MCD-06-10aaa1f',80),(330020,'https://www.metacritic.com/game/pc/children-of-morta?ftag=MCD-06-10aaa1f',82),(335300,'https://www.metacritic.com/game/pc/dark-souls-ii-scholar-of-the-first-sin?ftag=MCD-06-10aaa1f',79),(346110,'https://www.metacritic.com/game/pc/ark-survival-evolved?ftag=MCD-06-10aaa1f',70),(359320,'https://www.metacritic.com/game/pc/elite-dangerous?ftag=MCD-06-10aaa1f',80),(360430,'https://www.metacritic.com/game/pc/mafia-iii?ftag=MCD-06-10aaa1f',62),(362890,'https://www.metacritic.com/game/pc/black-mesa?ftag=MCD-06-10aaa1f',84),(364360,'https://www.metacritic.com/game/pc/total-war-warhammer?ftag=MCD-06-10aaa1f',86),(365360,'https://www.metacritic.com/game/pc/battle-brothers?ftag=MCD-06-10aaa1f',80),(367520,'https://www.metacritic.com/game/pc/hollow-knight?ftag=MCD-06-10aaa1f',87),(373420,'https://www.metacritic.com/game/pc/divinity-original-sin-enhanced-edition?ftag=MCD-06-10aaa1f',94),(374320,'https://www.metacritic.com/game/pc/dark-souls-iii?ftag=MCD-06-10aaa1f',89),(377160,'https://www.metacritic.com/game/pc/fallout-4?ftag=MCD-06-10aaa1f',84),(379430,'https://www.metacritic.com/game/pc/kingdom-come-deliverance?ftag=MCD-06-10aaa1f',76),(379720,'https://www.metacritic.com/game/pc/doom?ftag=MCD-06-10aaa1f',85),(389730,'https://www.metacritic.com/game/pc/tekken-7?ftag=MCD-06-10aaa1f',82),(391220,'https://www.metacritic.com/game/pc/rise-of-the-tomb-raider?ftag=MCD-06-10aaa1f',86),(391540,'https://www.metacritic.com/game/pc/undertale?ftag=MCD-06-10aaa1f',92),(394360,'https://www.metacritic.com/game/pc/hearts-of-iron-iv?ftag=MCD-06-10aaa1f',83),(397540,'https://www.metacritic.com/game/pc/borderlands-3?ftag=MCD-06-10aaa1f',81),(413150,'https://www.metacritic.com/game/pc/stardew-valley?ftag=MCD-06-10aaa1f',89),(415200,'https://www.metacritic.com/game/pc/motorsport-manager?ftag=MCD-06-10aaa1f',81),(418370,'https://www.metacritic.com/game/pc/resident-evil-7-biohazard?ftag=MCD-06-10aaa1f',83),(418460,'https://www.metacritic.com/game/pc/rising-storm-2-vietnam?ftag=MCD-06-10aaa1f',81),(427520,'https://www.metacritic.com/game/pc/factorio?ftag=MCD-06-10aaa1f',90),(433340,'https://www.metacritic.com/game/pc/slime-rancher?ftag=MCD-06-10aaa1f',81),(435150,'https://www.metacritic.com/game/pc/divinity-original-sin-ii?ftag=MCD-06-10aaa1f',93),(440900,'https://www.metacritic.com/game/pc/conan-exiles?ftag=MCD-06-10aaa1f',68),(447020,'https://www.metacritic.com/game/pc/farming-simulator-17?ftag=MCD-06-10aaa1f',69),(454650,'https://www.metacritic.com/game/pc/dragon-ball-xenoverse-2?ftag=MCD-06-10aaa1f',78),(457140,'https://www.metacritic.com/game/pc/oxygen-not-included?ftag=MCD-06-10aaa1f',86),(464920,'https://www.metacritic.com/game/pc/surviving-mars?ftag=MCD-06-10aaa1f',76),(466560,'https://www.metacritic.com/game/pc/northgard?ftag=MCD-06-10aaa1f',81),(477160,'https://www.metacritic.com/game/pc/human-fall-flat?ftag=MCD-06-10aaa1f',70),(489830,'https://www.metacritic.com/game/pc/the-elder-scrolls-v-skyrim-special-edition?ftag=MCD-06-10aaa1f',74),(492720,'https://www.metacritic.com/game/pc/tropico-6?ftag=MCD-06-10aaa1f',78),(493340,'https://www.metacritic.com/game/pc/planet-coaster?ftag=MCD-06-10aaa1f',84),(493520,'https://www.metacritic.com/game/pc/gtfo?ftag=MCD-06-10aaa1f',78),(495420,'https://www.metacritic.com/game/pc/state-of-decay-2?ftag=MCD-06-10aaa1f',69),(503940,'https://www.metacritic.com/game/pc/railway-empire?ftag=MCD-06-10aaa1f',74),(504230,'https://www.metacritic.com/game/pc/celeste?ftag=MCD-06-10aaa1f',88),(524220,'https://www.metacritic.com/game/pc/nier-automata?ftag=MCD-06-10aaa1f',84),(527230,'https://www.metacritic.com/game/pc/for-the-king?ftag=MCD-06-10aaa1f',79),(535930,'https://www.metacritic.com/game/pc/two-point-hospital?ftag=MCD-06-10aaa1f',83),(544810,'https://www.metacritic.com/game/pc/kards?ftag=MCD-06-10aaa1f',80),(546560,'https://www.metacritic.com/game/pc/half-life-alyx?ftag=MCD-06-10aaa1f',93),(548430,'https://www.metacritic.com/game/pc/deep-rock-galactic?ftag=MCD-06-10aaa1f',85),(552500,'https://www.metacritic.com/game/pc/warhammer-vermintide-2?ftag=MCD-06-10aaa1f',82),(552990,'https://www.metacritic.com/game/pc/world-of-warships?ftag=MCD-06-10aaa1f',81),(560130,'https://www.metacritic.com/game/pc/pillars-of-eternity-ii-deadfire?ftag=MCD-06-10aaa1f',88),(578650,'https://www.metacritic.com/game/pc/the-outer-worlds?ftag=MCD-06-10aaa1f',82),(581320,'https://www.metacritic.com/game/pc/insurgency-sandstorm?ftag=MCD-06-10aaa1f',78),(582010,'https://www.metacritic.com/game/pc/monster-hunter-world?ftag=MCD-06-10aaa1f',88),(582660,'https://www.metacritic.com/game/pc/black-desert-online?ftag=MCD-06-10aaa1f',73),(588430,'https://www.metacritic.com/game/pc/fallout-shelter?ftag=MCD-06-10aaa1f',63),(588650,'https://www.metacritic.com/game/pc/dead-cells?ftag=MCD-06-10aaa1f',89),(590380,'https://www.metacritic.com/game/pc/into-the-breach?ftag=MCD-06-10aaa1f',90),(594570,'https://www.metacritic.com/game/pc/total-war-warhammer-ii?ftag=MCD-06-10aaa1f',87),(594650,'https://www.metacritic.com/game/pc/hunt-showdown?ftag=MCD-06-10aaa1f',81),(599140,'https://www.metacritic.com/game/pc/graveyard-keeper?ftag=MCD-06-10aaa1f',69),(601150,'https://www.metacritic.com/game/pc/devil-may-cry-5?ftag=MCD-06-10aaa1f',89),(613100,'https://www.metacritic.com/game/pc/house-flipper?ftag=MCD-06-10aaa1f',68),(620980,'https://www.metacritic.com/game/pc/beat-saber?ftag=MCD-06-10aaa1f',93),(629760,'https://www.metacritic.com/game/pc/mordhau?ftag=MCD-06-10aaa1f',81),(632360,'https://www.metacritic.com/game/pc/risk-of-rain-2?ftag=MCD-06-10aaa1f',85),(632470,'https://www.metacritic.com/game/pc/disco-elysium-the-final-cut?ftag=MCD-06-10aaa1f',97),(637090,'https://www.metacritic.com/game/pc/battletech?ftag=MCD-06-10aaa1f',78),(638970,'https://www.metacritic.com/game/pc/yakuza-0?ftag=MCD-06-10aaa1f',86),(640820,'https://www.metacritic.com/game/pc/pathfinder-kingmaker?ftag=MCD-06-10aaa1f',73),(641990,'https://www.metacritic.com/game/pc/the-escapists-2?ftag=MCD-06-10aaa1f',75),(644930,'https://www.metacritic.com/game/pc/they-are-billions?ftag=MCD-06-10aaa1f',77),(646570,'https://www.metacritic.com/game/pc/slay-the-spire?ftag=MCD-06-10aaa1f',89),(666140,'https://www.metacritic.com/game/pc/my-time-at-portia?ftag=MCD-06-10aaa1f',73),(668580,'https://www.metacritic.com/game/pc/atomic-heart?ftag=MCD-06-10aaa1f',77),(678950,'https://www.metacritic.com/game/pc/dragon-ball-fighterz?ftag=MCD-06-10aaa1f',85),(686810,'https://www.metacritic.com/game/pc/hell-let-loose?ftag=MCD-06-10aaa1f',79),(690790,'https://www.metacritic.com/game/pc/dirt-rally-20?ftag=MCD-06-10aaa1f',84),(703080,'https://www.metacritic.com/game/pc/planet-zoo?ftag=MCD-06-10aaa1f',81),(719040,'https://www.metacritic.com/game/pc/wasteland-3?ftag=MCD-06-10aaa1f',85),(728880,'https://www.metacritic.com/game/pc/overcooked!-2?ftag=MCD-06-10aaa1f',81),(740130,'https://www.metacritic.com/game/pc/tales-of-arise?ftag=MCD-06-10aaa1f',84),(750920,'https://www.metacritic.com/game/pc/shadow-of-the-tomb-raider?ftag=MCD-06-10aaa1f',77),(761890,'https://www.metacritic.com/game/pc/albion-online?ftag=MCD-06-10aaa1f',72),(779340,'https://www.metacritic.com/game/pc/total-war-three-kingdoms?ftag=MCD-06-10aaa1f',85),(780290,'https://www.metacritic.com/game/pc/gloomhaven?ftag=MCD-06-10aaa1f',82),(780310,'https://www.metacritic.com/game/pc/the-riftbreaker?ftag=MCD-06-10aaa1f',83),(782330,'https://www.metacritic.com/game/pc/doom-eternal?ftag=MCD-06-10aaa1f',88),(784080,'https://www.metacritic.com/game/pc/mechwarrior-5-mercenaries?ftag=MCD-06-10aaa1f',73),(787860,'https://www.metacritic.com/game/pc/farming-simulator-19?ftag=MCD-06-10aaa1f',73),(805550,'https://www.metacritic.com/game/pc/assetto-corsa-competizione?ftag=MCD-06-10aaa1f',77),(813230,'https://www.metacritic.com/game/pc/animal-well?ftag=MCD-06-10aaa1f',91),(813780,'https://www.metacritic.com/game/pc/age-of-empires-ii-definitive-edition?ftag=MCD-06-10aaa1f',84),(814370,'https://www.metacritic.com/game/pc/monster-sanctuary?ftag=MCD-06-10aaa1f',80),(814380,'https://www.metacritic.com/game/pc/sekiro-shadows-die-twice?ftag=MCD-06-10aaa1f',88),(815370,'https://www.metacritic.com/game/pc/green-hell?ftag=MCD-06-10aaa1f',78),(851850,'https://www.metacritic.com/game/pc/dragon-ball-z-kakarot?ftag=MCD-06-10aaa1f',73),(863550,'https://www.metacritic.com/game/pc/hitman-2?ftag=MCD-06-10aaa1f',82),(870780,'https://www.metacritic.com/game/pc/control?ftag=MCD-06-10aaa1f',85),(872790,'https://www.metacritic.com/game/pc/football-manager-2019?ftag=MCD-06-10aaa1f',86),(883710,'https://www.metacritic.com/game/pc/resident-evil-2?ftag=MCD-06-10aaa1f',89),(919640,'https://www.metacritic.com/game/pc/steel-division-2?ftag=MCD-06-10aaa1f',73),(924970,'https://www.metacritic.com/game/pc/back-4-blood?ftag=MCD-06-10aaa1f',77),(933110,'https://www.metacritic.com/game/pc/age-of-empires-iii-definitive-edition?ftag=MCD-06-10aaa1f',75),(945360,'https://www.metacritic.com/game/pc/among-us?ftag=MCD-06-10aaa1f',85),(972660,'https://www.metacritic.com/game/pc/spiritfarer?ftag=MCD-06-10aaa1f',84),(975370,'https://www.metacritic.com/game/pc/dwarf-fortress?ftag=MCD-06-10aaa1f',93),(976310,'https://www.metacritic.com/game/pc/mortal-kombat-11?ftag=MCD-06-10aaa1f',82),(990080,'https://www.metacritic.com/game/pc/hogwarts-legacy?ftag=MCD-06-10aaa1f',84),(1007040,'https://www.metacritic.com/game/pc/earth-defense-force-5?ftag=MCD-06-10aaa1f',76),(1016120,'https://www.metacritic.com/game/pc/pga-tour-2k21?ftag=MCD-06-10aaa1f',74),(1017900,'https://www.metacritic.com/game/pc/age-of-empires-definitive-edition?ftag=MCD-06-10aaa1f',69),(1029690,'https://www.metacritic.com/game/pc/sniper-elite-5?ftag=MCD-06-10aaa1f',80),(1057090,'https://www.metacritic.com/game/pc/ori-and-the-will-of-the-wisps?ftag=MCD-06-10aaa1f',88),(1063730,'https://www.metacritic.com/game/pc/new-world?ftag=MCD-06-10aaa1f',70),(1066780,'https://www.metacritic.com/game/pc/transport-fever-2?ftag=MCD-06-10aaa1f',76),(1085660,'https://www.metacritic.com/game/pc/destiny-2?ftag=MCD-06-10aaa1f',83),(1091500,'https://www.metacritic.com/game/pc/cyberpunk-2077?ftag=MCD-06-10aaa1f',86),(1097150,'https://www.metacritic.com/game/pc/fall-guys-ultimate-knockout?ftag=MCD-06-10aaa1f',80),(1100600,'https://www.metacritic.com/game/pc/football-manager-2020?ftag=MCD-06-10aaa1f',84),(1102190,'https://www.metacritic.com/game/pc/monster-train?ftag=MCD-06-10aaa1f',86),(1129580,'https://www.metacritic.com/game/pc/medieval-dynasty?ftag=MCD-06-10aaa1f',73),(1134570,'https://www.metacritic.com/game/pc/f1-2021?ftag=MCD-06-10aaa1f',86),(1142710,'https://www.metacritic.com/game/pc/total-war-warhammer-iii?ftag=MCD-06-10aaa1f',86),(1145360,'https://www.metacritic.com/game/pc/hades?ftag=MCD-06-10aaa1f',93),(1147560,'https://www.metacritic.com/game/pc/skul-the-hero-slayer?ftag=MCD-06-10aaa1f',80),(1150690,'https://www.metacritic.com/game/pc/omori?ftag=MCD-06-10aaa1f',87),(1158310,'https://www.metacritic.com/game/pc/crusader-kings-iii?ftag=MCD-06-10aaa1f',91),(1161580,'https://www.metacritic.com/game/pc/hardspace-shipbreaker?ftag=MCD-06-10aaa1f',82),(1164940,'https://www.metacritic.com/game/pc/trepang2?ftag=MCD-06-10aaa1f',77),(1167630,'https://www.metacritic.com/game/pc/teardown?ftag=MCD-06-10aaa1f',80),(1172380,'https://www.metacritic.com/game/pc/star-wars-jedi-fallen-order?ftag=MCD-06-10aaa1f',81),(1172470,'https://www.metacritic.com/game/pc/apex-legends?ftag=MCD-06-10aaa1f',88),(1174180,'https://www.metacritic.com/game/pc/red-dead-redemption-2?ftag=MCD-06-10aaa1f',93),(1184370,'https://www.metacritic.com/game/pc/pathfinder-wrath-of-the-righteous?ftag=MCD-06-10aaa1f',83),(1190970,'https://www.metacritic.com/game/pc/house-flipper-2?ftag=MCD-06-10aaa1f',80),(1196590,'https://www.metacritic.com/game/pc/resident-evil-village?ftag=MCD-06-10aaa1f',83),(1203220,'https://www.metacritic.com/game/pc/naraka-bladepoint?ftag=MCD-06-10aaa1f',71),(1213210,'https://www.metacritic.com/game/pc/command-conquer-remastered-collection?ftag=MCD-06-10aaa1f',82),(1222140,'https://www.metacritic.com/game/pc/detroit-become-human?ftag=MCD-06-10aaa1f',80),(1222680,'https://www.metacritic.com/game/pc/need-for-speed-heat?ftag=MCD-06-10aaa1f',72),(1222690,'https://www.metacritic.com/game/pc/dragon-age-inquisition?ftag=MCD-06-10aaa1f',85),(1235140,'https://www.metacritic.com/game/pc/yakuza-like-a-dragon?ftag=MCD-06-10aaa1f',83),(1237970,'https://www.metacritic.com/game/pc/titanfall-2?ftag=MCD-06-10aaa1f',86),(1244090,'https://www.metacritic.com/game/pc/sea-of-stars?ftag=MCD-06-10aaa1f',88),(1244460,'https://www.metacritic.com/game/pc/jurassic-world-evolution-2?ftag=MCD-06-10aaa1f',77),(1245620,'https://www.metacritic.com/game/pc/elden-ring?ftag=MCD-06-10aaa1f',94),(1250410,'https://www.metacritic.com/game/pc/microsoft-flight-simulator?ftag=MCD-06-10aaa1f',91),(1253920,'https://www.metacritic.com/game/pc/rogue-legacy-2?ftag=MCD-06-10aaa1f',88),(1284210,'https://www.metacritic.com/game/pc/guild-wars-2?ftag=MCD-06-10aaa1f',90),(1284410,'https://www.metacritic.com/game/pc/gwent-the-witcher-card-game?ftag=MCD-06-10aaa1f',80),(1286830,'https://www.metacritic.com/game/pc/star-wars-the-old-republic?ftag=MCD-06-10aaa1f',85),(1325200,'https://www.metacritic.com/game/pc/nioh-2-the-complete-edition?ftag=MCD-06-10aaa1f',86),(1328670,'https://www.metacritic.com/game/pc/mass-effect-legendary-edition?ftag=MCD-06-10aaa1f',86),(1384160,'https://www.metacritic.com/game/pc/guilty-gear--strive-?ftag=MCD-06-10aaa1f',85),(1407200,'https://www.metacritic.com/game/pc/world-of-tanks?ftag=MCD-06-10aaa1f',80),(1426210,'https://www.metacritic.com/game/pc/it-takes-two?ftag=MCD-06-10aaa1f',89),(1446780,'https://www.metacritic.com/game/pc/monster-hunter-rise?ftag=MCD-06-10aaa1f',87),(1448440,'https://www.metacritic.com/game/pc/wo-long-fallen-dynasty?ftag=MCD-06-10aaa1f',81),(1457080,'https://www.metacritic.com/game/pc/the-mageseeker-a-league-of-legends-story?ftag=MCD-06-10aaa1f',83),(1466860,'https://www.metacritic.com/game/pc/age-of-empires-iv?ftag=MCD-06-10aaa1f',81),(1469610,'https://www.metacritic.com/game/pc/last-train-home?ftag=MCD-06-10aaa1f',83),(1533420,'https://www.metacritic.com/game/pc/neon-white?ftag=MCD-06-10aaa1f',89),(1545560,'https://www.metacritic.com/game/pc/shadow-gambit-the-cursed-crew?ftag=MCD-06-10aaa1f',85),(1580520,'https://www.metacritic.com/game/pc/lost-eidolons?ftag=MCD-06-10aaa1f',71),(1593500,'https://www.metacritic.com/game/pc/god-of-war?ftag=MCD-06-10aaa1f',93),(1649010,'https://www.metacritic.com/game/pc/miasma-chronicles?ftag=MCD-06-10aaa1f',76),(1649080,'https://www.metacritic.com/game/pc/two-point-campus?ftag=MCD-06-10aaa1f',84),(1658280,'https://www.metacritic.com/game/pc/eiyuden-chronicle-hundred-heroes?ftag=MCD-06-10aaa1f',79),(1659040,'https://www.metacritic.com/game/pc/hitman-3?ftag=MCD-06-10aaa1f',87),(1672500,'https://www.metacritic.com/game/pc/gundam-breaker-4?ftag=MCD-06-10aaa1f',85),(1676840,'https://www.metacritic.com/game/pc/for-the-king-ii?ftag=MCD-06-10aaa1f',76),(1677280,'https://www.metacritic.com/game/pc/company-of-heroes-3?ftag=MCD-06-10aaa1f',81),(1687950,'https://www.metacritic.com/game/pc/persona-5-royal?ftag=MCD-06-10aaa1f',97),(1693980,'https://www.metacritic.com/game/pc/dead-space?ftag=MCD-06-10aaa1f',87),(1708520,'https://www.metacritic.com/game/pc/f1-manager-2022?ftag=MCD-06-10aaa1f',80),(1778820,'https://www.metacritic.com/game/pc/tekken-8?ftag=MCD-06-10aaa1f',93),(1811990,'https://www.metacritic.com/game/pc/wildfrost?ftag=MCD-06-10aaa1f',80),(1824220,'https://www.metacritic.com/game/pc/chivalry-2?ftag=MCD-06-10aaa1f',82),(1839950,'https://www.metacritic.com/game/pc/terminator-dark-fate---defiance?ftag=MCD-06-10aaa1f',82),(1849250,'https://www.metacritic.com/game/pc/ea-sports-wrc?ftag=MCD-06-10aaa1f',80),(1850570,'https://www.metacritic.com/game/pc/death-stranding-directors-cut?ftag=MCD-06-10aaa1f',85),(1875830,'https://www.metacritic.com/game/pc/shin-megami-tensei-v-vengeance?ftag=MCD-06-10aaa1f',90),(1888160,'https://www.metacritic.com/game/pc/armored-core-vi-fires-of-rubicon?ftag=MCD-06-10aaa1f',87),(1954200,'https://www.metacritic.com/game/pc/kena-bridge-of-spirits?ftag=MCD-06-10aaa1f',83),(1971870,'https://www.metacritic.com/game/pc/mortal-kombat-1?ftag=MCD-06-10aaa1f',82),(2111190,'https://www.metacritic.com/game/pc/mullet-madjack?ftag=MCD-06-10aaa1f',89),(2113850,'https://www.metacritic.com/game/pc/spirit-city-lofi-sessions?ftag=MCD-06-10aaa1f',83),(2114740,'https://www.metacritic.com/game/pc/blasphemous-2?ftag=MCD-06-10aaa1f',83),(2138710,'https://www.metacritic.com/game/pc/sifu?ftag=MCD-06-10aaa1f',79),(2140020,'https://www.metacritic.com/game/pc/stronghold-definitive-edition?ftag=MCD-06-10aaa1f',82),(2187220,'https://www.metacritic.com/game/pc/apollo-justice-ace-attorney-trilogy?ftag=MCD-06-10aaa1f',76),(2379780,'https://www.metacritic.com/game/pc/balatro?ftag=MCD-06-10aaa1f',88);
/*!40000 ALTER TABLE `metacritic` ENABLE KEYS */;
UNLOCK TABLES;

--
-- Table structure for table `platform`
--

DROP TABLE IF EXISTS `platform`;
/*!40101 SET @saved_cs_client     = @@character_set_client */;
/*!50503 SET character_set_client = utf8mb4 */;
CREATE TABLE `platform` (
  `GameID` int NOT NULL,
  `Windows` varchar(255) NOT NULL,
  `Mac` varchar(255) NOT NULL,
  `Linux` varchar(255) NOT NULL,
  `Supports_Multiple_Platforms` varchar(3) DEFAULT NULL,
  PRIMARY KEY (`GameID`,`Windows`,`Mac`,`Linux`)
) ENGINE=InnoDB DEFAULT CHARSET=utf8mb4 COLLATE=utf8mb4_0900_ai_ci;
/*!40101 SET character_set_client = @saved_cs_client */;

--
-- Dumping data for table `platform`
--

LOCK TABLES `platform` WRITE;
/*!40000 ALTER TABLE `platform` DISABLE KEYS */;
INSERT INTO `platform` VALUES (10,'TRUE','TRUE','TRUE','YES'),(220,'TRUE','TRUE','TRUE','YES'),(240,'TRUE','TRUE','TRUE','YES'),(440,'TRUE','TRUE','TRUE','YES'),(500,'TRUE','TRUE','FALSE','YES'),(550,'TRUE','TRUE','TRUE','YES'),(570,'TRUE','TRUE','TRUE','YES'),(620,'TRUE','TRUE','TRUE','YES'),(730,'TRUE','TRUE','TRUE','YES'),(1840,'TRUE','FALSE','FALSE','NO'),(3590,'TRUE','TRUE','FALSE','YES'),(3900,'TRUE','TRUE','FALSE','YES'),(3910,'TRUE','FALSE','FALSE','NO'),(4000,'TRUE','TRUE','TRUE','YES'),(4700,'TRUE','TRUE','TRUE','YES'),(4760,'TRUE','FALSE','FALSE','NO'),(8500,'TRUE','TRUE','FALSE','YES'),(8800,'TRUE','TRUE','FALSE','YES'),(8930,'TRUE','TRUE','TRUE','YES'),(9420,'TRUE','FALSE','FALSE','NO'),(9450,'TRUE','FALSE','FALSE','NO'),(9900,'TRUE','FALSE','FALSE','NO'),(10500,'TRUE','TRUE','TRUE','YES'),(12210,'TRUE','FALSE','FALSE','NO'),(16900,'TRUE','FALSE','FALSE','NO'),(17390,'TRUE','FALSE','FALSE','NO'),(20900,'TRUE','TRUE','FALSE','YES'),(20920,'TRUE','TRUE','TRUE','YES'),(21690,'TRUE','FALSE','FALSE','NO'),(22330,'TRUE','FALSE','FALSE','NO'),(22370,'TRUE','FALSE','FALSE','NO'),(22380,'TRUE','FALSE','FALSE','NO'),(24010,'TRUE','FALSE','FALSE','NO'),(32470,'TRUE','FALSE','FALSE','NO'),(34030,'TRUE','TRUE','FALSE','YES'),(34330,'TRUE','TRUE','TRUE','YES'),(39210,'TRUE','FALSE','FALSE','NO'),(40970,'TRUE','FALSE','FALSE','NO'),(42700,'TRUE','FALSE','FALSE','NO'),(42960,'TRUE','FALSE','FALSE','NO'),(47810,'TRUE','FALSE','FALSE','NO'),(47890,'TRUE','FALSE','FALSE','NO'),(48700,'TRUE','TRUE','TRUE','YES'),(49520,'TRUE','TRUE','TRUE','YES'),(72850,'TRUE','FALSE','FALSE','NO'),(105450,'TRUE','FALSE','FALSE','NO'),(105600,'TRUE','TRUE','TRUE','YES'),(107410,'TRUE','FALSE','FALSE','NO'),(108600,'TRUE','TRUE','TRUE','YES'),(109600,'TRUE','FALSE','FALSE','NO'),(200210,'TRUE','TRUE','FALSE','YES'),(200510,'TRUE','FALSE','TRUE','YES'),(203160,'TRUE','TRUE','FALSE','YES'),(203770,'TRUE','TRUE','TRUE','YES'),(208650,'TRUE','FALSE','FALSE','NO'),(211820,'TRUE','TRUE','TRUE','YES'),(212500,'TRUE','FALSE','FALSE','NO'),(212680,'TRUE','TRUE','TRUE','YES'),(214950,'TRUE','FALSE','FALSE','NO'),(216150,'TRUE','FALSE','FALSE','NO'),(218230,'TRUE','FALSE','FALSE','NO'),(218620,'TRUE','FALSE','TRUE','YES'),(219740,'TRUE','TRUE','TRUE','YES'),(219990,'TRUE','FALSE','FALSE','NO'),(220200,'TRUE','TRUE','TRUE','YES'),(221040,'TRUE','FALSE','FALSE','NO'),(221100,'TRUE','FALSE','FALSE','NO'),(221380,'TRUE','FALSE','FALSE','NO'),(221680,'TRUE','TRUE','FALSE','YES'),(223750,'TRUE','FALSE','FALSE','NO'),(225540,'TRUE','FALSE','FALSE','NO'),(227300,'TRUE','TRUE','TRUE','YES'),(227940,'TRUE','FALSE','FALSE','NO'),(228200,'TRUE','FALSE','FALSE','NO'),(228280,'TRUE','TRUE','TRUE','YES'),(228380,'TRUE','FALSE','FALSE','NO'),(230410,'TRUE','FALSE','FALSE','NO'),(231430,'TRUE','TRUE','TRUE','YES'),(232090,'TRUE','FALSE','FALSE','NO'),(233450,'TRUE','TRUE','TRUE','YES'),(233860,'TRUE','FALSE','FALSE','NO'),(234140,'TRUE','FALSE','FALSE','NO'),(235460,'TRUE','FALSE','FALSE','NO'),(236390,'TRUE','TRUE','TRUE','YES'),(236850,'TRUE','TRUE','TRUE','YES'),(238960,'TRUE','TRUE','FALSE','YES'),(239140,'TRUE','TRUE','TRUE','YES'),(242760,'TRUE','FALSE','FALSE','NO'),(242920,'TRUE','FALSE','FALSE','NO'),(244210,'TRUE','FALSE','FALSE','NO'),(244450,'TRUE','FALSE','FALSE','NO'),(244850,'TRUE','FALSE','FALSE','NO'),(250900,'TRUE','TRUE','TRUE','YES'),(251060,'TRUE','TRUE','TRUE','YES'),(251570,'TRUE','TRUE','TRUE','YES'),(252490,'TRUE','TRUE','FALSE','YES'),(252530,'TRUE','FALSE','FALSE','NO'),(252950,'TRUE','FALSE','FALSE','NO'),(253710,'TRUE','FALSE','FALSE','NO'),(254700,'TRUE','FALSE','FALSE','NO'),(255710,'TRUE','TRUE','TRUE','YES'),(257350,'TRUE','TRUE','TRUE','YES'),(261550,'TRUE','FALSE','FALSE','NO'),(262060,'TRUE','TRUE','TRUE','YES'),(264710,'TRUE','TRUE','FALSE','YES'),(266840,'TRUE','FALSE','FALSE','NO'),(268500,'TRUE','TRUE','TRUE','YES'),(268850,'TRUE','FALSE','FALSE','NO'),(268910,'TRUE','TRUE','FALSE','YES'),(269210,'TRUE','TRUE','TRUE','YES'),(269950,'TRUE','TRUE','TRUE','YES'),(270880,'TRUE','TRUE','TRUE','YES'),(271590,'TRUE','FALSE','FALSE','NO'),(273110,'TRUE','FALSE','FALSE','NO'),(275850,'TRUE','FALSE','FALSE','NO'),(281990,'TRUE','TRUE','TRUE','YES'),(284160,'TRUE','FALSE','FALSE','NO'),(284950,'TRUE','FALSE','FALSE','NO'),(285900,'TRUE','TRUE','TRUE','YES'),(286160,'TRUE','TRUE','TRUE','YES'),(287450,'TRUE','FALSE','FALSE','NO'),(287700,'TRUE','FALSE','FALSE','NO'),(289070,'TRUE','TRUE','TRUE','YES'),(289650,'TRUE','FALSE','FALSE','NO'),(291480,'TRUE','FALSE','FALSE','NO'),(291550,'TRUE','TRUE','FALSE','YES'),(291650,'TRUE','TRUE','TRUE','YES'),(292030,'TRUE','FALSE','FALSE','NO'),(294100,'TRUE','TRUE','TRUE','YES'),(297000,'TRUE','FALSE','FALSE','NO'),(304050,'TRUE','FALSE','FALSE','NO'),(304390,'TRUE','FALSE','FALSE','NO'),(304930,'TRUE','TRUE','TRUE','YES'),(305620,'TRUE','TRUE','TRUE','YES'),(306130,'TRUE','TRUE','FALSE','YES'),(310950,'TRUE','FALSE','FALSE','NO'),(311210,'TRUE','TRUE','FALSE','YES'),(311260,'TRUE','FALSE','FALSE','NO'),(311690,'TRUE','TRUE','TRUE','YES'),(312660,'TRUE','FALSE','FALSE','NO'),(314160,'TRUE','FALSE','FALSE','NO'),(315210,'TRUE','FALSE','FALSE','NO'),(322170,'TRUE','TRUE','FALSE','YES'),(322330,'TRUE','TRUE','TRUE','YES'),(323190,'TRUE','TRUE','FALSE','YES'),(325610,'TRUE','FALSE','TRUE','YES'),(326460,'TRUE','TRUE','TRUE','YES'),(330020,'TRUE','TRUE','TRUE','YES'),(331470,'TRUE','TRUE','TRUE','YES'),(333420,'TRUE','FALSE','TRUE','YES'),(335240,'TRUE','TRUE','TRUE','YES'),(335300,'TRUE','FALSE','FALSE','NO'),(342200,'TRUE','FALSE','FALSE','NO'),(346110,'TRUE','TRUE','TRUE','YES'),(346900,'TRUE','TRUE','TRUE','YES'),(349040,'TRUE','FALSE','FALSE','NO'),(356190,'TRUE','FALSE','FALSE','NO'),(359320,'TRUE','FALSE','FALSE','NO'),(359550,'TRUE','FALSE','FALSE','NO'),(359870,'TRUE','FALSE','FALSE','NO'),(360430,'TRUE','TRUE','FALSE','YES'),(361420,'TRUE','FALSE','FALSE','NO'),(362890,'TRUE','FALSE','TRUE','YES'),(363150,'TRUE','FALSE','FALSE','NO'),(363890,'TRUE','TRUE','TRUE','YES'),(363970,'TRUE','TRUE','FALSE','YES'),(364360,'TRUE','TRUE','TRUE','YES'),(365360,'TRUE','FALSE','FALSE','NO'),(365670,'TRUE','TRUE','TRUE','YES'),(367520,'TRUE','TRUE','TRUE','YES'),(368260,'TRUE','FALSE','FALSE','NO'),(373420,'TRUE','TRUE','TRUE','YES'),(374320,'TRUE','FALSE','FALSE','NO'),(376210,'TRUE','FALSE','FALSE','NO'),(377160,'TRUE','FALSE','FALSE','NO'),(379430,'TRUE','FALSE','FALSE','NO'),(379720,'TRUE','FALSE','FALSE','NO'),(380600,'TRUE','TRUE','TRUE','YES'),(381210,'TRUE','FALSE','FALSE','NO'),(382310,'TRUE','FALSE','FALSE','NO'),(383120,'TRUE','FALSE','FALSE','NO'),(386180,'TRUE','FALSE','FALSE','NO'),(387990,'TRUE','FALSE','FALSE','NO'),(389430,'TRUE','FALSE','FALSE','NO'),(389730,'TRUE','FALSE','FALSE','NO'),(391220,'TRUE','TRUE','TRUE','YES'),(391540,'TRUE','TRUE','TRUE','YES'),(392110,'TRUE','TRUE','FALSE','YES'),(392160,'TRUE','FALSE','TRUE','YES'),(393380,'TRUE','FALSE','FALSE','NO'),(394360,'TRUE','TRUE','TRUE','YES'),(397540,'TRUE','FALSE','FALSE','NO'),(397900,'TRUE','TRUE','FALSE','YES'),(400040,'TRUE','FALSE','FALSE','NO'),(400750,'TRUE','FALSE','FALSE','NO'),(412220,'TRUE','TRUE','TRUE','YES'),(413150,'TRUE','TRUE','TRUE','YES'),(415200,'TRUE','TRUE','TRUE','YES'),(418370,'TRUE','FALSE','FALSE','NO'),(418460,'TRUE','FALSE','FALSE','NO'),(427410,'TRUE','FALSE','FALSE','NO'),(427520,'TRUE','TRUE','TRUE','YES'),(431240,'TRUE','TRUE','TRUE','YES'),(431730,'TRUE','TRUE','TRUE','YES'),(431960,'TRUE','FALSE','FALSE','NO'),(433340,'TRUE','TRUE','TRUE','YES'),(435150,'TRUE','TRUE','FALSE','YES'),(436150,'TRUE','TRUE','FALSE','YES'),(438040,'TRUE','TRUE','FALSE','YES'),(438100,'TRUE','FALSE','FALSE','NO'),(440900,'TRUE','FALSE','FALSE','NO'),(444200,'TRUE','TRUE','FALSE','YES'),(445220,'TRUE','TRUE','TRUE','YES'),(447020,'TRUE','TRUE','FALSE','YES'),(447040,'TRUE','FALSE','FALSE','NO'),(453480,'TRUE','TRUE','FALSE','YES'),(454650,'TRUE','FALSE','FALSE','NO'),(457140,'TRUE','TRUE','TRUE','YES'),(459820,'TRUE','TRUE','TRUE','YES'),(460930,'TRUE','FALSE','FALSE','NO'),(464920,'TRUE','TRUE','TRUE','YES'),(466170,'TRUE','TRUE','TRUE','YES'),(466240,'TRUE','FALSE','FALSE','NO'),(466560,'TRUE','TRUE','TRUE','YES'),(469600,'TRUE','FALSE','FALSE','NO'),(470220,'TRUE','FALSE','FALSE','NO'),(471710,'TRUE','FALSE','FALSE','NO'),(475150,'TRUE','FALSE','FALSE','NO'),(476600,'TRUE','FALSE','FALSE','NO'),(476620,'TRUE','FALSE','FALSE','NO'),(477160,'TRUE','TRUE','FALSE','YES'),(482400,'TRUE','FALSE','FALSE','NO'),(489520,'TRUE','TRUE','FALSE','YES'),(489830,'TRUE','FALSE','FALSE','NO'),(492720,'TRUE','TRUE','TRUE','YES'),(493340,'TRUE','TRUE','FALSE','YES'),(493520,'TRUE','FALSE','FALSE','NO'),(495420,'TRUE','FALSE','FALSE','NO'),(502500,'TRUE','FALSE','FALSE','NO'),(503940,'TRUE','FALSE','TRUE','YES'),(504230,'TRUE','TRUE','TRUE','YES'),(505460,'TRUE','FALSE','FALSE','NO'),(508440,'TRUE','TRUE','FALSE','YES'),(513710,'TRUE','FALSE','FALSE','NO'),(516750,'TRUE','FALSE','FALSE','NO'),(518790,'TRUE','FALSE','FALSE','NO'),(524220,'TRUE','FALSE','FALSE','NO'),(526870,'TRUE','FALSE','FALSE','NO'),(527230,'TRUE','TRUE','TRUE','YES'),(529340,'TRUE','TRUE','TRUE','YES'),(534380,'TRUE','FALSE','FALSE','NO'),(535930,'TRUE','TRUE','TRUE','YES'),(537180,'TRUE','FALSE','FALSE','NO'),(538030,'TRUE','FALSE','FALSE','NO'),(544550,'TRUE','FALSE','FALSE','NO'),(544730,'TRUE','TRUE','FALSE','YES'),(544810,'TRUE','FALSE','FALSE','NO'),(546560,'TRUE','FALSE','FALSE','NO'),(547710,'TRUE','FALSE','FALSE','NO'),(548430,'TRUE','FALSE','FALSE','NO'),(550650,'TRUE','FALSE','FALSE','NO'),(551170,'TRUE','FALSE','FALSE','NO'),(552100,'TRUE','FALSE','FALSE','NO'),(552500,'TRUE','FALSE','FALSE','NO'),(552520,'TRUE','FALSE','FALSE','NO'),(552990,'TRUE','FALSE','FALSE','NO'),(553540,'TRUE','FALSE','FALSE','NO'),(553850,'TRUE','FALSE','FALSE','NO'),(555160,'TRUE','FALSE','FALSE','NO'),(560130,'TRUE','TRUE','TRUE','YES'),(570940,'TRUE','FALSE','FALSE','NO'),(571740,'TRUE','TRUE','FALSE','YES'),(573090,'TRUE','TRUE','FALSE','YES'),(578080,'TRUE','FALSE','FALSE','NO'),(578650,'TRUE','FALSE','FALSE','NO'),(581320,'TRUE','FALSE','FALSE','NO'),(582010,'TRUE','FALSE','FALSE','NO'),(582160,'TRUE','FALSE','FALSE','NO'),(582660,'TRUE','FALSE','FALSE','NO'),(588430,'TRUE','FALSE','FALSE','NO'),(588650,'TRUE','TRUE','TRUE','YES'),(590380,'TRUE','TRUE','TRUE','YES'),(594570,'TRUE','TRUE','TRUE','YES'),(594650,'TRUE','FALSE','FALSE','NO'),(599140,'TRUE','TRUE','TRUE','YES'),(601150,'TRUE','FALSE','FALSE','NO'),(601510,'TRUE','FALSE','FALSE','NO'),(602960,'TRUE','TRUE','TRUE','YES'),(610080,'TRUE','TRUE','FALSE','YES'),(613100,'TRUE','TRUE','FALSE','YES'),(615530,'TRUE','TRUE','TRUE','YES'),(620980,'TRUE','FALSE','FALSE','NO'),(621060,'TRUE','FALSE','FALSE','NO'),(627690,'TRUE','TRUE','FALSE','YES'),(629520,'TRUE','FALSE','FALSE','NO'),(629730,'TRUE','FALSE','FALSE','NO'),(629760,'TRUE','FALSE','FALSE','NO'),(632360,'TRUE','FALSE','FALSE','NO'),(632470,'TRUE','TRUE','FALSE','YES'),(633230,'TRUE','FALSE','FALSE','NO'),(635260,'TRUE','FALSE','FALSE','NO'),(636480,'TRUE','TRUE','TRUE','YES'),(637090,'TRUE','TRUE','TRUE','YES'),(637650,'TRUE','FALSE','FALSE','NO'),(638970,'TRUE','FALSE','FALSE','NO'),(640820,'TRUE','TRUE','TRUE','YES'),(641990,'TRUE','TRUE','TRUE','YES'),(644930,'TRUE','FALSE','FALSE','NO'),(646570,'TRUE','TRUE','TRUE','YES'),(646910,'TRUE','FALSE','FALSE','NO'),(648800,'TRUE','FALSE','FALSE','NO'),(655500,'TRUE','FALSE','FALSE','NO'),(663090,'TRUE','FALSE','FALSE','NO'),(665300,'TRUE','TRUE','FALSE','YES'),(666140,'TRUE','TRUE','FALSE','YES'),(668580,'TRUE','FALSE','FALSE','NO'),(669330,'TRUE','FALSE','FALSE','NO'),(671860,'TRUE','FALSE','FALSE','NO'),(673950,'TRUE','TRUE','TRUE','YES'),(677620,'TRUE','FALSE','TRUE','YES'),(678950,'TRUE','FALSE','FALSE','NO'),(680420,'TRUE','FALSE','FALSE','NO'),(686810,'TRUE','FALSE','FALSE','NO'),(690790,'TRUE','FALSE','FALSE','NO'),(690830,'TRUE','FALSE','FALSE','NO'),(698670,'TRUE','FALSE','FALSE','NO'),(699130,'TRUE','FALSE','FALSE','NO'),(700330,'TRUE','FALSE','FALSE','NO'),(702320,'TRUE','FALSE','FALSE','NO'),(703080,'TRUE','FALSE','FALSE','NO'),(704450,'TRUE','TRUE','TRUE','YES'),(707010,'TRUE','FALSE','FALSE','NO'),(714010,'TRUE','FALSE','FALSE','NO'),(715400,'TRUE','FALSE','FALSE','NO'),(719040,'TRUE','TRUE','TRUE','YES'),(719890,'TRUE','FALSE','FALSE','NO'),(728880,'TRUE','TRUE','TRUE','YES'),(729040,'TRUE','FALSE','FALSE','NO'),(736590,'TRUE','FALSE','FALSE','NO'),(736820,'TRUE','FALSE','FALSE','NO'),(739630,'TRUE','FALSE','FALSE','NO'),(740130,'TRUE','FALSE','FALSE','NO'),(744900,'TRUE','FALSE','FALSE','NO'),(745920,'TRUE','FALSE','FALSE','NO'),(750920,'TRUE','TRUE','TRUE','YES'),(756800,'TRUE','FALSE','FALSE','NO'),(761890,'TRUE','TRUE','TRUE','YES'),(766570,'TRUE','FALSE','FALSE','NO'),(767560,'TRUE','FALSE','FALSE','NO'),(768200,'TRUE','FALSE','FALSE','NO'),(774171,'TRUE','TRUE','FALSE','YES'),(774801,'TRUE','FALSE','FALSE','NO'),(779340,'TRUE','TRUE','TRUE','YES'),(780290,'TRUE','TRUE','FALSE','YES'),(780310,'TRUE','FALSE','FALSE','NO'),(782330,'TRUE','FALSE','FALSE','NO'),(784080,'TRUE','FALSE','FALSE','NO'),(784150,'TRUE','FALSE','FALSE','NO'),(784950,'TRUE','TRUE','FALSE','YES'),(786520,'TRUE','FALSE','FALSE','NO'),(787860,'TRUE','TRUE','FALSE','YES'),(788100,'TRUE','FALSE','FALSE','NO'),(794260,'TRUE','FALSE','FALSE','NO'),(799600,'TRUE','FALSE','FALSE','NO'),(805550,'TRUE','FALSE','FALSE','NO'),(812140,'TRUE','FALSE','FALSE','NO'),(813230,'TRUE','FALSE','FALSE','NO'),(813780,'TRUE','FALSE','FALSE','NO'),(814000,'TRUE','FALSE','FALSE','NO'),(814370,'TRUE','TRUE','TRUE','YES'),(814380,'TRUE','FALSE','FALSE','NO'),(815370,'TRUE','FALSE','FALSE','NO'),(820520,'TRUE','FALSE','FALSE','NO'),(824270,'TRUE','FALSE','FALSE','NO'),(824550,'TRUE','FALSE','FALSE','NO'),(834910,'TRUE','FALSE','FALSE','NO'),(835960,'TRUE','FALSE','FALSE','NO'),(843380,'TRUE','TRUE','FALSE','YES'),(848450,'TRUE','TRUE','FALSE','YES'),(850190,'TRUE','FALSE','FALSE','NO'),(851850,'TRUE','FALSE','FALSE','NO'),(863550,'TRUE','FALSE','FALSE','NO'),(867210,'TRUE','TRUE','FALSE','YES'),(868270,'TRUE','FALSE','FALSE','NO'),(870780,'TRUE','FALSE','FALSE','NO'),(871980,'TRUE','FALSE','FALSE','NO'),(872410,'TRUE','FALSE','FALSE','NO'),(872790,'TRUE','TRUE','FALSE','YES'),(880940,'TRUE','FALSE','FALSE','NO'),(881020,'TRUE','FALSE','FALSE','NO'),(881100,'TRUE','FALSE','FALSE','NO'),(883710,'TRUE','FALSE','FALSE','NO'),(885970,'TRUE','TRUE','TRUE','YES'),(892970,'TRUE','FALSE','TRUE','YES'),(895400,'TRUE','FALSE','FALSE','NO'),(899770,'TRUE','FALSE','TRUE','YES'),(905370,'TRUE','FALSE','FALSE','NO'),(919640,'TRUE','FALSE','FALSE','NO'),(920210,'TRUE','FALSE','FALSE','NO'),(924970,'TRUE','FALSE','FALSE','NO'),(933110,'TRUE','FALSE','FALSE','NO'),(934700,'TRUE','FALSE','FALSE','NO'),(945360,'TRUE','FALSE','FALSE','NO'),(949230,'TRUE','FALSE','FALSE','NO'),(954850,'TRUE','FALSE','FALSE','NO'),(955900,'TRUE','FALSE','FALSE','NO'),(960090,'TRUE','TRUE','FALSE','YES'),(960170,'TRUE','FALSE','FALSE','NO'),(961200,'TRUE','FALSE','FALSE','NO'),(962130,'TRUE','FALSE','FALSE','NO'),(972660,'TRUE','TRUE','TRUE','YES'),(973230,'TRUE','FALSE','FALSE','NO'),(975370,'TRUE','FALSE','FALSE','NO'),(976310,'TRUE','FALSE','FALSE','NO'),(976730,'TRUE','FALSE','FALSE','NO'),(977400,'TRUE','TRUE','FALSE','YES'),(977950,'TRUE','TRUE','FALSE','YES'),(983870,'TRUE','FALSE','FALSE','NO'),(986130,'TRUE','FALSE','FALSE','NO'),(990080,'TRUE','FALSE','FALSE','NO'),(992070,'TRUE','TRUE','TRUE','YES'),(1007040,'TRUE','FALSE','FALSE','NO'),(1009560,'TRUE','FALSE','FALSE','NO'),(1009850,'TRUE','FALSE','TRUE','YES'),(1013140,'TRUE','FALSE','FALSE','NO'),(1013320,'TRUE','TRUE','TRUE','YES'),(1016120,'TRUE','FALSE','FALSE','NO'),(1016950,'TRUE','FALSE','FALSE','NO'),(1017900,'TRUE','FALSE','FALSE','NO'),(1022450,'TRUE','FALSE','TRUE','YES'),(1029690,'TRUE','FALSE','FALSE','NO'),(1029780,'TRUE','FALSE','FALSE','NO'),(1030840,'TRUE','FALSE','FALSE','NO'),(1040200,'TRUE','FALSE','FALSE','NO'),(1041320,'TRUE','FALSE','FALSE','NO'),(1044720,'TRUE','FALSE','FALSE','NO'),(1046930,'TRUE','TRUE','TRUE','YES'),(1049590,'TRUE','FALSE','FALSE','NO'),(1056640,'TRUE','FALSE','FALSE','NO'),(1057090,'TRUE','FALSE','FALSE','NO'),(1060230,'TRUE','FALSE','FALSE','NO'),(1061910,'TRUE','FALSE','FALSE','NO'),(1062090,'TRUE','TRUE','FALSE','YES'),(1062520,'TRUE','FALSE','FALSE','NO'),(1062810,'TRUE','FALSE','FALSE','NO'),(1063730,'TRUE','FALSE','FALSE','NO'),(1065310,'TRUE','FALSE','FALSE','NO'),(1066780,'TRUE','TRUE','TRUE','YES'),(1068820,'TRUE','FALSE','FALSE','NO'),(1069160,'TRUE','TRUE','FALSE','YES'),(1069660,'TRUE','FALSE','FALSE','NO'),(1080110,'TRUE','FALSE','FALSE','NO'),(1084160,'TRUE','FALSE','FALSE','NO'),(1084600,'TRUE','FALSE','FALSE','NO'),(1085660,'TRUE','FALSE','FALSE','NO'),(1086940,'TRUE','TRUE','FALSE','YES'),(1089090,'TRUE','FALSE','FALSE','NO'),(1091500,'TRUE','FALSE','FALSE','NO'),(1092790,'TRUE','TRUE','TRUE','YES'),(1096530,'TRUE','TRUE','FALSE','YES'),(1097150,'TRUE','FALSE','FALSE','NO'),(1100600,'TRUE','TRUE','FALSE','YES'),(1101120,'TRUE','FALSE','FALSE','NO'),(1102190,'TRUE','FALSE','FALSE','NO'),(1109680,'TRUE','FALSE','FALSE','NO'),(1113000,'TRUE','FALSE','FALSE','NO'),(1113120,'TRUE','FALSE','FALSE','NO'),(1118200,'TRUE','FALSE','FALSE','NO'),(1121640,'TRUE','TRUE','TRUE','YES'),(1124300,'TRUE','TRUE','FALSE','YES'),(1127400,'TRUE','TRUE','TRUE','YES'),(1127700,'TRUE','FALSE','FALSE','NO'),(1128810,'TRUE','TRUE','FALSE','YES'),(1128860,'TRUE','FALSE','TRUE','YES'),(1129580,'TRUE','FALSE','FALSE','NO'),(1134570,'TRUE','FALSE','FALSE','NO'),(1142710,'TRUE','TRUE','TRUE','YES'),(1144200,'TRUE','FALSE','FALSE','NO'),(1145350,'TRUE','FALSE','FALSE','NO'),(1145360,'TRUE','TRUE','FALSE','YES'),(1147560,'TRUE','TRUE','TRUE','YES'),(1147690,'TRUE','FALSE','FALSE','NO'),(1149460,'TRUE','FALSE','FALSE','NO'),(1150440,'TRUE','FALSE','FALSE','NO'),(1150690,'TRUE','TRUE','FALSE','YES'),(1151340,'TRUE','FALSE','FALSE','NO'),(1151640,'TRUE','FALSE','FALSE','NO'),(1158160,'TRUE','FALSE','FALSE','NO'),(1158310,'TRUE','TRUE','TRUE','YES'),(1159420,'TRUE','FALSE','FALSE','NO'),(1159690,'TRUE','FALSE','FALSE','NO'),(1161580,'TRUE','FALSE','FALSE','NO'),(1161590,'TRUE','FALSE','FALSE','NO'),(1162520,'TRUE','TRUE','FALSE','YES'),(1164940,'TRUE','FALSE','FALSE','NO'),(1167630,'TRUE','FALSE','FALSE','NO'),(1170950,'TRUE','FALSE','FALSE','NO'),(1171690,'TRUE','FALSE','FALSE','NO'),(1172380,'TRUE','FALSE','FALSE','NO'),(1172470,'TRUE','FALSE','FALSE','NO'),(1172620,'TRUE','FALSE','FALSE','NO'),(1173510,'TRUE','FALSE','FALSE','NO'),(1174180,'TRUE','FALSE','FALSE','NO'),(1176470,'TRUE','FALSE','FALSE','NO'),(1177980,'TRUE','FALSE','FALSE','NO'),(1179580,'TRUE','FALSE','FALSE','NO'),(1180380,'TRUE','FALSE','FALSE','NO'),(1182900,'TRUE','FALSE','FALSE','NO'),(1184140,'TRUE','FALSE','FALSE','NO'),(1184370,'TRUE','TRUE','FALSE','YES'),(1190000,'TRUE','FALSE','FALSE','NO'),(1190970,'TRUE','FALSE','FALSE','NO'),(1194810,'TRUE','FALSE','FALSE','NO'),(1196590,'TRUE','FALSE','FALSE','NO'),(1197260,'TRUE','FALSE','FALSE','NO'),(1201240,'TRUE','FALSE','FALSE','NO'),(1202130,'TRUE','FALSE','FALSE','NO'),(1203220,'TRUE','FALSE','FALSE','NO'),(1203620,'TRUE','FALSE','FALSE','NO'),(1205520,'TRUE','FALSE','FALSE','NO'),(1206560,'TRUE','TRUE','TRUE','YES'),(1206610,'TRUE','FALSE','FALSE','NO'),(1211020,'TRUE','FALSE','FALSE','NO'),(1211600,'TRUE','FALSE','FALSE','NO'),(1213210,'TRUE','FALSE','FALSE','NO'),(1214470,'TRUE','FALSE','FALSE','NO'),(1214650,'TRUE','FALSE','FALSE','NO'),(1216060,'TRUE','FALSE','FALSE','NO'),(1217060,'TRUE','FALSE','FALSE','NO'),(1222140,'TRUE','FALSE','FALSE','NO'),(1222670,'TRUE','FALSE','FALSE','NO'),(1222680,'TRUE','FALSE','FALSE','NO'),(1222690,'TRUE','FALSE','FALSE','NO'),(1225330,'TRUE','FALSE','FALSE','NO'),(1229240,'TRUE','TRUE','TRUE','YES'),(1230170,'TRUE','FALSE','FALSE','NO'),(1235140,'TRUE','FALSE','FALSE','NO'),(1237320,'TRUE','FALSE','FALSE','NO'),(1237950,'TRUE','FALSE','FALSE','NO'),(1237970,'TRUE','FALSE','FALSE','NO'),(1238810,'TRUE','FALSE','FALSE','NO'),(1238840,'TRUE','FALSE','FALSE','NO'),(1238860,'TRUE','FALSE','FALSE','NO'),(1240440,'TRUE','FALSE','FALSE','NO'),(1244090,'TRUE','FALSE','FALSE','NO'),(1244460,'TRUE','FALSE','FALSE','NO'),(1245560,'TRUE','TRUE','FALSE','YES'),(1245620,'TRUE','FALSE','FALSE','NO'),(1248130,'TRUE','TRUE','FALSE','YES'),(1250410,'TRUE','FALSE','FALSE','NO'),(1253920,'TRUE','FALSE','FALSE','NO'),(1254120,'TRUE','FALSE','FALSE','NO'),(1254320,'TRUE','FALSE','FALSE','NO'),(1255630,'TRUE','FALSE','FALSE','NO'),(1258080,'TRUE','FALSE','FALSE','NO'),(1259420,'TRUE','FALSE','FALSE','NO'),(1259970,'TRUE','FALSE','FALSE','NO'),(1260320,'TRUE','FALSE','FALSE','NO'),(1263850,'TRUE','TRUE','FALSE','YES'),(1266540,'TRUE','FALSE','FALSE','NO'),(1266700,'TRUE','FALSE','FALSE','NO'),(1267910,'TRUE','TRUE','TRUE','YES'),(1268590,'TRUE','FALSE','FALSE','NO'),(1268750,'TRUE','FALSE','FALSE','NO'),(1272080,'TRUE','FALSE','FALSE','NO'),(1273400,'TRUE','FALSE','FALSE','NO'),(1274570,'TRUE','TRUE','FALSE','YES'),(1276760,'TRUE','FALSE','FALSE','NO'),(1279610,'TRUE','FALSE','FALSE','NO'),(1282100,'TRUE','FALSE','FALSE','NO'),(1282150,'TRUE','FALSE','FALSE','NO'),(1282410,'TRUE','FALSE','FALSE','NO'),(1283230,'TRUE','FALSE','FALSE','NO'),(1283400,'TRUE','FALSE','FALSE','NO'),(1283970,'TRUE','FALSE','FALSE','NO'),(1284190,'TRUE','FALSE','FALSE','NO'),(1284210,'TRUE','FALSE','FALSE','NO'),(1284410,'TRUE','FALSE','FALSE','NO'),(1286320,'TRUE','FALSE','FALSE','NO'),(1286580,'TRUE','FALSE','FALSE','NO'),(1286680,'TRUE','FALSE','FALSE','NO'),(1286830,'TRUE','FALSE','FALSE','NO'),(1288320,'TRUE','FALSE','FALSE','NO'),(1290000,'TRUE','FALSE','FALSE','NO'),(1293830,'TRUE','FALSE','FALSE','NO'),(1294660,'TRUE','FALSE','FALSE','NO'),(1294810,'TRUE','FALSE','FALSE','NO'),(1295510,'TRUE','FALSE','FALSE','NO'),(1295920,'TRUE','FALSE','FALSE','NO'),(1296610,'TRUE','TRUE','FALSE','YES'),(1300920,'TRUE','FALSE','FALSE','NO'),(1304930,'TRUE','FALSE','FALSE','NO'),(1307550,'TRUE','FALSE','FALSE','NO'),(1310410,'TRUE','FALSE','FALSE','NO'),(1313140,'TRUE','TRUE','FALSE','YES'),(1313860,'TRUE','FALSE','FALSE','NO'),(1316680,'TRUE','FALSE','TRUE','YES'),(1321440,'TRUE','FALSE','TRUE','YES'),(1324130,'TRUE','FALSE','FALSE','NO'),(1324340,'TRUE','FALSE','FALSE','NO'),(1325200,'TRUE','FALSE','FALSE','NO'),(1325860,'TRUE','TRUE','FALSE','YES'),(1326470,'TRUE','FALSE','FALSE','NO'),(1328670,'TRUE','FALSE','FALSE','NO'),(1329500,'TRUE','FALSE','FALSE','NO'),(1329880,'TRUE','FALSE','FALSE','NO'),(1331550,'TRUE','TRUE','TRUE','YES'),(1332010,'TRUE','FALSE','FALSE','NO'),(1335200,'TRUE','FALSE','FALSE','NO'),(1336490,'TRUE','FALSE','FALSE','NO'),(1337520,'TRUE','FALSE','FALSE','NO'),(1337760,'TRUE','TRUE','FALSE','YES'),(1338770,'TRUE','FALSE','FALSE','NO'),(1343240,'TRUE','FALSE','FALSE','NO'),(1343370,'TRUE','FALSE','FALSE','NO'),(1343400,'TRUE','TRUE','FALSE','YES'),(1350650,'TRUE','FALSE','TRUE','YES'),(1351080,'TRUE','FALSE','FALSE','NO'),(1351240,'TRUE','FALSE','FALSE','NO'),(1353230,'TRUE','FALSE','FALSE','NO'),(1353300,'TRUE','FALSE','FALSE','NO'),(1361210,'TRUE','FALSE','FALSE','NO'),(1363080,'TRUE','FALSE','FALSE','NO'),(1364020,'TRUE','FALSE','FALSE','NO'),(1364210,'TRUE','TRUE','FALSE','YES'),(1364390,'TRUE','FALSE','FALSE','NO'),(1364780,'TRUE','FALSE','FALSE','NO'),(1366540,'TRUE','FALSE','FALSE','NO'),(1366800,'TRUE','FALSE','FALSE','NO'),(1371980,'TRUE','FALSE','FALSE','NO'),(1372110,'TRUE','FALSE','FALSE','NO'),(1372880,'TRUE','FALSE','FALSE','NO'),(1377580,'TRUE','FALSE','FALSE','NO'),(1380910,'TRUE','TRUE','TRUE','YES'),(1384160,'TRUE','FALSE','FALSE','NO'),(1397920,'TRUE','FALSE','FALSE','NO'),(1399080,'TRUE','FALSE','FALSE','NO'),(1401590,'TRUE','FALSE','FALSE','NO'),(1404210,'TRUE','FALSE','FALSE','NO'),(1407200,'TRUE','FALSE','FALSE','NO'),(1408610,'TRUE','FALSE','FALSE','NO'),(1411910,'TRUE','FALSE','FALSE','NO'),(1418630,'TRUE','FALSE','FALSE','NO'),(1422130,'TRUE','FALSE','FALSE','NO'),(1426050,'TRUE','FALSE','FALSE','NO'),(1426210,'TRUE','FALSE','FALSE','NO'),(1433140,'TRUE','FALSE','FALSE','NO'),(1435790,'TRUE','TRUE','TRUE','YES'),(1436700,'TRUE','FALSE','FALSE','NO'),(1446780,'TRUE','FALSE','FALSE','NO'),(1448440,'TRUE','FALSE','FALSE','NO'),(1451090,'TRUE','FALSE','FALSE','NO'),(1451190,'TRUE','FALSE','FALSE','NO'),(1451810,'TRUE','FALSE','FALSE','NO'),(1453850,'TRUE','FALSE','FALSE','NO'),(1454400,'TRUE','FALSE','FALSE','NO'),(1455840,'TRUE','FALSE','FALSE','NO'),(1457080,'TRUE','FALSE','FALSE','NO'),(1457320,'TRUE','FALSE','FALSE','NO'),(1458140,'TRUE','FALSE','FALSE','NO'),(1462040,'TRUE','FALSE','FALSE','NO'),(1465360,'TRUE','FALSE','FALSE','NO'),(1465460,'TRUE','FALSE','FALSE','NO'),(1465470,'TRUE','FALSE','FALSE','NO'),(1466060,'TRUE','FALSE','FALSE','NO'),(1466860,'TRUE','FALSE','FALSE','NO'),(1468260,'TRUE','FALSE','FALSE','NO'),(1469610,'TRUE','FALSE','FALSE','NO'),(1473480,'TRUE','FALSE','FALSE','NO'),(1476970,'TRUE','FALSE','FALSE','NO'),(1477070,'TRUE','TRUE','FALSE','YES'),(1483870,'TRUE','TRUE','TRUE','YES'),(1488200,'TRUE','FALSE','FALSE','NO'),(1494420,'TRUE','FALSE','FALSE','NO'),(1496790,'TRUE','FALSE','FALSE','NO'),(1501610,'TRUE','FALSE','FALSE','NO'),(1501750,'TRUE','FALSE','FALSE','NO'),(1506830,'TRUE','FALSE','FALSE','NO'),(1509510,'TRUE','TRUE','FALSE','YES'),(1515210,'TRUE','TRUE','FALSE','YES'),(1517290,'TRUE','FALSE','FALSE','NO'),(1519090,'TRUE','FALSE','FALSE','NO'),(1519350,'TRUE','FALSE','FALSE','NO'),(1526490,'TRUE','FALSE','FALSE','NO'),(1527950,'TRUE','FALSE','FALSE','NO'),(1533420,'TRUE','FALSE','FALSE','NO'),(1536090,'TRUE','FALSE','FALSE','NO'),(1544020,'TRUE','FALSE','FALSE','NO'),(1545560,'TRUE','FALSE','FALSE','NO'),(1546320,'TRUE','TRUE','TRUE','YES'),(1546970,'TRUE','FALSE','FALSE','NO'),(1547000,'TRUE','FALSE','FALSE','NO'),(1548850,'TRUE','FALSE','FALSE','NO'),(1551360,'TRUE','FALSE','FALSE','NO'),(1553000,'TRUE','FALSE','FALSE','NO'),(1556100,'TRUE','FALSE','FALSE','NO'),(1556790,'TRUE','FALSE','TRUE','YES'),(1562430,'TRUE','FALSE','FALSE','NO'),(1566200,'TRUE','FALSE','FALSE','NO'),(1566690,'TRUE','FALSE','FALSE','NO'),(1567020,'TRUE','FALSE','FALSE','NO'),(1569040,'TRUE','TRUE','FALSE','YES'),(1575940,'TRUE','FALSE','FALSE','NO'),(1577120,'TRUE','FALSE','FALSE','NO'),(1580520,'TRUE','FALSE','FALSE','NO'),(1581770,'TRUE','FALSE','FALSE','NO'),(1583230,'TRUE','FALSE','FALSE','NO'),(1583320,'TRUE','FALSE','FALSE','NO'),(1584940,'TRUE','FALSE','FALSE','NO'),(1589120,'TRUE','FALSE','FALSE','NO'),(1592190,'TRUE','FALSE','FALSE','NO'),(1592280,'TRUE','FALSE','TRUE','YES'),(1593030,'TRUE','FALSE','FALSE','NO'),(1593500,'TRUE','FALSE','FALSE','NO'),(1594320,'TRUE','FALSE','FALSE','NO'),(1599340,'TRUE','FALSE','FALSE','NO'),(1599600,'TRUE','FALSE','FALSE','NO'),(1601740,'TRUE','FALSE','FALSE','NO'),(1604030,'TRUE','FALSE','FALSE','NO'),(1608070,'TRUE','FALSE','FALSE','NO'),(1612770,'TRUE','FALSE','FALSE','NO'),(1614550,'TRUE','FALSE','FALSE','NO'),(1621690,'TRUE','FALSE','TRUE','YES'),(1623730,'TRUE','FALSE','FALSE','NO'),(1627720,'TRUE','TRUE','FALSE','YES'),(1634860,'TRUE','TRUE','FALSE','YES'),(1637320,'TRUE','TRUE','TRUE','YES'),(1641960,'TRUE','FALSE','FALSE','NO'),(1643310,'TRUE','FALSE','FALSE','NO'),(1644320,'TRUE','FALSE','FALSE','NO'),(1644960,'TRUE','FALSE','FALSE','NO'),(1649010,'TRUE','FALSE','FALSE','NO'),(1649080,'TRUE','TRUE','TRUE','YES'),(1649240,'TRUE','FALSE','FALSE','NO'),(1657630,'TRUE','FALSE','FALSE','NO'),(1658280,'TRUE','FALSE','FALSE','NO'),(1659040,'TRUE','FALSE','FALSE','NO'),(1659420,'TRUE','FALSE','FALSE','NO'),(1665190,'TRUE','TRUE','TRUE','YES'),(1669000,'TRUE','FALSE','FALSE','NO'),(1672500,'TRUE','FALSE','FALSE','NO'),(1676840,'TRUE','FALSE','FALSE','NO'),(1677110,'TRUE','FALSE','FALSE','NO'),(1677280,'TRUE','FALSE','FALSE','NO'),(1677740,'TRUE','FALSE','FALSE','NO'),(1680880,'TRUE','FALSE','FALSE','NO'),(1682060,'TRUE','FALSE','FALSE','NO'),(1683150,'TRUE','FALSE','FALSE','NO'),(1687950,'TRUE','FALSE','FALSE','NO'),(1692250,'TRUE','FALSE','FALSE','NO'),(1693980,'TRUE','FALSE','FALSE','NO'),(1696440,'TRUE','FALSE','FALSE','NO'),(1700870,'TRUE','FALSE','FALSE','NO'),(1701520,'TRUE','FALSE','FALSE','NO'),(1702010,'TRUE','FALSE','FALSE','NO'),(1702330,'TRUE','FALSE','FALSE','NO'),(1708520,'TRUE','FALSE','FALSE','NO'),(1708850,'TRUE','FALSE','FALSE','NO'),(1716740,'TRUE','FALSE','FALSE','NO'),(1718570,'TRUE','FALSE','FALSE','NO'),(1721470,'TRUE','FALSE','FALSE','NO'),(1726130,'TRUE','FALSE','FALSE','NO'),(1731070,'TRUE','FALSE','FALSE','NO'),(1735700,'TRUE','FALSE','FALSE','NO'),(1737100,'TRUE','TRUE','TRUE','YES'),(1739010,'TRUE','TRUE','TRUE','YES'),(1741400,'TRUE','FALSE','FALSE','NO'),(1746030,'TRUE','TRUE','FALSE','YES'),(1747760,'TRUE','FALSE','FALSE','NO'),(1754870,'TRUE','TRUE','TRUE','YES'),(1759380,'TRUE','FALSE','FALSE','NO'),(1766740,'TRUE','FALSE','FALSE','NO'),(1767560,'TRUE','FALSE','FALSE','NO'),(1774580,'TRUE','FALSE','FALSE','NO'),(1775490,'TRUE','TRUE','TRUE','YES'),(1776380,'TRUE','FALSE','FALSE','NO'),(1777390,'TRUE','FALSE','FALSE','NO'),(1777620,'TRUE','FALSE','FALSE','NO'),(1778820,'TRUE','FALSE','FALSE','NO'),(1782120,'TRUE','FALSE','FALSE','NO'),(1782570,'TRUE','FALSE','FALSE','NO'),(1785150,'TRUE','FALSE','FALSE','NO'),(1787090,'TRUE','FALSE','FALSE','NO'),(1789480,'TRUE','FALSE','FALSE','NO'),(1793250,'TRUE','FALSE','FALSE','NO'),(1794680,'TRUE','TRUE','FALSE','YES'),(1798010,'TRUE','FALSE','FALSE','NO'),(1798020,'TRUE','FALSE','FALSE','NO'),(1805480,'TRUE','FALSE','FALSE','NO'),(1809540,'TRUE','TRUE','FALSE','YES'),(1809700,'TRUE','FALSE','FALSE','NO'),(1810580,'TRUE','TRUE','FALSE','YES'),(1810820,'TRUE','FALSE','FALSE','NO'),(1811260,'TRUE','FALSE','FALSE','NO'),(1811990,'TRUE','FALSE','FALSE','NO'),(1812300,'TRUE','FALSE','FALSE','NO'),(1816300,'TRUE','FALSE','FALSE','NO'),(1817070,'TRUE','FALSE','FALSE','NO'),(1817190,'TRUE','FALSE','FALSE','NO'),(1817230,'TRUE','FALSE','FALSE','NO'),(1818750,'TRUE','FALSE','FALSE','NO'),(1823950,'TRUE','FALSE','FALSE','NO'),(1824220,'TRUE','FALSE','FALSE','NO'),(1830970,'TRUE','FALSE','FALSE','NO'),(1832640,'TRUE','FALSE','FALSE','NO'),(1839950,'TRUE','FALSE','FALSE','NO'),(1840080,'TRUE','FALSE','FALSE','NO'),(1843760,'TRUE','FALSE','FALSE','NO'),(1846380,'TRUE','FALSE','FALSE','NO'),(1847150,'TRUE','FALSE','FALSE','NO'),(1849250,'TRUE','FALSE','FALSE','NO'),(1850160,'TRUE','TRUE','TRUE','YES'),(1850510,'TRUE','FALSE','FALSE','NO'),(1850570,'TRUE','FALSE','FALSE','NO'),(1850740,'TRUE','FALSE','FALSE','NO'),(1857090,'TRUE','FALSE','FALSE','NO'),(1863670,'TRUE','TRUE','FALSE','YES'),(1866180,'TRUE','FALSE','FALSE','NO'),(1868140,'TRUE','FALSE','FALSE','NO'),(1868180,'TRUE','FALSE','FALSE','NO'),(1874490,'TRUE','FALSE','FALSE','NO'),(1875060,'TRUE','FALSE','FALSE','NO'),(1875830,'TRUE','FALSE','FALSE','NO'),(1876890,'TRUE','FALSE','FALSE','NO'),(1877020,'TRUE','FALSE','FALSE','NO'),(1879330,'TRUE','FALSE','FALSE','NO'),(1881420,'TRUE','FALSE','FALSE','NO'),(1888160,'TRUE','FALSE','FALSE','NO'),(1888930,'TRUE','FALSE','FALSE','NO'),(1893810,'TRUE','FALSE','FALSE','NO'),(1894430,'TRUE','FALSE','FALSE','NO'),(1895880,'TRUE','FALSE','FALSE','NO'),(1904540,'TRUE','TRUE','FALSE','YES'),(1919590,'TRUE','FALSE','FALSE','NO'),(1924490,'TRUE','FALSE','FALSE','NO'),(1928870,'TRUE','FALSE','FALSE','NO'),(1928980,'TRUE','FALSE','FALSE','NO'),(1929870,'TRUE','FALSE','FALSE','NO'),(1937500,'TRUE','FALSE','FALSE','NO'),(1938010,'TRUE','FALSE','FALSE','NO'),(1938090,'TRUE','FALSE','FALSE','NO'),(1940340,'TRUE','FALSE','FALSE','NO'),(1942280,'TRUE','FALSE','FALSE','NO'),(1942660,'TRUE','FALSE','FALSE','NO'),(1943950,'TRUE','FALSE','FALSE','NO'),(1944430,'TRUE','FALSE','FALSE','NO'),(1944790,'TRUE','FALSE','FALSE','NO'),(1948280,'TRUE','TRUE','FALSE','YES'),(1949190,'TRUE','FALSE','FALSE','NO'),(1954200,'TRUE','FALSE','FALSE','NO'),(1956040,'TRUE','TRUE','TRUE','YES'),(1964360,'TRUE','FALSE','FALSE','NO'),(1966720,'TRUE','FALSE','FALSE','NO'),(1966900,'TRUE','FALSE','FALSE','NO'),(1967430,'TRUE','FALSE','FALSE','NO'),(1967630,'TRUE','FALSE','FALSE','NO'),(1970580,'TRUE','TRUE','TRUE','YES'),(1971650,'TRUE','FALSE','FALSE','NO'),(1971870,'TRUE','FALSE','FALSE','NO'),(1985810,'TRUE','FALSE','FALSE','NO'),(1988550,'TRUE','FALSE','FALSE','NO'),(1995520,'TRUE','FALSE','FALSE','NO'),(1996430,'TRUE','FALSE','FALSE','NO'),(1999770,'TRUE','FALSE','FALSE','NO'),(2000950,'TRUE','FALSE','FALSE','NO'),(2005010,'TRUE','FALSE','FALSE','NO'),(2015270,'TRUE','FALSE','FALSE','NO'),(2020710,'TRUE','FALSE','FALSE','NO'),(2050650,'TRUE','FALSE','FALSE','NO'),(2052410,'TRUE','FALSE','FALSE','NO'),(2054970,'TRUE','FALSE','FALSE','NO'),(2056210,'TRUE','TRUE','FALSE','YES'),(2058180,'TRUE','FALSE','FALSE','NO'),(2060130,'TRUE','TRUE','FALSE','YES'),(2066020,'TRUE','TRUE','TRUE','YES'),(2067920,'TRUE','FALSE','FALSE','NO'),(2071280,'TRUE','FALSE','FALSE','NO'),(2072450,'TRUE','FALSE','FALSE','NO'),(2074800,'TRUE','TRUE','FALSE','YES'),(2076010,'TRUE','FALSE','FALSE','NO'),(2080690,'TRUE','FALSE','FALSE','NO'),(2085000,'TRUE','FALSE','FALSE','NO'),(2101080,'TRUE','TRUE','FALSE','YES'),(2103140,'TRUE','FALSE','FALSE','NO'),(2106670,'TRUE','FALSE','FALSE','NO'),(2108330,'TRUE','FALSE','FALSE','NO'),(2109370,'TRUE','FALSE','FALSE','NO'),(2111170,'TRUE','FALSE','FALSE','NO'),(2111190,'TRUE','FALSE','FALSE','NO'),(2113850,'TRUE','FALSE','FALSE','NO'),(2113920,'TRUE','FALSE','FALSE','NO'),(2114740,'TRUE','FALSE','FALSE','NO'),(2116120,'TRUE','FALSE','FALSE','NO'),(2126680,'TRUE','TRUE','TRUE','YES'),(2130460,'TRUE','FALSE','FALSE','NO'),(2134770,'TRUE','FALSE','FALSE','NO'),(2138710,'TRUE','FALSE','FALSE','NO'),(2140020,'TRUE','FALSE','FALSE','NO'),(2140330,'TRUE','FALSE','FALSE','NO'),(2142790,'TRUE','FALSE','FALSE','NO'),(2155180,'TRUE','FALSE','FALSE','NO'),(2157560,'TRUE','FALSE','FALSE','NO'),(2157680,'TRUE','FALSE','FALSE','NO'),(2161440,'TRUE','FALSE','FALSE','NO'),(2166060,'TRUE','FALSE','FALSE','NO'),(2186680,'TRUE','TRUE','FALSE','YES'),(2187220,'TRUE','FALSE','FALSE','NO'),(2190220,'TRUE','FALSE','FALSE','NO'),(2194530,'TRUE','FALSE','FALSE','NO'),(2195120,'TRUE','FALSE','FALSE','NO'),(2195250,'TRUE','FALSE','FALSE','NO'),(2198510,'TRUE','FALSE','FALSE','NO'),(2201710,'TRUE','FALSE','FALSE','NO'),(2201940,'TRUE','FALSE','FALSE','NO'),(2208920,'TRUE','FALSE','FALSE','NO'),(2212330,'TRUE','FALSE','FALSE','NO'),(2215430,'TRUE','FALSE','FALSE','NO'),(2221490,'TRUE','FALSE','FALSE','NO'),(2224640,'TRUE','FALSE','FALSE','NO'),(2230980,'TRUE','FALSE','FALSE','NO'),(2231380,'TRUE','FALSE','FALSE','NO'),(2231450,'TRUE','FALSE','FALSE','NO'),(2239150,'TRUE','TRUE','FALSE','YES'),(2239550,'TRUE','FALSE','FALSE','NO'),(2244130,'TRUE','TRUE','FALSE','YES'),(2252570,'TRUE','TRUE','FALSE','YES'),(2262080,'TRUE','TRUE','FALSE','YES'),(2262770,'TRUE','FALSE','FALSE','NO'),(2273430,'TRUE','TRUE','FALSE','YES'),(2277320,'TRUE','TRUE','FALSE','YES'),(2285150,'TRUE','FALSE','FALSE','NO'),(2287520,'TRUE','FALSE','FALSE','NO'),(2290180,'TRUE','FALSE','FALSE','NO'),(2291060,'TRUE','FALSE','FALSE','NO'),(2291680,'TRUE','FALSE','FALSE','NO'),(2311190,'TRUE','FALSE','FALSE','NO'),(2315690,'TRUE','FALSE','FALSE','NO'),(2319030,'TRUE','FALSE','FALSE','NO'),(2321210,'TRUE','FALSE','FALSE','NO'),(2321470,'TRUE','FALSE','FALSE','NO'),(2322440,'TRUE','FALSE','FALSE','NO'),(2322560,'TRUE','TRUE','TRUE','YES'),(2328310,'TRUE','FALSE','FALSE','NO'),(2331330,'TRUE','FALSE','FALSE','NO'),(2334730,'TRUE','TRUE','FALSE','YES'),(2336220,'TRUE','FALSE','FALSE','NO'),(2338770,'TRUE','FALSE','FALSE','NO'),(2344520,'TRUE','FALSE','FALSE','NO'),(2356560,'TRUE','FALSE','FALSE','NO'),(2358720,'TRUE','FALSE','FALSE','NO'),(2369390,'TRUE','FALSE','FALSE','NO'),(2375550,'TRUE','FALSE','FALSE','NO'),(2379390,'TRUE','FALSE','FALSE','NO'),(2379780,'TRUE','FALSE','FALSE','NO'),(2384620,'TRUE','TRUE','FALSE','YES'),(2399420,'TRUE','FALSE','FALSE','NO'),(2399830,'TRUE','FALSE','FALSE','NO'),(2400510,'TRUE','TRUE','TRUE','YES'),(2418520,'TRUE','TRUE','FALSE','YES'),(2420110,'TRUE','FALSE','FALSE','NO'),(2427700,'TRUE','FALSE','TRUE','YES'),(2429860,'TRUE','FALSE','FALSE','NO'),(2440510,'TRUE','FALSE','FALSE','NO'),(2445690,'TRUE','FALSE','FALSE','NO'),(2446550,'TRUE','FALSE','FALSE','NO'),(2455140,'TRUE','FALSE','FALSE','NO'),(2458860,'TRUE','FALSE','FALSE','NO'),(2461850,'TRUE','FALSE','FALSE','NO'),(2477340,'TRUE','FALSE','FALSE','NO'),(2478970,'TRUE','FALSE','FALSE','NO'),(2479810,'TRUE','FALSE','FALSE','NO'),(2487060,'TRUE','FALSE','FALSE','NO'),(2488620,'TRUE','FALSE','FALSE','NO'),(2490990,'TRUE','FALSE','FALSE','NO'),(2494350,'TRUE','FALSE','FALSE','NO'),(2497920,'TRUE','FALSE','FALSE','NO'),(2511500,'TRUE','TRUE','TRUE','YES'),(2552430,'TRUE','FALSE','FALSE','NO'),(2552450,'TRUE','FALSE','FALSE','NO'),(2567870,'TRUE','FALSE','FALSE','NO'),(2581700,'TRUE','FALSE','FALSE','NO'),(2582560,'TRUE','FALSE','FALSE','NO'),(2638370,'TRUE','FALSE','FALSE','NO'),(2653790,'TRUE','FALSE','FALSE','NO'),(2659900,'TRUE','TRUE','FALSE','YES'),(2670630,'TRUE','FALSE','FALSE','NO'),(2671970,'TRUE','FALSE','FALSE','NO'),(2695490,'TRUE','FALSE','FALSE','NO'),(2695940,'TRUE','FALSE','FALSE','NO'),(2739590,'TRUE','FALSE','FALSE','NO'),(2816950,'TRUE','FALSE','FALSE','NO'),(2835570,'TRUE','FALSE','TRUE','YES'),(2849080,'TRUE','TRUE','FALSE','YES'),(2857880,'TRUE','FALSE','FALSE','NO'),(2862610,'TRUE','FALSE','FALSE','NO'),(2864890,'TRUE','FALSE','FALSE','NO'),(2881650,'TRUE','FALSE','FALSE','NO'),(2923390,'TRUE','FALSE','FALSE','NO'),(2933080,'TRUE','FALSE','FALSE','NO');
/*!40000 ALTER TABLE `platform` ENABLE KEYS */;
UNLOCK TABLES;

--
-- Table structure for table `publisher_and_games`
--

DROP TABLE IF EXISTS `publisher_and_games`;
/*!40101 SET @saved_cs_client     = @@character_set_client */;
/*!50503 SET character_set_client = utf8mb4 */;
CREATE TABLE `publisher_and_games` (
  `GameID` int NOT NULL,
  `Publisher_ID` int NOT NULL,
  PRIMARY KEY (`GameID`,`Publisher_ID`)
) ENGINE=InnoDB DEFAULT CHARSET=utf8mb4 COLLATE=utf8mb4_0900_ai_ci;
/*!40101 SET character_set_client = @saved_cs_client */;

--
-- Dumping data for table `publisher_and_games`
--

LOCK TABLES `publisher_and_games` WRITE;
/*!40000 ALTER TABLE `publisher_and_games` DISABLE KEYS */;
INSERT INTO `publisher_and_games` VALUES (10,510),(220,510),(240,510),(440,510),(500,510),(550,510),(570,510),(620,510),(730,510),(1840,510),(3590,378),(3900,6),(3910,6),(4000,510),(4700,421),(4760,416),(8500,83),(8800,6),(8930,9),(9420,446),(9450,416),(9900,359),(10500,421),(12210,403),(16900,298),(17390,429),(20900,85),(20920,85),(21690,79),(22330,63),(22370,63),(22380,63),(24010,128),(32470,279),(34030,420),(34330,421),(39210,446),(40970,159),(42700,19),(42960,355),(47810,137),(47890,137),(48700,472),(49520,9),(72850,63),(105450,531),(105600,398),(107410,72),(108600,483),(109600,196),(200210,114),(200510,10),(203160,447),(203770,355),(208650,524),(211820,88),(212500,450),(212680,468),(214950,416),(216150,327),(218230,112),(218620,452),(219740,261),(219990,96),(220200,384),(221040,79),(221100,72),(221380,531),(221680,504),(223750,544),(225540,446),(227300,415),(227940,491),(228200,416),(228280,55),(228380,487),(230410,123),(231430,421),(232090,497),(233450,355),(233860,278),(234140,523),(235460,264),(236390,183),(236850,355),(238960,206),(239140,479),(242760,142),(242920,424),(244210,268),(244450,179),(244850,254),(250900,329),(251060,146),(251570,482),(252490,152),(252530,23),(252950,385),(253710,151),(254700,79),(255710,355),(257350,55),(261550,472),(262060,395),(264710,507),(266840,531),(268500,11),(268850,148),(268910,463),(269210,353),(269950,269),(270880,415),(271590,403),(273110,328),(275850,211),(281990,355),(284160,56),(284950,365),(285900,74),(286160,61),(287450,531),(287700,264),(289070,9),(289650,504),(291480,315),(291550,504),(291650,355),(292030,84),(294100,280),(297000,505),(304050,194),(304390,504),(304930,434),(305620,213),(306130,63),(310950,79),(311210,21),(311260,487),(311690,119),(312660,391),(314160,531),(315210,522),(322170,401),(322330,261),(323190,3),(325610,416),(326460,252),(330020,3),(331470,442),(333420,208),(335240,43),(335300,53),(342200,364),(346110,465),(346900,223),(349040,49),(356190,527),(359320,174),(359550,504),(359870,446),(360430,8),(361420,470),(362890,102),(363150,262),(363890,117),(363970,369),(364360,419),(365360,348),(365670,69),(367520,474),(368260,6),(373420,272),(374320,173),(376210,24),(377160,63),(379430,521),(379720,63),(380600,162),(381210,60),(382310,458),(383120,138),(386180,183),(387990,46),(389430,338),(389730,49),(391220,448),(391540,492),(392110,416),(392160,136),(393380,342),(394360,355),(397540,6),(397900,17),(400040,423),(400750,124),(412220,113),(413150,95),(415200,416),(418370,80),(418460,497),(427410,370),(427520,530),(431240,476),(431730,225),(431960,518),(433340,309),(435150,272),(436150,47),(438040,367),(438100,516),(440900,180),(444200,520),(445220,75),(447020,199),(447040,504),(453480,109),(454650,49),(457140,261),(459820,409),(460930,504),(464920,355),(466170,427),(466240,529),(466560,426),(469600,44),(470220,505),(471710,393),(475150,487),(476600,19),(476620,19),(477160,107),(482400,383),(489520,62),(489830,63),(492720,250),(493340,175),(493520,1),(495420,531),(502500,49),(503940,250),(504230,289),(505460,428),(508440,270),(513710,189),(516750,31),(518790,150),(524220,446),(526870,93),(527230,107),(529340,355),(534380,479),(535930,416),(537180,313),(538030,217),(544550,402),(544730,508),(544810,4),(546560,510),(547710,406),(548430,93),(550650,509),(551170,323),(552100,281),(552500,156),(552520,504),(552990,520),(553540,76),(553850,371),(555160,511),(560130,513),(570940,172),(571740,360),(573090,197),(578080,267),(578650,384),(581320,166),(582010,80),(582160,504),(582660,358),(588430,63),(588650,311),(590380,468),(594570,421),(594650,103),(599140,490),(601150,80),(601510,264),(602960,111),(610080,265),(613100,178),(615530,442),(620980,58),(621060,484),(627690,92),(629520,275),(629730,525),(629760,499),(632360,196),(632470,540),(633230,49),(635260,81),(636480,456),(637090,355),(637650,446),(638970,416),(640820,383),(641990,476),(644930,340),(646570,293),(646910,504),(648800,46),(655500,362),(663090,229),(665300,496),(666140,476),(668580,167),(669330,354),(671860,422),(673950,301),(677620,2),(678950,49),(680420,446),(686810,476),(690790,91),(690830,375),(698670,255),(699130,407),(700330,336),(702320,188),(703080,174),(704450,55),(707010,28),(714010,454),(715400,387),(719040,237),(719890,413),(728880,476),(729040,6),(736590,131),(736820,487),(739630,257),(740130,49),(744900,97),(745920,220),(750920,448),(756800,372),(761890,412),(766570,163),(767560,366),(768200,295),(774171,210),(774801,333),(779340,421),(780290,40),(780310,149),(782330,63),(784080,160),(784150,12),(784950,125),(786520,462),(787860,199),(788100,478),(794260,383),(799600,519),(805550,14),(812140,504),(813230,64),(813780,531),(814000,52),(814370,476),(814380,20),(815370,99),(820520,498),(824270,485),(824550,49),(834910,205),(835960,119),(843380,308),(848450,507),(850190,93),(851850,49),(863550,238),(867210,93),(868270,537),(870780,14),(871980,52),(872410,262),(872790,416),(880940,392),(881020,108),(881100,335),(883710,80),(885970,416),(892970,93),(895400,48),(899770,139),(905370,315),(919640,146),(920210,523),(924970,523),(933110,531),(934700,116),(945360,235),(949230,355),(954850,384),(955900,190),(960090,331),(960170,322),(961200,343),(962130,531),(972660,488),(973230,246),(975370,258),(976310,523),(976730,531),(977400,94),(977950,16),(983870,355),(986130,160),(990080,522),(992070,503),(1007040,110),(1009560,177),(1009850,350),(1013140,487),(1013320,216),(1016120,6),(1016950,318),(1017900,531),(1022450,203),(1029690,391),(1029780,484),(1030840,6),(1040200,382),(1041320,226),(1044720,96),(1046930,510),(1049590,249),(1056640,416),(1057090,531),(1060230,285),(1061910,180),(1062090,291),(1062520,244),(1062810,425),(1063730,30),(1065310,166),(1066780,204),(1068820,106),(1069160,388),(1069660,187),(1080110,91),(1084160,487),(1084600,357),(1085660,77),(1086940,272),(1089090,49),(1091500,84),(1092790,119),(1096530,471),(1097150,543),(1100600,416),(1101120,372),(1102190,204),(1109680,298),(1113000,416),(1113120,251),(1118200,464),(1121640,459),(1124300,416),(1127400,37),(1127700,532),(1128810,435),(1128860,179),(1129580,493),(1134570,137),(1142710,418),(1144200,515),(1145350,469),(1145360,469),(1147560,322),(1147690,13),(1149460,402),(1150440,166),(1150690,345),(1151340,63),(1151640,371),(1158160,220),(1158310,355),(1159420,372),(1159690,224),(1161580,166),(1161590,490),(1162520,437),(1164940,476),(1167630,500),(1170950,451),(1171690,123),(1172380,137),(1172470,137),(1172620,531),(1173510,533),(1174180,403),(1176470,217),(1177980,127),(1179580,66),(1180380,306),(1182900,166),(1184140,327),(1184370,297),(1190000,372),(1190970,178),(1194810,60),(1196590,80),(1197260,158),(1201240,260),(1202130,432),(1203220,324),(1203620,253),(1205520,531),(1206560,290),(1206610,165),(1211020,404),(1211600,232),(1213210,137),(1214470,166),(1214650,487),(1216060,321),(1217060,135),(1222140,386),(1222670,137),(1222680,137),(1222690,137),(1225330,6),(1229240,115),(1230170,372),(1235140,416),(1237320,416),(1237950,137),(1237970,137),(1238810,137),(1238840,137),(1238860,137),(1240440,531),(1244090,408),(1244460,174),(1245560,104),(1245620,170),(1248130,199),(1250410,531),(1253920,86),(1254120,509),(1254320,354),(1255630,6),(1258080,247),(1259420,371),(1259970,264),(1260320,441),(1263850,416),(1266540,304),(1266700,487),(1267910,243),(1268590,355),(1268750,342),(1272080,116),(1273400,42),(1274570,457),(1276760,49),(1279610,5),(1282100,196),(1282150,487),(1282410,204),(1283230,477),(1283400,318),(1283970,130),(1284190,299),(1284210,320),(1284410,84),(1286320,80),(1286580,476),(1286680,6),(1286830,137),(1288320,487),(1290000,446),(1293830,531),(1294660,214),(1294810,63),(1295510,446),(1295920,132),(1296610,396),(1300920,296),(1304930,394),(1307550,374),(1310410,487),(1313140,119),(1313860,137),(1316680,319),(1321440,388),(1324130,176),(1324340,443),(1325200,262),(1325860,118),(1326470,326),(1328670,137),(1329500,490),(1329880,493),(1331550,219),(1332010,36),(1335200,233),(1336490,217),(1337520,196),(1337760,379),(1338770,89),(1343240,476),(1343370,243),(1343400,243),(1350650,346),(1351080,126),(1351240,318),(1353230,475),(1353300,352),(1361210,156),(1363080,217),(1364020,430),(1364210,23),(1364390,215),(1364780,80),(1366540,190),(1366800,87),(1371980,384),(1372110,49),(1372880,317),(1377580,277),(1380910,354),(1384160,39),(1397920,369),(1399080,446),(1401590,188),(1404210,403),(1407200,520),(1408610,150),(1411910,325),(1418630,122),(1422130,372),(1426050,194),(1426210,137),(1433140,209),(1435790,363),(1436700,487),(1446780,80),(1448440,263),(1451090,446),(1451190,455),(1451810,6),(1453850,318),(1454400,369),(1455840,494),(1457080,400),(1457320,157),(1458140,255),(1462040,446),(1465360,166),(1465460,193),(1465470,104),(1466060,45),(1466860,531),(1468260,221),(1469610,487),(1473480,322),(1476970,273),(1477070,190),(1483870,22),(1488200,168),(1494420,72),(1496790,522),(1501610,224),(1501750,89),(1506830,137),(1509510,202),(1515210,405),(1517290,137),(1519090,318),(1519350,137),(1526490,539),(1527950,426),(1533420,36),(1536090,168),(1544020,267),(1545560,302),(1546320,411),(1546970,403),(1547000,403),(1548850,514),(1551360,531),(1553000,318),(1556100,227),(1556790,68),(1562430,476),(1566200,339),(1566690,276),(1567020,51),(1569040,416),(1575940,453),(1577120,7),(1580520,341),(1581770,487),(1583230,445),(1583320,431),(1584940,241),(1589120,104),(1592190,460),(1592280,29),(1593030,119),(1593500,371),(1594320,283),(1599340,30),(1599600,538),(1601740,294),(1604030,467),(1608070,446),(1612770,476),(1614550,480),(1621690,160),(1623730,374),(1627720,322),(1634860,440),(1637320,388),(1641960,155),(1643310,250),(1644320,250),(1644960,6),(1649010,14),(1649080,416),(1649240,371),(1657630,309),(1658280,14),(1659040,238),(1659420,371),(1665190,59),(1669000,355),(1672500,52),(1676840,107),(1677110,32),(1677280,416),(1677740,259),(1680880,446),(1682060,190),(1683150,201),(1687950,416),(1692250,137),(1693980,137),(1696440,65),(1700870,217),(1701520,308),(1702010,493),(1702330,536),(1708520,174),(1708850,314),(1716740,63),(1718570,528),(1721470,305),(1726130,35),(1731070,490),(1735700,444),(1737100,332),(1739010,347),(1741400,54),(1746030,344),(1747760,368),(1754870,230),(1759380,400),(1766740,502),(1767560,318),(1774580,137),(1775490,473),(1776380,446),(1777390,100),(1777620,416),(1778820,49),(1782120,307),(1782570,98),(1785150,388),(1787090,316),(1789480,476),(1793250,286),(1794680,376),(1798010,80),(1798020,80),(1805480,416),(1809540,397),(1809700,416),(1810580,486),(1810820,416),(1811260,137),(1811990,88),(1812300,349),(1816300,446),(1817070,371),(1817190,371),(1817230,63),(1818750,522),(1823950,181),(1824220,498),(1830970,218),(1832640,330),(1839950,432),(1840080,196),(1843760,120),(1846380,137),(1847150,361),(1849250,137),(1850160,133),(1850510,446),(1850570,14),(1850740,399),(1857090,217),(1863670,153),(1866180,60),(1868140,303),(1868180,416),(1874490,535),(1875060,161),(1875830,416),(1876890,444),(1877020,52),(1879330,262),(1881420,78),(1888160,171),(1888930,371),(1893810,274),(1894430,182),(1895880,371),(1904540,417),(1919590,6),(1924490,38),(1928870,531),(1928980,234),(1929870,481),(1937500,356),(1938010,137),(1938090,19),(1940340,395),(1942280,71),(1942660,6),(1943950,154),(1944430,169),(1944790,129),(1948280,438),(1949190,26),(1954200,141),(1956040,388),(1964360,286),(1966720,541),(1966900,164),(1967430,80),(1967630,501),(1970580,245),(1971650,446),(1971870,522),(1985810,19),(1988550,439),(1995520,284),(1996430,204),(1999770,262),(2000950,19),(2005010,166),(2015270,261),(2020710,121),(2050650,80),(2052410,34),(2054970,80),(2056210,486),(2058180,416),(2060130,119),(2066020,186),(2067920,239),(2071280,318),(2072450,416),(2074800,437),(2076010,39),(2080690,512),(2085000,446),(2101080,54),(2103140,65),(2106670,224),(2108330,137),(2109370,176),(2111170,287),(2111190,144),(2113850,310),(2113920,90),(2114740,476),(2116120,192),(2126680,57),(2130460,262),(2134770,489),(2138710,433),(2140020,159),(2140330,137),(2142790,337),(2155180,143),(2157560,108),(2157680,134),(2161440,65),(2166060,132),(2186680,351),(2187220,80),(2190220,27),(2194530,73),(2195120,105),(2195250,137),(2198510,111),(2201710,145),(2201940,191),(2208920,504),(2212330,242),(2215430,371),(2221490,504),(2224640,506),(2230980,67),(2231380,504),(2231450,495),(2239150,207),(2239550,504),(2244130,82),(2252570,416),(2262080,381),(2262770,147),(2273430,18),(2277320,25),(2285150,410),(2287520,414),(2290180,505),(2291060,110),(2291680,286),(2311190,147),(2315690,6),(2319030,15),(2321210,534),(2321470,198),(2322440,436),(2322560,236),(2328310,110),(2331330,380),(2334730,390),(2336220,231),(2338770,6),(2344520,70),(2356560,80),(2358720,185),(2369390,504),(2375550,416),(2379390,504),(2379780,370),(2384620,347),(2399420,461),(2399830,466),(2400510,538),(2418520,301),(2420110,371),(2427700,373),(2429860,248),(2440510,531),(2445690,222),(2446550,41),(2455140,212),(2458860,286),(2461850,531),(2477340,166),(2478970,41),(2479810,282),(2487060,195),(2488620,137),(2490990,446),(2494350,318),(2497920,377),(2511500,228),(2552430,446),(2552450,446),(2567870,33),(2581700,300),(2582560,137),(2638370,292),(2653790,266),(2659900,369),(2670630,334),(2671970,526),(2695490,184),(2695940,542),(2739590,140),(2816950,389),(2835570,101),(2849080,240),(2857880,517),(2862610,312),(2864890,288),(2881650,271),(2923390,256),(2933080,14);
/*!40000 ALTER TABLE `publisher_and_games` ENABLE KEYS */;
UNLOCK TABLES;

--
-- Table structure for table `publishers`
--

DROP TABLE IF EXISTS `publishers`;
/*!40101 SET @saved_cs_client     = @@character_set_client */;
/*!50503 SET character_set_client = utf8mb4 */;
CREATE TABLE `publishers` (
  `Publisher_ID` int NOT NULL,
  `Publisher` varchar(255) NOT NULL,
  PRIMARY KEY (`Publisher_ID`)
) ENGINE=InnoDB DEFAULT CHARSET=utf8mb4 COLLATE=utf8mb4_0900_ai_ci;
/*!40101 SET character_set_client = @saved_cs_client */;

--
-- Dumping data for table `publishers`
--

LOCK TABLES `publishers` WRITE;
/*!40000 ALTER TABLE `publishers` DISABLE KEYS */;
INSERT INTO `publishers` VALUES (1,'10 Chambers'),(2,'1047 Games'),(3,'11 bit studios'),(4,'1939 Games'),(5,'1-reality'),(6,'2K'),(7,'2K Games'),(8,'2K,Aspyr (Mac)'),(9,'2K,Aspyr (Mac),Aspyr (Linux)'),(10,'2K,Feral Interactive (Linux)'),(11,'2K,Feral Interactive (Mac),Feral Interactive (Linux)'),(12,'3Division'),(13,'4G'),(14,'505 Games'),(15,'663 Games'),(16,'7th Beat Games,indienova'),(17,'8Floor'),(18,'91Act'),(19,'Activision'),(20,'Activision (Excluding Japan and Asia),FromSoftware (Japan),æ¹åæ¸¸æ (Asia)'),(21,'Activision,Aspyr (Mac)'),(22,'Acureus'),(23,'Aerosoft GmbH'),(24,'Afterthought LLC'),(25,'Alawar'),(26,'Alawar Premium'),(27,'Alliance Arts'),(28,'AlphaSoft LLC'),(29,'Altered Orbit Studios'),(30,'Amazon Games'),(31,'Amistech Games'),(32,'Amplifier Studios,FRAME BREAK'),(33,'Anegar Games'),(34,'Aniplex Inc.'),(35,'AniYa Games Studio'),(36,'Annapurna Interactive'),(37,'AnukenDev'),(38,'Arc Games'),(39,'Arc System Works'),(40,'Asmodee Digital'),(41,'Aspyr'),(42,'astragon Entertainment'),(43,'Atelier 801'),(44,'AutoAttack Games'),(45,'Awaken Realms'),(46,'Axolot Games'),(47,'Azerion,Youda Games Holding B.V.'),(48,'Bad Pixel'),(49,'BANDAI NAMCO Entertainment'),(50,'Bandai Namco Entertainment'),(51,'Bandai Namco Entertainment Europe'),(52,'Bandai Namco Entertainment Inc.'),(53,'Bandai Namco Entertainment,FromSoftware, Inc'),(54,'BD Games'),(55,'Beamdog'),(56,'BeamNG'),(57,'Bear in the Night'),(58,'Beat Games'),(59,'Beautiful Glitch'),(60,'Behaviour Interactive Inc.'),(61,'Berserk Games'),(62,'BetaDwarf'),(63,'Bethesda Softworks'),(64,'Bigmode'),(65,'bilibili'),(66,'BINGOBELL'),(67,'BlackMark Studio,Valkyrie Initiative'),(68,'BlackMill Games'),(69,'Blender Foundation'),(70,'Blizzard Entertainment, Inc.'),(71,'Blobfish'),(72,'Bohemia Interactive'),(73,'Bone Nail'),(74,'Boneloaf'),(75,'Boxelware'),(76,'Brace Yourself Games'),(77,'Bungie'),(78,'Bushiroad Inc.'),(79,'Capcom'),(80,'CAPCOM Co., Ltd.'),(81,'CarX Technologies, LLC'),(82,'Cassel Games'),(83,'CCP'),(84,'CD PROJEKT RED'),(85,'CD PROJEKT RED,1C-SoftClub'),(86,'Cellar Door Games'),(87,'CenterPoint Gaming'),(88,'Chucklefish'),(89,'CI Games'),(90,'Clouded Leopard Entertainment'),(91,'Codemasters,Electronic Arts'),(92,'Codename Entertainment Inc.'),(93,'Coffee Stain Publishing'),(94,'Computer Lunch'),(95,'ConcernedApe'),(96,'Crate Entertainment'),(97,'Creaky Corpse Ltd'),(98,'CreativeForge Games,PlayWay S.A.'),(99,'Creepy Jar'),(100,'Critical Bliss,Mango Party'),(101,'CRITICAL REFLEX'),(102,'Crowbar Collective'),(103,'Crytek'),(104,'Crytivo'),(105,'CULT Games,Prideful Sloth'),(106,'Curtis English'),(107,'Curve Games'),(108,'Cygames, Inc.'),(109,'Cygames, Inc.,Cygames Korea Inc.'),(110,'D3PUBLISHER'),(111,'Daedalic Entertainment'),(112,'Daybreak Game Company'),(113,'DDNet Team'),(114,'Deca Games'),(115,'Deck13'),(116,'Deep Silver'),(117,'Degica'),(118,'DenchiSoft'),(119,'Devolver Digital'),(120,'Die of Death Games'),(121,'Different Tales,IndieArk'),(122,'Digital Confectioners'),(123,'Digital Extremes'),(124,'Digitalmindsoft'),(125,'Dorado Games'),(126,'Dotemu'),(127,'Double Dagger Studio'),(128,'Dovetail Games - Trains'),(129,'Dovetail Games - TSW'),(130,'Dragonrise Games'),(131,'Drakeling Labs'),(132,'DreadXP'),(133,'Dry Cactus'),(134,'DSGame'),(135,'Duoyi Games'),(136,'Egosoft'),(137,'Electronic Arts'),(138,'Eleon Game Studios'),(139,'Eleventh Hour Games'),(140,'EmadePlus'),(141,'Ember Lab'),(142,'Endnight Games Ltd'),(143,'Envision Entertainment'),(144,'Epopeia Games,HAMMER95'),(145,'ETime Studio,Merlion Games'),(146,'Eugen Systems'),(147,'Euphoric Brothers'),(148,'EVGA'),(149,'EXOR Studios,Surefire.Games'),(150,'Expansive Worlds'),(151,'Expansive Worlds,Avalanche Studios'),(152,'Facepunch Studios'),(153,'Faerin Games'),(154,'Fancy Games'),(155,'Far From Home'),(156,'Fatshark'),(157,'Fire Hose Games'),(158,'Fire Sword Studios'),(159,'FireFly Studios'),(160,'Fireshine Games'),(161,'Firesquid'),(162,'Fishing Planet LLC'),(163,'FishSoft, LLC'),(164,'flanne,Erabit'),(165,'Flashbulb'),(166,'Focus Entertainment'),(167,'Focus Entertainment,4Divinity'),(168,'Freedom Games'),(169,'Frictional Games'),(170,'FromSoftware Inc.,Bandai Namco Entertainment'),(171,'FromSoftware Inc.,Bandai Namco Entertainment Inc.'),(172,'FromSoftware, Inc,Bandai Namco Entertainment'),(173,'FromSoftware, Inc.,Bandai Namco Entertainment'),(174,'Frontier Developments'),(175,'Frontier Developments,Aspyr (Mac)'),(176,'Frontier Foundry'),(177,'Frozen District'),(178,'Frozen District,PlayWay S.A.'),(179,'Fulqrum Publishing'),(180,'Funcom'),(181,'Future Friends Games,Quite OK Games'),(182,'Gaddy Games'),(183,'Gaijin Distribution KFT'),(184,'Gaijin Network Ltd'),(185,'Game Science'),(186,'Game Smithing Limited'),(187,'Game-Labs'),(188,'Gameloft'),(189,'Gamepires'),(190,'Gamera Games'),(191,'Games Incubator,PlayWay S.A.'),(192,'Games Of Tomorrow GmbH'),(193,'Games Operators'),(194,'gamigo US Inc.'),(195,'G-DEVS.com,CreativeForge Games'),(196,'Gearbox Publishing'),(197,'Geometa'),(198,'Ghost Ship Publishing'),(199,'Giants Software'),(200,'GIANTS Software'),(201,'Giraffe Lab LLC'),(202,'Gleamer Studio'),(203,'Glyph Worlds'),(204,'Good Shepherd Entertainment'),(205,'Grapeshot Games'),(206,'Grinding Gear Games'),(207,'GrizzlyGames'),(208,'GSC Game World'),(209,'Gun Interactive'),(210,'hasuhasu'),(211,'Hello Games'),(212,'Hide Games,PlayMeow,Ramen Cat Studio'),(213,'Hinterland Studio Inc.'),(214,'Hi-Rez Studios'),(215,'Holotech Studios Inc.'),(216,'Holyday Studios'),(217,'Hooded Horse'),(218,'Hotloop,Surefire.Games'),(219,'Hovgaard Games'),(220,'Humble Games'),(221,'Humble North'),(222,'Hunter Studio'),(223,'Hyper Hippo Games'),(224,'HypeTrain Digital'),(225,'Igara Studio'),(226,'IGG SINGAPORE PTE. LTD.'),(227,'IllFonic Publishing'),(228,'Illwinter Game Design'),(229,'IMCGAMES Co.,Ltd.'),(230,'Inceton games'),(231,'IndieArk'),(232,'INDIECN'),(233,'Infini-Brain inc.'),(234,'Inflexion Games'),(235,'Innersloth'),(236,'intiny'),(237,'inXile Entertainment'),(238,'IO Interactive A/S'),(239,'iolaCorp Studio'),(240,'Ironhide Game Studio'),(241,'Ishtar Games'),(242,'Ivy Sly'),(243,'Jagex Ltd'),(244,'James Bendon'),(245,'Jaspel,IndieArk'),(246,'Jordy Lakiere'),(247,'Kabam Games, Inc.'),(248,'Kagura Games'),(249,'Kakao Games Europe B.V. (EU,NA,OCE),Nimble Neuron (Excluding EU,NA,OCE)'),(250,'Kalypso Media'),(251,'Kasedo Games'),(252,'kChamp Games'),(253,'Keen Games GmbH'),(254,'Keen Software House'),(255,'Kepler Interactive'),(256,'Kiki Games'),(257,'Kinetic Games'),(258,'Kitfox Games'),(259,'Kitka Games'),(260,'KLab Inc.'),(261,'Klei Entertainment'),(262,'KOEI TECMO GAMES CO., LTD.'),(263,'KOEI TECMO GAMES CO., LTD.,CE-Asia(Asia)'),(264,'Konami Digital Entertainment'),(265,'Kongregate'),(266,'KOTAKE CREATE'),(267,'KRAFTON, Inc.'),(268,'Kunos Simulazioni'),(269,'Laminar Research'),(270,'Landfall'),(271,'Landfall Publishing'),(272,'Larian Studios'),(273,'Lavaflame2'),(274,'League of Geeks'),(275,'Leppsoft'),(276,'Lightning Games'),(277,'Lion Games Co., Ltd.'),(278,'Lo-Fi Games'),(279,'LucasArts,Lucasfilm,Disney'),(280,'Ludeon Studios'),(281,'Lukas Rustemeyer'),(282,'MADFINGER Games, a.s.'),(283,'MaFi Games'),(284,'Mainframe Industries,New Tales'),(285,'Majic Jungle'),(286,'Mango Party'),(287,'Marvelous,Marvelous Europe,XSEED Games'),(288,'Maticolotto'),(289,'Matt Makes Games Inc.'),(290,'Maxim Karpenko'),(291,'Mechanistry'),(292,'Mega Cat Studios'),(293,'Mega Crit Games'),(294,'Melancholia Studio'),(295,'Merge Games'),(296,'Meta Interaction'),(297,'META Publishing,Owlcat Games'),(298,'MicroProse Software'),(299,'Miju Games'),(300,'Milestone S.r.l.'),(301,'Milkstone Studios'),(302,'Mimimi Games'),(303,'MINTROCKET'),(304,'Misc Games'),(305,'MOB Games'),(306,'Mobile Technologies LLC'),(307,'Modern Wolf'),(308,'Modus Games'),(309,'Monomi Park'),(310,'Mooncube Games'),(311,'Motion Twin'),(312,'Mountain&Sea Studio'),(313,'MOVE ON USA CO.'),(314,'Movie Games S.A.'),(315,'MY.GAMES'),(316,'MyDockFinder'),(317,'Mytona Fntastic'),(318,'Nacon'),(319,'Narko Games'),(320,'NCSOFT'),(321,'NEOPLE Inc.,NEXON Korea Corporation.'),(322,'NEOWIZ'),(323,'NetEase Games'),(324,'NetEase Games Global'),(325,'New Blood Interactive'),(326,'Newnight'),(327,'Nexon America Inc.'),(328,'Nexon Korea Corporation'),(329,'Nicalis, Inc.'),(330,'NIJICO'),(331,'Ninja Kiwi'),(332,'NLT Media'),(333,'Noisestorm Limited'),(334,'Nokta Games'),(335,'Nolla Games'),(336,'Northwood Studios'),(337,'NPC Studio'),(338,'NTTGame'),(339,'Null Games'),(340,'Numantian Games'),(341,'Ocean Drive Studio, Inc.'),(342,'Offworld Industries'),(343,'Omeda Studios'),(344,'OMEGAMES STUDIO'),(345,'OMOCAT, LLC'),(346,'Oppai-Man'),(347,'Out of the Park Developments'),(348,'Overhype Studios'),(349,'Overseer Games'),(350,'OVRAS Team'),(351,'Owlcat Games'),(352,'Pablo Leban'),(353,'Panic Art Studios'),(354,'Paradox Arc'),(355,'Paradox Interactive'),(356,'Pathea Games,PM Studios, inc.'),(357,'Pathea Games,PM Studios, Inc.,DMM GAMES'),(358,'Pearl Abyss'),(359,'Perfect World Entertainment'),(360,'Perfuse Entertainment'),(361,'Phoenixx Inc.'),(362,'PiBoSo'),(363,'Pine Studio'),(364,'Piranha Games Inc.'),(365,'Pixel Puzzles'),(366,'Pixonic'),(367,'Playa Games GmbH'),(368,'PLAYISM'),(369,'Playsaurus'),(370,'Playstack'),(371,'PlayStation PC LLC'),(372,'PlayWay S.A.'),(373,'PlayWithFurcifer,IndieArk'),(374,'Pocketpair'),(375,'Polymorph Games'),(376,'poncle'),(377,'Pontypants'),(378,'PopCap Games, Inc.,Electronic Arts'),(379,'PQube'),(380,'PQube,Gamera Games'),(381,'Preferred Networks'),(382,'President Studio,PlayWay S.A.'),(383,'Prime Matter'),(384,'Private Division'),(385,'Psyonix LLC'),(386,'Quantic Dream'),(387,'Ravenage Games,2P Games'),(388,'Raw Fury'),(389,'RAYKA STUDIO,NPC Entertainment'),(390,'Realm Archive'),(391,'Rebellion'),(392,'Rebuilt Games'),(393,'Rec Room'),(394,'Red Barrels'),(395,'Red Hook Studios'),(396,'Red Nexus Games Inc.,IndieArk'),(397,'RedCandleGames'),(398,'Re-Logic'),(399,'Renderise'),(400,'Riot Forge'),(401,'RobTop Games'),(402,'RocketWerkz'),(403,'Rockstar Games'),(404,'RubberBandGames'),(405,'Rusty Lake'),(406,'SA Industry'),(407,'Saber Interactive Inc'),(408,'Sabotage Studio'),(409,'Sad Panda Studios'),(410,'Samar Studio'),(411,'Samurai Games'),(412,'Sandbox Interactive GmbH'),(413,'Sastrei Studios, LLC'),(414,'ScottGames'),(415,'SCS Software'),(416,'SEGA'),(417,'SEGA Europe'),(418,'SEGA,Feral Interactive'),(419,'SEGA,Feral Interactive (Linux),Feral Interactive (Mac)'),(420,'SEGA,Feral Interactive (Mac)'),(421,'SEGA,Feral Interactive (Mac),Feral Interactive (Linux)'),(422,'SgtOkiDoki'),(423,'ShareX Team'),(424,'Shining Rock Software LLC'),(425,'Shiny Shoe'),(426,'Shiro Unlimited'),(427,'Shugasu GmbH'),(428,'Siege Camp'),(429,'Single-player,Steam Trading Cards'),(430,'Skystone Games,Huya Games'),(431,'Skywall Studios LLC'),(432,'Slitherine Ltd.'),(433,'Sloclap,Kepler Interactive'),(434,'Smartly Dressed Games'),(435,'SMG Studio'),(436,'SNK CORPORATION'),(437,'SOFTSTAR ENTERTAINMENT'),(438,'Sokpop Collective'),(439,'SomethingExtra'),(440,'SoulGame Studio,IndieArk'),(441,'Source Technology'),(442,'Soviet Games'),(443,'Spike Chunsoft Co., Ltd.'),(444,'Spiral Up Games'),(445,'Squanch Games, Inc.'),(446,'Square Enix'),(447,'Square Enix,Feral Interactive (Mac)'),(448,'Square Enix,Feral Interactive (Mac),Feral interactive (Linux)'),(449,'Square Enix,Feral Interactive (Mac),Feral Interactive (Linux)'),(450,'Standing Stone Games, LLC'),(451,'Star Vault AB'),(452,'Starbreeze Publishing AB'),(453,'Stardock Entertainment'),(454,'Statespace'),(455,'Steel City Interactive'),(456,'SteelRaven7'),(457,'Straight Back Games'),(458,'Strange Loop Games'),(459,'Stray Fawn Studio,WhisperGames'),(460,'Stress Level Zero'),(461,'Studio 397'),(462,'Studio GPBeta'),(463,'Studio MDHR Entertainment Inc.'),(464,'Studio Minus'),(465,'Studio Wildcard'),(466,'Studio Wildcard,Snail Games USA'),(467,'Stunlock Studios'),(468,'Subset Games'),(469,'Supergiant Games'),(470,'System Era Softworks'),(471,'Tactical Adventures'),(472,'TaleWorlds Entertainment'),(473,'Tann'),(474,'Team Cherry'),(475,'Team Reptile'),(476,'Team17'),(477,'Team17 Digital Ltd'),(478,'Team17,Yooreka Studio (China)'),(479,'Techland'),(480,'Terad Games'),(481,'The Fox Knocks'),(482,'The Fun Pimps Entertainment LLC'),(483,'The Indie Stone'),(484,'The Irregular Corporation'),(485,'The Meta'),(486,'Thermite Games'),(487,'THQ Nordic'),(488,'Thunder Lotus Games'),(489,'Thunderful Publishing'),(490,'tinyBuild'),(491,'TLM Partners'),(492,'tobyfox'),(493,'Toplitz Productions'),(494,'Toukana Interactive'),(495,'Tour De Pizza'),(496,'Travis Miller'),(497,'Tripwire Interactive'),(498,'Tripwire Presents'),(499,'Triternion'),(500,'Tuxedo Labs'),(501,'Twin Sails Interactive,CE-Asia'),(502,'Two Star Games'),(503,'TwoWizards'),(504,'Ubisoft'),(505,'Ubisoft Entertainment'),(506,'Unexpected'),(507,'Unknown Worlds Entertainment'),(508,'USM'),(509,'VALOFE'),(510,'Valve'),(511,'Vankrupt Games'),(512,'Vector3 Studio'),(513,'Versus Evil,Obsidian Entertainment'),(514,'Victura'),(515,'VOID Interactive'),(516,'VRChat Inc.'),(517,'WAKUWAKU'),(518,'Wallpaper Engine Team'),(519,'Walternate Realities'),(520,'Wargaming Group Limited'),(521,'Warhorse Studios,Prime Matter'),(522,'Warner Bros. Games'),(523,'Warner Bros. Games,Warner Bros. Interactive Entertainment'),(524,'Warner Bros. Interactive Entertainment'),(525,'WarpFrog'),(526,'Watashi Games'),(527,'WB Games'),(528,'WhisperGames'),(529,'World Makers'),(530,'Wube Software LTD.'),(531,'Xbox Game Studios'),(532,'XD'),(533,'Xiexe'),(534,'Xinyuan Studio'),(535,'XSEED Games,Marvelous USA, Inc.'),(536,'XSEED Games,Marvelous USA, Inc.,Marvelous'),(537,'YAGER'),(538,'Yogscast Games'),(539,'Yooreka Studio'),(540,'ZA/UM'),(541,'Zeekerss'),(542,'ZTEK Studio'),(543,'Epic Games'),(544,'Eagle Dynamics SA');
/*!40000 ALTER TABLE `publishers` ENABLE KEYS */;
UNLOCK TABLES;
/*!40103 SET TIME_ZONE=@OLD_TIME_ZONE */;

/*!40101 SET SQL_MODE=@OLD_SQL_MODE */;
/*!40014 SET FOREIGN_KEY_CHECKS=@OLD_FOREIGN_KEY_CHECKS */;
/*!40014 SET UNIQUE_CHECKS=@OLD_UNIQUE_CHECKS */;
/*!40101 SET CHARACTER_SET_CLIENT=@OLD_CHARACTER_SET_CLIENT */;
/*!40101 SET CHARACTER_SET_RESULTS=@OLD_CHARACTER_SET_RESULTS */;
/*!40101 SET COLLATION_CONNECTION=@OLD_COLLATION_CONNECTION */;
/*!40111 SET SQL_NOTES=@OLD_SQL_NOTES */;

